"scenario_id","scenario_name","sample_size","effect_modification","population_imbalance","covariate_correlation_index","covariate_correlation_comparator","covariate_type","quantity","model","population","n_valid","n_total","convergence_pct","bias","abs_bias","rel_bias_pct","emp_se","rmse","coverage","ci_width","mcse_bias","mcse_emp_se","mcse_coverage","mcse_rel_bias_pct"
1,"n150_emnone_imblow_corI0.5_corC0.5_bin",150,"none","low",0.5,0.5,"binary","log_rr","spfa","comparator",500,500,100,-0.00423737388499696,0.00423737388499696,-1.28683558394142,0.13325646619282,0.133190564786231,96.6,0.551420599905856,0.00595941033697098,0.00421815973206905,0.810481338464989,1.80979575771565
1,"n150_emnone_imblow_corI0.5_corC0.5_bin",150,"none","low",0.5,0.5,"binary","log_rr","spfa","index",500,500,100,-0.00513646104244188,0.00513646104244188,-1.35491441408922,0.153748094018963,0.153680131095973,96.6,0.627307101974346,0.0068758237927486,0.00486681087681504,0.810481338464989,1.81372985963576
1,"n150_emnone_imblow_corI0.5_corC0.5_bin",150,"none","low",0.5,0.5,"binary","lor","spfa","comparator",500,500,100,-0.00388599448942373,0.00388599448942373,-0.698027342590958,0.226709501579917,0.226516014143753,96.8,0.914226600346528,0.0101387571335558,0.007176363877593,0.787095928079926,1.82118881495392
1,"n150_emnone_imblow_corI0.5_corC0.5_bin",150,"none","low",0.5,0.5,"binary","lor","spfa","index",500,500,100,-0.00955249169238022,0.00955249169238022,-1.77339235045627,0.216737722837957,0.216731493137279,96.2,0.874045327036122,0.00969280563108363,0.0068607127369904,0.85505555375075,1.79944122582535
1,"n150_emnone_imblow_corI0.5_corC0.5_bin",150,"none","low",0.5,0.5,"binary","p_A","spfa","comparator",500,500,100,0.00242930805868543,0.00242930805868543,0.509835039335781,0.0408178109879893,0.0408492722592155,94.4,0.1510994267185,0.00182542800123764,0.00129206523015255,1.02824121683582,0.383099686961579
1,"n150_emnone_imblow_corI0.5_corC0.5_bin",150,"none","low",0.5,0.5,"binary","p_A","spfa","index",500,500,100,-0.00222576990134901,0.00222576990134901,-0.628537113348458,0.0323153734304304,0.0323596793074657,95.4,0.124334486443,0.00144518743417466,0.00102292527203726,0.936845771725528,0.408107746255829
1,"n150_emnone_imblow_corI0.5_corC0.5_bin",150,"none","low",0.5,0.5,"binary","p_B","spfa","comparator",500,500,100,0.00458777941212841,0.00458777941212841,1.33831042368966,0.033761422355287,0.0340382386751653,96.8,0.1510239384635,0.00150985670807006,0.00106869915093186,0.787095928079926,0.440443358140985
1,"n150_emnone_imblow_corI0.5_corC0.5_bin",150,"none","low",0.5,0.5,"binary","p_B","spfa","index",500,500,100,0.00138637184468647,0.00138637184468647,0.57196677830398,0.0285534498630952,0.0285585526064936,96,0.1233461051535,0.00127694909772026,0.00090384366226462,0.876356092008266,0.526822918599017
1,"n150_emnone_imblow_corI0.5_corC0.5_bin",150,"none","low",0.5,0.5,"binary","rd","spfa","comparator",500,500,100,-0.00215847135129028,0.00215847135129028,-1.61459256424138,0.0535647934126553,0.0535547170446087,96,0.213693508552825,0.0023954903854286,0.00169556390834288,0.876356092008266,1.7918889503503
1,"n150_emnone_imblow_corI0.5_corC0.5_bin",150,"none","low",0.5,0.5,"binary","rd","spfa","index",500,500,100,-0.00361214175122179,0.00361214175122179,-3.23285333340565,0.0441041506431114,0.0442078422881425,95.8,0.175400032062325,0.00197239757855776,0.00139609249423352,0.897061870775924,1.76528844264899
1,"n150_emnone_imblow_corI0.5_corC0.5_bin",150,"none","low",0.5,0.5,"binary","log_rr","relaxed","comparator",500,500,100,-0.00734361625926334,0.00734361625926334,-2.23016117380862,0.134025358863171,0.134092505101994,94.6,0.508848657095932,0.00599379626253709,0.00424249860426804,1.01078187557949,1.82023831808586
1,"n150_emnone_imblow_corI0.5_corC0.5_bin",150,"none","low",0.5,0.5,"binary","log_rr","relaxed","index",500,500,100,-0.00395452405294078,0.00395452405294078,-1.04313876731844,0.151240205301268,0.151140632394654,94.6,0.58801914827029,0.0067636675996932,0.00478742504659062,1.01078187557949,1.78414489026785
1,"n150_emnone_imblow_corI0.5_corC0.5_bin",150,"none","low",0.5,0.5,"binary","lor","relaxed","comparator",500,500,100,-0.00968955965991263,0.00968955965991263,-1.74050107345581,0.227077922510495,0.227057573518925,93.8,0.851485035929064,0.0101552334184579,0.00718802603837375,1.07848041243223,1.82414839129849
1,"n150_emnone_imblow_corI0.5_corC0.5_bin",150,"none","low",0.5,0.5,"binary","lor","relaxed","index",500,500,100,-0.0073986605088554,0.0073986605088554,-1.37353984411137,0.21238604233052,0.212302509387414,94.6,0.826394242418968,0.00949819256246381,0.00672296269747831,1.01078187557949,1.76331187462534
1,"n150_emnone_imblow_corI0.5_corC0.5_bin",150,"none","low",0.5,0.5,"binary","p_A","relaxed","comparator",500,500,100,-0.000283163407427901,0.000283163407427901,-0.0594270563785883,0.0406101339969423,0.0405704917248782,94,0.150391070574,0.00181614040385076,0.00128549132986883,1.06207344378814,0.381150513590114
1,"n150_emnone_imblow_corI0.5_corC0.5_bin",150,"none","low",0.5,0.5,"binary","p_A","relaxed","index",500,500,100,-0.00220370404588235,0.00220370404588235,-0.622305917082314,0.032310630637209,0.0323534420115023,95.2,0.124784909305,0.00144497533001373,0.00102277514154112,0.955991631762538,0.408047849975914
1,"n150_emnone_imblow_corI0.5_corC0.5_bin",150,"none","low",0.5,0.5,"binary","p_B","relaxed","comparator",500,500,100,0.00318482242446841,0.00318482242446841,0.929050999487622,0.0337442458959576,0.033860594748174,93,0.131333744243,0.00150908855345659,0.00106815543961223,1.14105214604767,0.440219278202988
1,"n150_emnone_imblow_corI0.5_corC0.5_bin",150,"none","low",0.5,0.5,"binary","p_B","relaxed","index",500,500,100,0.000798964617197132,0.000798964617197132,0.329623845022951,0.0287460463275291,0.0287283980333929,94,0.1119484617745,0.00128556227345427,0.000909940196819564,1.06207344378814,0.530376402748618
1,"n150_emnone_imblow_corI0.5_corC0.5_bin",150,"none","low",0.5,0.5,"binary","rd","relaxed","comparator",500,500,100,-0.00346798582999288,0.00346798582999288,-2.59414336477239,0.0536079312347779,0.05366646621874,94.2,0.200015440079757,0.00239741956748195,0.00169692941224228,1.04533248299285,1.79333202857163
1,"n150_emnone_imblow_corI0.5_corC0.5_bin",150,"none","low",0.5,0.5,"binary","rd","relaxed","index",500,500,100,-0.00300266866888039,0.00300266866888039,-2.68737720827796,0.0430172394644783,0.0430789733454392,94.4,0.167952170233618,0.0019237894329392,0.00136168692205354,1.02824121683582,1.72178433444491
1,"n150_emnone_imblow_corI0.5_corC0.5_bin",150,"none","low",0.5,0.5,"binary","log_rr","naive","comparator",500,500,100,-0.311747618126402,0.311747618126402,-94.6737151598607,0.136618599575616,0.340314398569892,48.8,0.621688194739949,0.00610976951283801,0.00432458620467737,2.23542389716134,1.85545789259661
1,"n150_emnone_imblow_corI0.5_corC0.5_bin",150,"none","low",0.5,0.5,"binary","log_rr","naive","index",500,500,100,-0.36155983191787,0.36155983191787,-95.3735702020056,0.136618599575616,0.3864619315314,36.2,0.621688194739949,0.00610976951283801,0.00432458620467737,2.14921380974532,1.6116572697243
1,"n150_emnone_imblow_corI0.5_corC0.5_bin",150,"none","low",0.5,0.5,"binary","lor","naive","comparator",500,500,100,-0.530152508701606,0.530152508701606,-95.2294059664994,0.209493605656242,0.569966207903449,40.4,0.95273452977571,0.00936883886197784,0.00663140421438493,2.19446576642243,1.68289113939508
1,"n150_emnone_imblow_corI0.5_corC0.5_bin",150,"none","low",0.5,0.5,"binary","lor","naive","index",500,500,100,-0.512097998624877,0.512097998624877,-95.069506751807,0.209493605656242,0.553212577464428,42.2,0.95273452977571,0.00936883886197784,0.00663140421438493,2.20869192057199,1.7392977356622
1,"n150_emnone_imblow_corI0.5_corC0.5_bin",150,"none","low",0.5,0.5,"binary","p_A","naive","comparator",500,500,100,-0.124502368267135,0.124502368267135,-26.1291150769989,0.0322849123347464,0.128612093667192,8.2,0.152474650226125,0.00144382517256229,0.00102196104290167,1.22699633251286,0.303013304967842
1,"n150_emnone_imblow_corI0.5_corC0.5_bin",150,"none","low",0.5,0.5,"binary","p_A","naive","index",500,500,100,-0.00213242257716235,0.00213242257716235,-0.602176680651651,0.0322849123347464,0.032323028313896,98.2,0.152474650226125,0.00144382517256229,0.00102196104290167,0.5945754788082,0.407723056005077
1,"n150_emnone_imblow_corI0.5_corC0.5_bin",150,"none","low",0.5,0.5,"binary","p_B","naive","comparator",500,500,100,0.00324950165726175,0.00324950165726175,0.947918709477064,0.0337459670434039,0.0338684509851227,97.6,0.151833036769091,0.00150916552551037,0.00106820992158266,0.684455988358638,0.440241731876685
1,"n150_emnone_imblow_corI0.5_corC0.5_bin",150,"none","low",0.5,0.5,"binary","p_B","naive","index",500,500,100,0.103666555416371,0.103666555416371,42.7690636870818,0.0337459670434039,0.109010400526769,19.6,0.151833036769091,0.00150916552551037,0.00106820992158266,1.7752971582245,0.622627000729961
1,"n150_emnone_imblow_corI0.5_corC0.5_bin",150,"none","low",0.5,0.5,"binary","rd","naive","comparator",500,500,100,-0.127751869924396,0.127751869924396,-95.5617127484973,0.0473393167537335,0.136224333942467,33.4,0.215205973510318,0.00211707860539486,0.00149849988806786,2.10923682880799,1.58362971653143
1,"n150_emnone_imblow_corI0.5_corC0.5_bin",150,"none","low",0.5,0.5,"binary","rd","naive","index",500,500,100,-0.105798977993533,0.105798977993533,-94.6896888976227,0.0473393167537335,0.115887672482301,51,0.215205973510318,0.00211707860539486,0.00149849988806786,2.23562071917398,1.8947774195787
1,"n150_emnone_imblow_corI0.5_corC0.5_bin",150,"none","low",0.5,0.5,"binary","log_rr","stc","comparator",500,500,100,-0.00427542377707657,0.00427542377707657,-1.29839084350124,0.132724242058127,0.132660364199402,97,0.549883772884098,0.00593560855008217,0.00420131247146294,0.762889244910426,1.80256746321976
1,"n150_emnone_imblow_corI0.5_corC0.5_bin",150,"none","low",0.5,0.5,"binary","log_rr","stc","index",500,500,100,-0.0540876375685443,0.0540876375685443,-14.2674341652974,0.132724242058127,0.143199041612682,94.6,0.549883772884098,0.00593560855008217,0.00420131247146294,1.01078187557949,1.5657164562226
1,"n150_emnone_imblow_corI0.5_corC0.5_bin",150,"none","low",0.5,0.5,"binary","lor","stc","comparator",500,500,100,-0.00376778460743424,0.00376778460743424,-0.676793722724105,0.226085428170907,0.225890654499933,96.6,0.91698882609804,0.0101108477222459,0.00715660917901102,0.810481338464989,1.8161755468541
1,"n150_emnone_imblow_corI0.5_corC0.5_bin",150,"none","low",0.5,0.5,"binary","lor","stc","index",500,500,100,0.0142867254692948,0.0142867254692948,2.65228910699039,0.226085428170907,0.226310631907109,96,0.91698882609804,0.0101108477222459,0.00715660917901102,0.876356092008266,1.87704952641433
1,"n150_emnone_imblow_corI0.5_corC0.5_bin",150,"none","low",0.5,0.5,"binary","p_A","stc","comparator",500,500,100,0.00195417141219035,0.00195417141219035,0.410118862958062,0.0408337016611698,0.0408396277514737,94.4,0.153566761119125,0.00182613865374644,0.00129256824062281,1.02824121683582,0.383248830479413
1,"n150_emnone_imblow_corI0.5_corC0.5_bin",150,"none","low",0.5,0.5,"binary","p_A","stc","index",500,500,100,-0.00213242242222989,0.00213242242222989,-0.60217663690014,0.0322849122382789,0.0323230282075138,95.8,0.126113611805634,0.00144382516824813,0.00102196103984805,0.897061870775924,0.407723054786799
1,"n150_emnone_imblow_corI0.5_corC0.5_bin",150,"none","low",0.5,0.5,"binary","p_B","stc","comparator",500,500,100,0.00324950165726175,0.00324950165726175,0.947918709477064,0.0337459670434039,0.0338684509851227,97.6,0.151833036769091,0.00150916552551037,0.00106820992158266,0.684455988358638,0.440241731876685
1,"n150_emnone_imblow_corI0.5_corC0.5_bin",150,"none","low",0.5,0.5,"binary","p_B","stc","index",500,500,100,0.0122551769848108,0.0122551769848108,5.05604187246931,0.0268102449113204,0.0294540492406325,99.8,0.167165217366004,0.0011989906023026,0.000848663473697412,0.199799899899875,0.494660068757281
1,"n150_emnone_imblow_corI0.5_corC0.5_bin",150,"none","low",0.5,0.5,"binary","rd","stc","comparator",500,500,100,-0.00129533024507139,0.00129533024507139,-0.96894062581791,0.0537648109961578,0.0537266365231759,95.8,0.216061287706936,0.00240443544369674,0.00170189535431726,0.897061870775924,1.79858008598099
1,"n150_emnone_imblow_corI0.5_corC0.5_bin",150,"none","low",0.5,0.5,"binary","rd","stc","index",500,500,100,0.0206575616857914,0.0206575616857914,18.4884403092306,0.0537648109961578,0.0575465763225923,94,0.216061287706936,0.00240443544369674,0.00170189535431726,1.06207344378814,2.15196071319307
1,"n150_emnone_imblow_corI0.5_corC0.5_bin",150,"none","low",0.5,0.5,"binary","log_rr","maic","comparator",500,500,100,-0.00900857552879404,0.00900857552879404,-2.73578774630229,0.132836329833993,0.133008849238597,98,0.585023865765634,0.00594062126780784,0.00420486054801129,0.626099033699941,1.80408976068907
1,"n150_emnone_imblow_corI0.5_corC0.5_bin",150,"none","low",0.5,0.5,"binary","log_rr","maic","index",500,500,100,-0.0588207893202618,0.0588207893202618,-15.5159621847808,0.132836329833993,0.145155381570841,95.6,0.585023865765634,0.00594062126780784,0.00420486054801129,0.917213170424412,1.5670387291736
1,"n150_emnone_imblow_corI0.5_corC0.5_bin",150,"none","low",0.5,0.5,"binary","lor","maic","comparator",500,500,100,-0.0129199517146904,0.0129199517146904,-2.32076488691733,0.225668773991512,0.225812904671173,97.8,0.992435540576622,0.0100922143808811,0.00714342022141715,0.655987804764693,1.81282850614371
1,"n150_emnone_imblow_corI0.5_corC0.5_bin",150,"none","low",0.5,0.5,"binary","lor","maic","index",500,500,100,0.00513455836203871,0.00513455836203871,0.953215853563528,0.225668773991512,0.225501455545847,97.6,0.992435540576622,0.0100922143808811,0.00714342022141715,0.684455988358638,1.87359030068518
1,"n150_emnone_imblow_corI0.5_corC0.5_bin",150,"none","low",0.5,0.5,"binary","p_A","maic","comparator",500,500,100,-0.000316311580901877,0.000316311580901877,-0.0663838111082289,0.040509339738307,0.0404700462791646,97.8,0.180190075866722,0.00181163274756976,0.00128230074336188,0.655987804764693,0.380204498897115
1,"n150_emnone_imblow_corI0.5_corC0.5_bin",150,"none","low",0.5,0.5,"binary","p_A","maic","index",500,500,100,-0.00222569516367827,0.00222569516367827,-0.628516008112109,0.0325758292072659,0.0326192580879072,96.2,0.129537872113211,0.00145683537061739,0.00103116985559273,0.85505555375075,0.411397017237409
1,"n150_emnone_imblow_corI0.5_corC0.5_bin",150,"none","low",0.5,0.5,"binary","p_B","maic","comparator",500,500,100,0.00324950165726175,0.00324950165726175,0.947918709477064,0.0337459670434039,0.0338684509851227,97.6,0.151833036769091,0.00150916552551037,0.00106820992158266,0.684455988358638,0.440241731876685
1,"n150_emnone_imblow_corI0.5_corC0.5_bin",150,"none","low",0.5,0.5,"binary","p_B","maic","index",500,500,100,0.0134095506335669,0.0134095506335669,5.53229460319854,0.0272579308114395,0.0303533334368925,99.8,0.176817397136526,0.00121901172440729,0.00086283472324687,0.199799899899875,0.502920058133248
1,"n150_emnone_imblow_corI0.5_corC0.5_bin",150,"none","low",0.5,0.5,"binary","rd","maic","comparator",500,500,100,-0.00356581323816362,0.00356581323816362,-2.66732080385078,0.0536334884063155,0.0536983519348833,97.4,0.235650541633327,0.00239856251893937,0.00169773841037142,0.711674082709214,1.79418698591138
1,"n150_emnone_imblow_corI0.5_corC0.5_bin",150,"none","low",0.5,0.5,"binary","rd","maic","index",500,500,100,0.0183870786926992,0.0183870786926992,16.4563665374368,0.0536334884063155,0.0566470002676632,96.2,0.235650541633327,0.00239856251893937,0.00169773841037142,0.85505555375075,2.14670446753984
2,"n150_emweak_imblow_corI0.5_corC0.5_bin",150,"weak","low",0.5,0.5,"binary","log_rr","spfa","comparator",500,500,100,0.0081408095072434,0.0081408095072434,2.67235334945984,0.119028442395796,0.119187697932313,98,0.54268929509809,0.00532311376905836,0.00376777950841306,0.626099033699941,1.74739881797281
2,"n150_emweak_imblow_corI0.5_corC0.5_bin",150,"weak","low",0.5,0.5,"binary","log_rr","spfa","index",500,500,100,0.0292000856723893,0.0292000856723893,8.7975178386724,0.137640232097886,0.140568804605613,97.4,0.620141844202883,0.00615545830819443,0.00435692541709635,0.711674082709214,1.85454093796546
2,"n150_emweak_imblow_corI0.5_corC0.5_bin",150,"weak","low",0.5,0.5,"binary","lor","spfa","comparator",500,500,100,0.0189725194832628,0.0189725194832628,3.65594936990468,0.204919247667509,0.205591514328854,98,0.910043036132709,0.0091642673536533,0.0064866054423672,0.626099033699941,1.76592768750527
2,"n150_emweak_imblow_corI0.5_corC0.5_bin",150,"weak","low",0.5,0.5,"binary","lor","spfa","index",500,500,100,0.0392513652670535,0.0392513652670535,8.24796169906796,0.195945284617753,0.199645774135422,97.2,0.870582650904581,0.00876293952551679,0.0062025396056011,0.737780455149091,1.84137262706574
2,"n150_emweak_imblow_corI0.5_corC0.5_bin",150,"weak","low",0.5,0.5,"binary","p_A","spfa","comparator",500,500,100,0.00723615846787876,0.00723615846787876,1.51864113072069,0.0386826496187228,0.039315603469031,93.8,0.1507190210835,0.00172994068194541,0.00122447787798401,1.07848041243223,0.363059914313821
2,"n150_emweak_imblow_corI0.5_corC0.5_bin",150,"weak","low",0.5,0.5,"binary","p_A","spfa","index",500,500,100,0.00195654351363098,0.00195654351363098,0.552510037741513,0.0321751687587696,0.0322024698463755,95,0.1244508601905,0.00143891729064273,0.00101848717070422,0.974679434480897,0.406337114928012
2,"n150_emweak_imblow_corI0.5_corC0.5_bin",150,"weak","low",0.5,0.5,"binary","p_B","spfa","comparator",500,500,100,0.0036761370648389,0.0036761370648389,1.04625664566934,0.0311078635933405,0.0312934140468354,98.8,0.1519612721935,0.00139118595259,0.000984702216027962,0.486949689393063,0.395942132348896
2,"n150_emweak_imblow_corI0.5_corC0.5_bin",150,"weak","low",0.5,0.5,"binary","p_B","spfa","index",500,500,100,-0.00453864536628581,0.00453864536628581,-1.78617825648584,0.0261922289392051,0.02655673347479,98.2,0.124854992576,0.00117135208780599,0.000829100519929898,0.5945754788082,0.460984161809616
2,"n150_emweak_imblow_corI0.5_corC0.5_bin",150,"weak","low",0.5,0.5,"binary","rd","spfa","comparator",500,500,100,0.00356002140203918,0.00356002140203918,2.84510131563027,0.0486700004000164,0.0487514630902776,97.6,0.214098074829777,0.00217658858718757,0.00154062194287871,0.684455988358638,1.73948815292124
2,"n150_emweak_imblow_corI0.5_corC0.5_bin",150,"weak","low",0.5,0.5,"binary","rd","spfa","index",500,500,100,0.00649518887574252,0.00649518887574252,6.49382715731826,0.0404965441667541,0.0409741092374507,96.8,0.176638587740069,0.0018110605122137,0.00128189570662171,0.787095928079926,1.81068082279833
2,"n150_emweak_imblow_corI0.5_corC0.5_bin",150,"weak","low",0.5,0.5,"binary","log_rr","relaxed","comparator",500,500,100,0.00456806050967716,0.00456806050967716,1.49954028437949,0.119697811405142,0.119665275246792,97.4,0.504682485136797,0.00535304886119692,0.0037889680141703,0.711674082709214,1.75722549966481
2,"n150_emweak_imblow_corI0.5_corC0.5_bin",150,"weak","low",0.5,0.5,"binary","log_rr","relaxed","index",500,500,100,0.00721871119655249,0.00721871119655249,2.1748819930328,0.141726217260784,0.141768324420768,96,0.588007773071644,0.00633818911978035,0.00448626501743537,0.876356092008266,1.90959480296567
2,"n150_emweak_imblow_corI0.5_corC0.5_bin",150,"weak","low",0.5,0.5,"binary","lor","relaxed","comparator",500,500,100,0.0122843530726653,0.0122843530726653,2.36715913852755,0.205252078152095,0.205414371661274,96.8,0.854339399585031,0.00917915198542367,0.00649714100726545,0.787095928079926,1.76879591279238
2,"n150_emweak_imblow_corI0.5_corC0.5_bin",150,"weak","low",0.5,0.5,"binary","lor","relaxed","index",500,500,100,0.0101055348587793,0.0101055348587793,2.12349465800033,0.202043577641627,0.202094250008449,96,0.835981900611264,0.00903566348047869,0.00639557769825502,0.876356092008266,1.89868061418007
2,"n150_emweak_imblow_corI0.5_corC0.5_bin",150,"weak","low",0.5,0.5,"binary","p_A","relaxed","comparator",500,500,100,0.00442647041715876,0.00442647041715876,0.928976344182555,0.0384854696621196,0.038700939946178,94.6,0.1503102386085,0.00172112252621011,0.00121823625551961,1.01078187557949,0.361209261919159
2,"n150_emweak_imblow_corI0.5_corC0.5_bin",150,"weak","low",0.5,0.5,"binary","p_A","relaxed","index",500,500,100,0.00195587215651766,0.00195587215651766,0.552320452617831,0.0322097597924739,0.0322369217595249,94.6,0.1249502756905,0.00144046424869822,0.00101958213074354,1.01078187557949,0.406773961769225
2,"n150_emweak_imblow_corI0.5_corC0.5_bin",150,"weak","low",0.5,0.5,"binary","p_B","relaxed","comparator",500,500,100,0.0024015600417189,0.0024015600417189,0.683502303995961,0.0310641410008172,0.0311258475393104,97.4,0.1339082717065,0.00138923061880931,0.000983318201544967,0.711674082709214,0.395385629442049
2,"n150_emweak_imblow_corI0.5_corC0.5_bin",150,"weak","low",0.5,0.5,"binary","p_B","relaxed","index",500,500,100,0.000818127822000855,0.000818127822000855,0.321973189960844,0.0279522980135915,0.0279363139201521,96.8,0.1180728962945,0.00125006476971446,0.000884814532970693,0.787095928079926,0.491961440179713
2,"n150_emweak_imblow_corI0.5_corC0.5_bin",150,"weak","low",0.5,0.5,"binary","rd","relaxed","comparator",500,500,100,0.00202491037022117,0.00202491037022117,1.61826981013364,0.0487204160456978,0.0487137746822599,96.8,0.2017881716751,0.00217884324340503,0.00154221782225743,0.787095928079926,1.74129003123773
2,"n150_emweak_imblow_corI0.5_corC0.5_bin",150,"weak","low",0.5,0.5,"binary","rd","relaxed","index",500,500,100,0.00113774433802935,0.00113774433802935,1.13750580956515,0.0418257026513571,0.04179934312467,96.4,0.172529050705558,0.00187050228670255,0.00132396948328316,0.83311463797007,1.87011013530016
2,"n150_emweak_imblow_corI0.5_corC0.5_bin",150,"weak","low",0.5,0.5,"binary","log_rr","naive","comparator",500,500,100,-0.298112178842333,0.298112178842333,-97.8601794987638,0.125426013654881,0.323374539359046,49.8,0.613220292331341,0.00560922185358263,0.0039702910880693,2.23605008888442,1.84131845794297
2,"n150_emweak_imblow_corI0.5_corC0.5_bin",150,"weak","low",0.5,0.5,"binary","log_rr","naive","index",500,500,100,-0.32539422513659,0.32539422513659,-98.0360651115135,0.125426013654881,0.348685565063703,43,0.613220292331341,0.00560922185358263,0.0039702910880693,2.21404606998138,1.68996864843535
2,"n150_emweak_imblow_corI0.5_corC0.5_bin",150,"weak","low",0.5,0.5,"binary","lor","naive","comparator",500,500,100,-0.508630128184749,0.508630128184749,-98.0115476119031,0.193639311619648,0.544174418670849,42.8,0.948714345762201,0.00865981327795597,0.00612954530579903,2.2127629787214,1.668720853072
2,"n150_emweak_imblow_corI0.5_corC0.5_bin",150,"weak","low",0.5,0.5,"binary","lor","naive","index",500,500,100,-0.46557264400401,0.46557264400401,-97.8316374412098,0.193639311619648,0.504161757259916,50,0.948714345762201,0.00865981327795597,0.00612954530579903,2.23606797749979,1.81970251866917
2,"n150_emweak_imblow_corI0.5_corC0.5_bin",150,"weak","low",0.5,0.5,"binary","p_A","naive","comparator",500,500,100,-0.120329034933801,0.120329034933801,-25.2532642121594,0.0321986043558903,0.12455421819562,9.8,0.15288700054384,0.00143996536240783,0.00101922901156865,1.32963152790538,0.302203252716589
2,"n150_emweak_imblow_corI0.5_corC0.5_bin",150,"weak","low",0.5,0.5,"binary","p_A","naive","index",500,500,100,0.00204091075617099,0.00204091075617099,0.576334577311002,0.0321986043558903,0.0322310710175271,98,0.15288700054384,0.00143996536240783,0.00101922901156865,0.626099033699941,0.406633080832403
2,"n150_emweak_imblow_corI0.5_corC0.5_bin",150,"weak","low",0.5,0.5,"binary","p_B","naive","comparator",500,500,100,0.00241240482165889,0.00241240482165889,0.68658881107742,0.0310619897225235,0.0311245435008238,98.8,0.152679230849638,0.00138913441071925,0.000983250104020471,0.486949689393063,0.395358247885861
2,"n150_emweak_imblow_corI0.5_corC0.5_bin",150,"weak","low",0.5,0.5,"binary","p_B","naive","index",500,500,100,0.0996752135177209,0.0996752135177209,39.2270566937098,0.0310619897225235,0.104393801065553,22.6,0.152679230849638,0.00138913441071925,0.000983250104020471,1.87042241218394,0.546692124966246
2,"n150_emweak_imblow_corI0.5_corC0.5_bin",150,"weak","low",0.5,0.5,"binary","rd","naive","comparator",500,500,100,-0.12274143975546,0.12274143975546,-98.092621446204,0.044038927336034,0.130387918535077,36,0.216090283950992,0.00196948070359092,0.00139402788652354,2.1466252583998,1.57397147603813
2,"n150_emweak_imblow_corI0.5_corC0.5_bin",150,"weak","low",0.5,0.5,"binary","rd","naive","index",500,500,100,-0.0976343027615499,0.0976343027615499,-97.613833698763,0.044038927336034,0.107088773185618,57.2,0.216090283950992,0.00196948070359092,0.00139402788652354,2.2127629787214,1.96906780133178
2,"n150_emweak_imblow_corI0.5_corC0.5_bin",150,"weak","low",0.5,0.5,"binary","log_rr","stc","comparator",500,500,100,0.00779989247352908,0.00779989247352908,2.56044177897981,0.118592375142333,0.118730204504223,98.2,0.540786039618102,0.00530361224862826,0.00375397604069713,0.5945754788082,1.74099712617612
2,"n150_emweak_imblow_corI0.5_corC0.5_bin",150,"weak","low",0.5,0.5,"binary","log_rr","stc","index",500,500,100,-0.0194821538207275,0.0194821538207275,-5.86966071595039,0.118592375142333,0.120064888524958,98.2,0.540786039618102,0.00530361224862826,0.00375397604069713,0.5945754788082,1.59789337230704
2,"n150_emweak_imblow_corI0.5_corC0.5_bin",150,"weak","low",0.5,0.5,"binary","lor","stc","comparator",500,500,100,0.0186353981893184,0.0186353981893184,3.59098707624281,0.204480415090735,0.205124093516687,98,0.912612203526705,0.00914464216420516,0.0064727144398714,0.626099033699941,1.7621459705298
2,"n150_emweak_imblow_corI0.5_corC0.5_bin",150,"weak","low",0.5,0.5,"binary","lor","stc","index",500,500,100,0.0616928823700575,0.0616928823700575,12.9636390334796,0.204480415090735,0.213388442541985,96.8,0.912612203526705,0.00914464216420516,0.0064727144398714,0.787095928079926,1.92158050577047
2,"n150_emweak_imblow_corI0.5_corC0.5_bin",150,"weak","low",0.5,0.5,"binary","p_A","stc","comparator",500,500,100,0.00671262049745494,0.00671262049745494,1.40876704505646,0.038722374765711,0.0392617210119989,93.2,0.15327699636825,0.00173171724452705,0.00122573535553961,1.12584190719657,0.363432758692471
2,"n150_emweak_imblow_corI0.5_corC0.5_bin",150,"weak","low",0.5,0.5,"binary","p_A","stc","index",500,500,100,0.0020409109241393,0.0020409109241393,0.57633462474372,0.0321986042674209,0.0322310709399595,95,0.126376931051842,0.00143996535845136,0.0010192290087682,0.974679434480897,0.406633079715132
2,"n150_emweak_imblow_corI0.5_corC0.5_bin",150,"weak","low",0.5,0.5,"binary","p_B","stc","comparator",500,500,100,0.00241240482165889,0.00241240482165889,0.68658881107742,0.0310619897225235,0.0311245435008238,98.8,0.152679230849638,0.00138913441071925,0.000983250104020471,0.486949689393063,0.395358247885861
2,"n150_emweak_imblow_corI0.5_corC0.5_bin",150,"weak","low",0.5,0.5,"binary","p_B","stc","index",500,500,100,0.00662456525779768,0.00662456525779768,2.60708944348145,0.0249558493441926,0.0257960014830182,100,0.168630173099859,0.00111605951139717,0.000789963607701662,0,0.439223836920572
2,"n150_emweak_imblow_corI0.5_corC0.5_bin",150,"weak","low",0.5,0.5,"binary","rd","stc","comparator",500,500,100,0.00430021567579604,0.00430021567579604,3.43665048465532,0.0488824892149304,0.0490225520674154,97.4,0.216437511077294,0.0021860913758797,0.00154734815878547,0.711674082709214,1.74708260069468
2,"n150_emweak_imblow_corI0.5_corC0.5_bin",150,"weak","low",0.5,0.5,"binary","rd","stc","index",500,500,100,0.0294073526697063,0.0294073526697063,29.4011874088178,0.0488824892149304,0.0570044835726505,93,0.216437511077294,0.0021860913758797,0.00154734815878547,1.14105214604767,2.18563306112387
2,"n150_emweak_imblow_corI0.5_corC0.5_bin",150,"weak","low",0.5,0.5,"binary","log_rr","maic","comparator",500,500,100,0.00282791763679598,0.00282791763679598,0.92831003623954,0.118581338204766,0.11849644644905,98.6,0.576100137000674,0.00530311866177497,0.00375362667254306,0.525433154644813,1.74083509825009
2,"n150_emweak_imblow_corI0.5_corC0.5_bin",150,"weak","low",0.5,0.5,"binary","log_rr","maic","index",500,500,100,-0.0244541286574606,0.0244541286574606,-7.36763705103183,0.118581338204766,0.120960386537444,98.6,0.576100137000674,0.00530311866177497,0.00375362667254306,0.525433154644813,1.5977446624986
2,"n150_emweak_imblow_corI0.5_corC0.5_bin",150,"weak","low",0.5,0.5,"binary","lor","maic","comparator",500,500,100,0.00896521845958488,0.00896521845958488,1.72757154405834,0.203945734281686,0.203938838745003,98.4,0.988523783618344,0.00912073051149916,0.00645578941459735,0.561141693336006,1.75753826454109
2,"n150_emweak_imblow_corI0.5_corC0.5_bin",150,"weak","low",0.5,0.5,"binary","lor","maic","index",500,500,100,0.052022702640324,0.052022702640324,10.9316263508305,0.203945734281686,0.210278473450413,98.4,0.988523783618344,0.00912073051149916,0.00645578941459735,0.561141693336006,1.91655590613327
2,"n150_emweak_imblow_corI0.5_corC0.5_bin",150,"weak","low",0.5,0.5,"binary","p_A","maic","comparator",500,500,100,0.00431135974979615,0.00431135974979615,0.904818250517586,0.0384713700983143,0.0386739453314393,97.8,0.180024923123476,0.00172049197454767,0.00121778994162595,0.655987804764693,0.361076929039238
2,"n150_emweak_imblow_corI0.5_corC0.5_bin",150,"weak","low",0.5,0.5,"binary","p_A","maic","index",500,500,100,0.00204844876149206,0.00204844876149206,0.578463241240744,0.0324539597373452,0.0324861374428604,96.2,0.129863728454717,0.0014513852022349,0.00102731214492941,0.85505555375075,0.409857939410759
2,"n150_emweak_imblow_corI0.5_corC0.5_bin",150,"weak","low",0.5,0.5,"binary","p_B","maic","comparator",500,500,100,0.00241240482165889,0.00241240482165889,0.68658881107742,0.0310619897225235,0.0311245435008238,98.8,0.152679230849638,0.00138913441071925,0.000983250104020471,0.486949689393063,0.395358247885861
2,"n150_emweak_imblow_corI0.5_corC0.5_bin",150,"weak","low",0.5,0.5,"binary","p_B","maic","index",500,500,100,0.00793265534215764,0.00793265534215764,3.12188667429496,0.0253121780430012,0.0265019238045749,100,0.178609292508301,0.00113199501525457,0.000801242995574068,0,0.445495234705398
2,"n150_emweak_imblow_corI0.5_corC0.5_bin",150,"weak","low",0.5,0.5,"binary","rd","maic","comparator",500,500,100,0.00189895492813725,0.00189895492813725,1.51760861922662,0.0487359093162556,0.0487241676069239,98.2,0.236068501418912,0.00217953612352825,0.00154270825316748,0.5945754788082,1.74184376783859
2,"n150_emweak_imblow_corI0.5_corC0.5_bin",150,"weak","low",0.5,0.5,"binary","rd","maic","index",500,500,100,0.0270060919220475,0.0270060919220475,27.0004300862424,0.0487359093162556,0.0556755554985363,96,0.236068501418912,0.00217953612352825,0.00154270825316748,0.876356092008266,2.17907918308318
3,"n150_emstro_imblow_corI0.5_corC0.5_bin",150,"strong","low",0.5,0.5,"binary","log_rr","spfa","comparator",500,500,100,0.0107187635647826,0.0107187635647826,5.23304493403822,0.117999341665416,0.118367600451146,97.2,0.520086038573424,0.00527709098528185,0.00373520389399708,0.737780455149091,2.5763469900316
3,"n150_emstro_imblow_corI0.5_corC0.5_bin",150,"strong","low",0.5,0.5,"binary","log_rr","spfa","index",500,500,100,0.103883925956845,0.103883925956845,70.2050930761142,0.137279333274957,0.172045907204836,93.8,0.602435185888625,0.00613931842217305,0.00434550136447269,1.07848041243223,4.14897124153364
3,"n150_emstro_imblow_corI0.5_corC0.5_bin",150,"strong","low",0.5,0.5,"binary","lor","spfa","comparator",500,500,100,0.0195323017136601,0.0195323017136601,5.41638325239647,0.20634762180489,0.20706446617592,97.2,0.901529583000125,0.00922814618702306,0.00653181983564034,0.737780455149091,2.55900083824232
3,"n150_emstro_imblow_corI0.5_corC0.5_bin",150,"strong","low",0.5,0.5,"binary","lor","spfa","index",500,500,100,0.144471579477543,0.144471579477543,65.4677343061675,0.198273354502172,0.245164711441245,93.8,0.865671634244504,0.00886705397587541,0.00627623337011749,1.07848041243223,4.01813239579963
3,"n150_emstro_imblow_corI0.5_corC0.5_bin",150,"strong","low",0.5,0.5,"binary","p_A","spfa","comparator",500,500,100,0.00374568642407876,0.00374568642407876,0.78610128449213,0.039987033106249,0.0401222514048564,93.2,0.1513097573425,0.00178827448488215,0.00126576741581625,1.12584190719657,0.375302337257476
3,"n150_emstro_imblow_corI0.5_corC0.5_bin",150,"strong","low",0.5,0.5,"binary","p_A","spfa","index",500,500,100,-0.000817896667589007,0.000817896667589007,-0.230966556853941,0.0325659943162192,0.0325436914438308,94.4,0.1247803031765,0.00145639554091876,0.0010308585375564,1.02824121683582,0.411272813343297
3,"n150_emstro_imblow_corI0.5_corC0.5_bin",150,"strong","low",0.5,0.5,"binary","p_B","spfa","comparator",500,500,100,7.75037545600397e-05,7.75037545600397e-05,0.0199629944436314,0.0372895002231603,0.0372522726833042,96,0.1544538990505,0.0016676371469196,0.00118037850443004,0.876356092008266,0.429540882076361
3,"n150_emstro_imblow_corI0.5_corC0.5_bin",150,"strong","low",0.5,0.5,"binary","p_B","spfa","index",500,500,100,-0.0293297100611229,0.0293297100611229,-9.60333065629746,0.0305265933332109,0.0423112401968993,88.4,0.13164171653,0.00136519075629103,0.000966302427448997,1.43208938268531,0.446999926499841
3,"n150_emstro_imblow_corI0.5_corC0.5_bin",150,"strong","low",0.5,0.5,"binary","rd","spfa","comparator",500,500,100,0.00366818267337032,0.00366818267337032,4.15649070990635,0.0495771017371552,0.0496631533709664,97.2,0.215969815039855,0.00221715539223404,0.0015693357339805,0.737780455149091,2.51230285152955
3,"n150_emstro_imblow_corI0.5_corC0.5_bin",150,"strong","low",0.5,0.5,"binary","rd","spfa","index",500,500,100,0.0285118133974896,0.0285118133974896,58.5371195655884,0.0418310878126698,0.0505891661424596,93.2,0.181533377396346,0.00187074311843785,0.00132413994758593,1.12584190719657,3.84079090564405
3,"n150_emstro_imblow_corI0.5_corC0.5_bin",150,"strong","low",0.5,0.5,"binary","log_rr","relaxed","comparator",500,500,100,0.007103859960328,0.007103859960328,3.46820024089835,0.118362534373256,0.118457312946519,97.2,0.49807902288642,0.00529333345695511,0.00374670055827884,0.737780455149091,2.58427678376129
3,"n150_emstro_imblow_corI0.5_corC0.5_bin",150,"strong","low",0.5,0.5,"binary","log_rr","relaxed","index",500,500,100,0.00817473930463626,0.00817473930463626,5.52451525554941,0.146725932100946,0.146806908949438,96.2,0.58352348927131,0.00656178316479469,0.00464452822531665,0.85505555375075,4.43447428066069
3,"n150_emstro_imblow_corI0.5_corC0.5_bin",150,"strong","low",0.5,0.5,"binary","lor","relaxed","comparator",500,500,100,0.0126863307255159,0.0126863307255159,3.517968864263,0.206159427204126,0.206343521811469,96.6,0.865336095533473,0.00921972986861689,0.00652586263964514,0.810481338464989,2.55666696040599
3,"n150_emstro_imblow_corI0.5_corC0.5_bin",150,"strong","low",0.5,0.5,"binary","lor","relaxed","index",500,500,100,0.00874579370304159,0.00874579370304159,3.96318293548026,0.215564927877092,0.215526774582395,96.2,0.861695971507742,0.00964035664596033,0.00682358856118688,0.85505555375075,4.36855684555266
3,"n150_emstro_imblow_corI0.5_corC0.5_bin",150,"strong","low",0.5,0.5,"binary","p_A","relaxed","comparator",500,500,100,0.000888409539198756,0.000888409539198756,0.186449104609969,0.0397816570873567,0.0397517842573656,93.4,0.1507186734215,0.00177908979009832,0.0012592663515334,1.11035129576184,0.373374759892531
3,"n150_emstro_imblow_corI0.5_corC0.5_bin",150,"strong","low",0.5,0.5,"binary","p_A","relaxed","index",500,500,100,-0.000814942932395671,0.000814942932395671,-0.230132448983721,0.0326211036886393,0.0325986543439494,94.4,0.125246373991,0.00145886010697733,0.00103260299425891,1.02824121683582,0.411968784312792
3,"n150_emstro_imblow_corI0.5_corC0.5_bin",150,"strong","low",0.5,0.5,"binary","p_B","relaxed","comparator",500,500,100,-0.00114816109493996,0.00114816109493996,-0.29573707349783,0.037264276761318,0.037244695512233,93.8,0.1417887653565,0.00166650911941345,0.00117958006969674,1.07848041243223,0.42925033090287
3,"n150_emstro_imblow_corI0.5_corC0.5_bin",150,"strong","low",0.5,0.5,"binary","p_B","relaxed","index",500,500,100,-0.00143337374459422,0.00143337374459422,-0.46932485846969,0.0368382662261478,0.0368293130959992,94.6,0.137746464502,0.00164745734909802,0.00116609494183591,1.01078187557949,0.539421550112994
3,"n150_emstro_imblow_corI0.5_corC0.5_bin",150,"strong","low",0.5,0.5,"binary","rd","relaxed","comparator",500,500,100,0.00203657063680659,0.00203657063680659,2.30767867516724,0.0495009580375638,0.0494933508352596,96.6,0.207701332507813,0.00221375014246715,0.00156692544728566,0.810481338464989,2.50844429532303
3,"n150_emstro_imblow_corI0.5_corC0.5_bin",150,"strong","low",0.5,0.5,"binary","rd","relaxed","index",500,500,100,0.000618430805760179,0.000618430805760179,1.26968977788744,0.0463784515165777,0.0463361770132896,96,0.186670518142458,0.00207410740564492,0.00146808423044828,0.876356092008266,4.25831466780008
3,"n150_emstro_imblow_corI0.5_corC0.5_bin",150,"strong","low",0.5,0.5,"binary","log_rr","naive","comparator",500,500,100,-0.295584881398904,0.295584881398904,-144.308525590115,0.125882243852449,0.321224327768457,53,0.594622581467941,0.00562962508828562,0.00398473280262857,2.23203942617508,2.74845889367139
3,"n150_emstro_imblow_corI0.5_corC0.5_bin",150,"strong","low",0.5,0.5,"binary","log_rr","naive","index",500,500,100,-0.238728520499287,0.238728520499287,-161.333506095426,0.125882243852449,0.269825782938679,68.4,0.594622581467941,0.00562962508828562,0.00398473280262857,2.0791536739741,3.80451883837065
3,"n150_emstro_imblow_corI0.5_corC0.5_bin",150,"strong","low",0.5,0.5,"binary","lor","naive","comparator",500,500,100,-0.505505310495805,0.505505310495805,-140.178589185529,0.199356918871602,0.543322476692466,42.8,0.941270774896344,0.00891551244763625,0.00631053300090329,2.2127629787214,2.47230628606036
3,"n150_emstro_imblow_corI0.5_corC0.5_bin",150,"strong","low",0.5,0.5,"binary","lor","naive","index",500,500,100,-0.365566106067327,0.365566106067327,-165.65738943192,0.199356918871602,0.416295895541864,70,0.941270774896344,0.00891551244763625,0.00631053300090329,2.04939015319192,4.04009149921356
3,"n150_emstro_imblow_corI0.5_corC0.5_bin",150,"strong","low",0.5,0.5,"binary","p_A","naive","comparator",500,500,100,-0.123115701600468,0.123115701600468,-25.8380975372439,0.0326257319900548,0.127356921648125,9,0.152602549897231,0.00145906709090904,0.00103274950058026,1.27984374046209,0.306212102259971
3,"n150_emstro_imblow_corI0.5_corC0.5_bin",150,"strong","low",0.5,0.5,"binary","p_A","naive","index",500,500,100,-0.000745755910495673,0.000745755910495673,-0.210594665226359,0.0326257319900548,0.0326016205577138,97.8,0.152602549897231,0.00145906709090904,0.00103274950058026,0.655987804764693,0.41202723468669
3,"n150_emstro_imblow_corI0.5_corC0.5_bin",150,"strong","low",0.5,0.5,"binary","p_B","naive","comparator",500,500,100,-0.0011437859970533,0.0011437859970533,-0.29461015964317,0.037253698825114,0.0372339985283216,95.6,0.155413580343377,0.00166603605972518,0.00117924523097694,0.917213170424412,0.42912848276813
3,"n150_emstro_imblow_corI0.5_corC0.5_bin",150,"strong","low",0.5,0.5,"binary","p_B","naive","index",500,500,100,0.0816814808122531,0.0816814808122531,26.7446990475313,0.037253698825114,0.0897603849572988,45.8,0.155413580343377,0.00166603605972518,0.00117924523097694,2.22816516443463,0.545504716327336
3,"n150_emstro_imblow_corI0.5_corC0.5_bin",150,"strong","low",0.5,0.5,"binary","rd","naive","comparator",500,500,100,-0.121971915603415,0.121971915603415,-138.208802346603,0.0461526399764742,0.13039537660673,40.4,0.217828791692103,0.00206400880656941,0.00146093629104456,2.19446576642243,2.33876941079061
3,"n150_emstro_imblow_corI0.5_corC0.5_bin",150,"strong","low",0.5,0.5,"binary","rd","naive","index",500,500,100,-0.0824272367227488,0.0824272367227488,-169.229958972916,0.0461526399764742,0.0944460449049748,72.4,0.217828791692103,0.00206400880656941,0.00146093629104456,1.99911980631477,4.23758140565057
3,"n150_emstro_imblow_corI0.5_corC0.5_bin",150,"strong","low",0.5,0.5,"binary","log_rr","stc","comparator",500,500,100,0.0105760129436704,0.0105760129436704,5.16335215556361,0.117491202902995,0.117849168193323,97.4,0.519657178704303,0.00525436632898633,0.00371911904252844,0.711674082709214,2.56525250634546
3,"n150_emstro_imblow_corI0.5_corC0.5_bin",150,"strong","low",0.5,0.5,"binary","log_rr","stc","index",500,500,100,0.0674323738432872,0.0674323738432872,45.5710162896415,0.117491202902995,0.135365059879624,95.8,0.519657178704303,0.00525436632898633,0.00371911904252844,0.897061870775924,3.55091775541602
3,"n150_emstro_imblow_corI0.5_corC0.5_bin",150,"strong","low",0.5,0.5,"binary","lor","stc","comparator",500,500,100,0.0194651699177435,0.0194651699177435,5.39776734422361,0.205645234335708,0.206359577728064,97.4,0.905941945180477,0.00919673446447033,0.00650958614879974,0.711674082709214,2.55029024537632
3,"n150_emstro_imblow_corI0.5_corC0.5_bin",150,"strong","low",0.5,0.5,"binary","lor","stc","index",500,500,100,0.159404374346222,0.159404374346222,72.2345755800465,0.205645234335708,0.260029108064633,93.6,0.905941945180477,0.00919673446447033,0.00650958614879974,1.09456840809517,4.16752810886176
3,"n150_emstro_imblow_corI0.5_corC0.5_bin",150,"strong","low",0.5,0.5,"binary","p_A","stc","comparator",500,500,100,0.00308358570362202,0.00308358570362202,0.647147253671938,0.040056699394921,0.0401352536914097,93.2,0.153853621268346,0.00179139005602636,0.00126797266365115,1.12584190719657,0.375956197244967
3,"n150_emstro_imblow_corI0.5_corC0.5_bin",150,"strong","low",0.5,0.5,"binary","p_A","stc","index",500,500,100,-0.000745755752202676,0.000745755752202676,-0.210594620525861,0.032625731864176,0.032601620428373,94.8,0.126615070068159,0.00145906708527957,0.00103274949659564,0.992935043192656,0.412027233096979
3,"n150_emstro_imblow_corI0.5_corC0.5_bin",150,"strong","low",0.5,0.5,"binary","p_B","stc","comparator",500,500,100,-0.0011437859970533,0.0011437859970533,-0.29461015964317,0.037253698825114,0.0372339985283216,95.6,0.155413580343377,0.00166603605972518,0.00117924523097694,0.917213170424412,0.42912848276813
3,"n150_emstro_imblow_corI0.5_corC0.5_bin",150,"strong","low",0.5,0.5,"binary","p_B","stc","index",500,500,100,-0.0202763655486874,0.0202763655486874,-6.63902379076394,0.0287556744439442,0.0351619970275388,97.2,0.179788515702914,0.00128599285591025,0.000910244969519291,0.737780455149091,0.421068418037735
3,"n150_emstro_imblow_corI0.5_corC0.5_bin",150,"strong","low",0.5,0.5,"binary","rd","stc","comparator",500,500,100,0.0042273717006753,0.0042273717006753,4.79011891330746,0.0497249755077896,0.0498547762442822,97.2,0.218790751490453,0.00222376850829859,0.00157401659639972,0.737780455149091,2.51979630480967
3,"n150_emstro_imblow_corI0.5_corC0.5_bin",150,"strong","low",0.5,0.5,"binary","rd","stc","index",500,500,100,0.0437720505813411,0.0437720505813411,89.8676532000784,0.0497249755077896,0.0662089152227044,91.4,0.218790751490453,0.00222376850829859,0.00157401659639972,1.25382614424808,4.56558133436458
3,"n150_emstro_imblow_corI0.5_corC0.5_bin",150,"strong","low",0.5,0.5,"binary","log_rr","maic","comparator",500,500,100,0.00561027803054898,0.00561027803054898,2.73901339915466,0.117670469770153,0.11768654127213,98,0.556383372473356,0.00526238338700793,0.00372479363605434,0.626099033699941,2.56916654219599
3,"n150_emstro_imblow_corI0.5_corC0.5_bin",150,"strong","low",0.5,0.5,"binary","log_rr","maic","index",500,500,100,0.0624666389301659,0.0624666389301659,42.2151565783728,0.117670469770153,0.133119223841819,97.2,0.556383372473356,0.00526238338700793,0.00372479363605434,0.737780455149091,3.55633570915063
3,"n150_emstro_imblow_corI0.5_corC0.5_bin",150,"strong","low",0.5,0.5,"binary","lor","maic","comparator",500,500,100,0.00992733587036203,0.00992733587036203,2.75288885751437,0.205482629993278,0.205516950648795,98,0.981498482706558,0.00918946257720813,0.00650443899827794,0.626099033699941,2.54827372274844
3,"n150_emstro_imblow_corI0.5_corC0.5_bin",150,"strong","low",0.5,0.5,"binary","lor","maic","index",500,500,100,0.14986654029884,0.14986654029884,67.9124771609083,0.205482629993278,0.254162634759007,95.6,0.981498482706558,0.00918946257720813,0.00650443899827794,0.917213170424412,4.16423283109911
3,"n150_emstro_imblow_corI0.5_corC0.5_bin",150,"strong","low",0.5,0.5,"binary","p_A","maic","comparator",500,500,100,0.000719584112559726,0.000719584112559726,0.151017979387437,0.039979210408773,0.0399456930303402,97.2,0.180155405662111,0.00178792464321567,0.00126551979265444,0.737780455149091,0.37522891654035
3,"n150_emstro_imblow_corI0.5_corC0.5_bin",150,"strong","low",0.5,0.5,"binary","p_A","maic","index",500,500,100,-0.000729601826281326,0.000729601826281326,-0.206032899225876,0.0327691840737536,0.0327445278609226,95.4,0.130086192073049,0.00146548246312233,0.0010372903969452,0.936845771725528,0.41383887726913
3,"n150_emstro_imblow_corI0.5_corC0.5_bin",150,"strong","low",0.5,0.5,"binary","p_B","maic","comparator",500,500,100,-0.0011437859970533,0.0011437859970533,-0.29461015964317,0.037253698825114,0.0372339985283216,95.6,0.155413580343377,0.00166603605972518,0.00117924523097694,0.917213170424412,0.42912848276813
3,"n150_emstro_imblow_corI0.5_corC0.5_bin",150,"strong","low",0.5,0.5,"binary","p_B","maic","index",500,500,100,-0.0188336646149859,0.0188336646149859,-6.16664496139226,0.0291121765365718,0.0346486754130789,98.2,0.190979106190334,0.00130193611417498,0.000921529846077131,0.5945754788082,0.426288666738994
3,"n150_emstro_imblow_corI0.5_corC0.5_bin",150,"strong","low",0.5,0.5,"binary","rd","maic","comparator",500,500,100,0.00186337010961302,0.00186337010961302,2.11142171461367,0.0496704009594638,0.0496556802609364,98,0.237945238057174,0.00222132786030064,0.00157228906925811,0.626099033699941,2.51703075804361
3,"n150_emstro_imblow_corI0.5_corC0.5_bin",150,"strong","low",0.5,0.5,"binary","rd","maic","index",500,500,100,0.0414080489902788,0.0414080489902788,85.0141617065686,0.0496704009594638,0.0646284840855198,94.8,0.237945238057174,0.00222132786030064,0.00157228906925811,0.992935043192656,4.56057048143559
4,"n150_emnone_imbhig_corI0.5_corC0.5_bin",150,"none","high",0.5,0.5,"binary","log_rr","spfa","comparator",500,500,100,-0.0277543708188356,0.0277543708188356,-9.44984500878814,0.154367151510549,0.156690344725191,95.2,0.616345141082014,0.00690350888541193,0.00488640679930533,0.955991631762538,2.35051586684361
4,"n150_emnone_imbhig_corI0.5_corC0.5_bin",150,"none","high",0.5,0.5,"binary","log_rr","spfa","index",500,500,100,-0.0391505716073957,0.0391505716073957,-8.41451766475742,0.247426946299736,0.250260705714836,94.8,0.958556270248652,0.011065269427828,0.00783216313120712,0.992935043192656,2.37822594263656
4,"n150_emnone_imbhig_corI0.5_corC0.5_bin",150,"none","high",0.5,0.5,"binary","lor","spfa","comparator",500,500,100,-0.0267264665891127,0.0267264665891127,-4.31765933683186,0.347396938818942,0.348076956793909,95,1.33630002902248,0.0155360634074898,0.0109966579501646,0.974679434480897,2.50985026416793
4,"n150_emnone_imbhig_corI0.5_corC0.5_bin",150,"none","high",0.5,0.5,"binary","lor","spfa","index",500,500,100,-0.0528249107507383,0.0528249107507383,-9.21504069362233,0.302503635872054,0.306783154707367,94.6,1.17375791833493,0.0135283738650151,0.00957558527624172,1.01078187557949,2.35995695805144
4,"n150_emnone_imbhig_corI0.5_corC0.5_bin",150,"none","high",0.5,0.5,"binary","p_A","spfa","comparator",500,500,100,-0.00837309347322485,0.00837309347322485,-1.39160049982484,0.0717677490694913,0.0721832202191051,95.4,0.2713566644175,0.00320955131023059,0.00227176840145318,0.936845771725528,0.533424500970028
4,"n150_emnone_imbhig_corI0.5_corC0.5_bin",150,"none","high",0.5,0.5,"binary","p_A","spfa","index",500,500,100,-0.0028528304941949,0.0028528304941949,-1.21615938526921,0.0290960699899792,0.0292066219907858,95.4,0.1136714231845,0.0013012158075137,0.00092102000225341,0.936845771725528,0.554707270477017
4,"n150_emnone_imbhig_corI0.5_corC0.5_bin",150,"none","high",0.5,0.5,"binary","p_B","spfa","comparator",500,500,100,0.0024570617142967,0.0024570617142967,0.547769440482917,0.0364756960576131,0.0365219468586966,97.6,0.157830310849,0.00163124271822888,0.00115461798369153,0.684455988358638,0.363664008053551
4,"n150_emnone_imbhig_corI0.5_corC0.5_bin",150,"none","high",0.5,0.5,"binary","p_B","spfa","index",500,500,100,0.0082390424054647,0.0082390424054647,5.59315997735457,0.0327413067421396,0.033730268315084,95.4,0.1314340716789,0.00146423575095193,0.00103640795543215,0.936845771725528,0.994011730562773
4,"n150_emnone_imbhig_corI0.5_corC0.5_bin",150,"none","high",0.5,0.5,"binary","rd","spfa","comparator",500,500,100,-0.0108301551928476,0.0108301551928476,-7.07250632172283,0.0816478317208878,0.0822820025848553,95.2,0.315213217288128,0.00365140203886738,0.00258451695302689,0.955991631762538,2.38450544273788
4,"n150_emnone_imbhig_corI0.5_corC0.5_bin",150,"none","high",0.5,0.5,"binary","rd","spfa","index",500,500,100,-0.0110918729047706,0.0110918729047706,-12.7096393129125,0.0448047098393758,0.0461137370452521,93.2,0.176563678878046,0.00200372753825996,0.00141826830810613,1.12584190719657,2.29597422466689
4,"n150_emnone_imbhig_corI0.5_corC0.5_bin",150,"none","high",0.5,0.5,"binary","log_rr","relaxed","comparator",500,500,100,-0.0261915589708211,0.0261915589708211,-8.917736756793,0.155268827955781,0.157309217397502,94,0.603335098328454,0.00694383308191694,0.00491494886845439,1.06207344378814,2.36424550278325
4,"n150_emnone_imbhig_corI0.5_corC0.5_bin",150,"none","high",0.5,0.5,"binary","log_rr","relaxed","index",500,500,100,0.0271115327864193,0.0271115327864193,5.82700231908953,0.278462927070246,0.279502332296267,93.8,1.02341776553191,0.0124532406828527,0.00881458993623736,1.07848041243223,2.67653853844487
4,"n150_emnone_imbhig_corI0.5_corC0.5_bin",150,"none","high",0.5,0.5,"binary","lor","relaxed","comparator",500,500,100,-0.0219979198780446,0.0219979198780446,-3.55376285284973,0.349531983899175,0.349874507547945,94.4,1.32143489195429,0.0156315455261784,0.0110642416212681,1.02824121683582,2.52527539565255
4,"n150_emnone_imbhig_corI0.5_corC0.5_bin",150,"none","high",0.5,0.5,"binary","lor","relaxed","index",500,500,100,0.0221887985032169,0.0221887985032169,3.87072459269365,0.335878845660681,0.336275649643924,93.4,1.24976621463026,0.0150209586220289,0.0106320590819934,1.11035129576184,2.62033088162441
4,"n150_emnone_imbhig_corI0.5_corC0.5_bin",150,"none","high",0.5,0.5,"binary","p_A","relaxed","comparator",500,500,100,-0.00806050991431152,0.00806050991431152,-1.33964939737843,0.0719490320514634,0.0723275998965467,95.4,0.2733775426055,0.00321765853164767,0.00227750681397838,0.936845771725528,0.534771913776568
4,"n150_emnone_imbhig_corI0.5_corC0.5_bin",150,"none","high",0.5,0.5,"binary","p_A","relaxed","index",500,500,100,-0.00284571350054757,0.00284571350054757,-1.21312541650145,0.029079011977236,0.0291889678650049,95,0.11394394097155,0.0013004529499926,0.000920480040294952,0.974679434480897,0.554382064918608
4,"n150_emnone_imbhig_corI0.5_corC0.5_bin",150,"none","high",0.5,0.5,"binary","p_B","relaxed","comparator",500,500,100,0.00163623895476336,0.00163623895476336,0.364777852966396,0.0364355267594244,0.0364358311684164,95.4,0.1442283899965,0.00162944629260171,0.00115334644677534,0.936845771725528,0.363263518698751
4,"n150_emnone_imbhig_corI0.5_corC0.5_bin",150,"none","high",0.5,0.5,"binary","p_B","relaxed","index",500,500,100,0.000487933483088037,0.000487933483088037,0.331238740488713,0.0376617989203599,0.0376272820544576,91.4,0.13948199536345,0.00168428685081706,0.00119216341376838,1.25382614424808,1.14339571770212
4,"n150_emnone_imbhig_corI0.5_corC0.5_bin",150,"none","high",0.5,0.5,"binary","rd","relaxed","comparator",500,500,100,-0.00969674887268238,0.00969674887268238,-6.33234856574319,0.0821152606784646,0.0826042198856661,94.4,0.311012182886277,0.00367230609734325,0.00259931315814012,1.02824121683582,2.39815659390679
4,"n150_emnone_imbhig_corI0.5_corC0.5_bin",150,"none","high",0.5,0.5,"binary","rd","relaxed","index",500,500,100,-0.00333364698392165,0.00333364698392165,-3.81986442920745,0.0473333252196257,0.0474033331233952,94.4,0.185421045531326,0.00211681065584376,0.00149831022936965,1.02824121683582,2.4255506856676
4,"n150_emnone_imbhig_corI0.5_corC0.5_bin",150,"none","high",0.5,0.5,"binary","log_rr","naive","comparator",500,500,100,-0.962176175622691,0.962176175622691,-327.603021164952,0.152285387820362,0.974129072864997,0,0.686585101774083,0.00681040958292495,0.00482050972113334,0,2.31881729278222
4,"n150_emnone_imbhig_corI0.5_corC0.5_bin",150,"none","high",0.5,0.5,"binary","log_rr","naive","index",500,500,100,-1.13374841611032,1.13374841611032,-243.673225781177,0.152285387820362,1.14390993032563,0,0.686585101774083,0.00681040958292494,0.00482050972113334,0,1.46374138069876
4,"n150_emnone_imbhig_corI0.5_corC0.5_bin",150,"none","high",0.5,0.5,"binary","lor","naive","comparator",500,500,100,-1.62341835962494,1.62341835962494,-262.26315456433,0.223176489805955,1.63865655354568,0,0.999095116334619,0.0099807560437181,0.00706452834402657,0,1.6123906382131
4,"n150_emnone_imbhig_corI0.5_corC0.5_bin",150,"none","high",0.5,0.5,"binary","lor","naive","index",500,500,100,-1.57766139856314,1.57766139856314,-275.215116919307,0.223176489805955,1.59333725828122,0,0.999095116334619,0.0099807560437181,0.00706452834402657,0,1.74109282512501
4,"n150_emnone_imbhig_corI0.5_corC0.5_bin",150,"none","high",0.5,0.5,"binary","p_A","naive","comparator",500,500,100,-0.369874685194885,0.369874685194885,-61.4728353906117,0.0291006867032355,0.371015416141542,0,0.134608186107191,0.00130142227320718,0.000921166141757994,0,0.216295195039876
4,"n150_emnone_imbhig_corI0.5_corC0.5_bin",150,"none","high",0.5,0.5,"binary","p_A","naive","index",500,500,100,-0.0027636907598849,0.0027636907598849,-1.17815918697419,0.0291006867032355,0.0292026412038867,97.8,0.134608186107191,0.00130142227320718,0.000921166141757994,0.655987804764693,0.554795286638987
4,"n150_emnone_imbhig_corI0.5_corC0.5_bin",150,"none","high",0.5,0.5,"binary","p_B","naive","comparator",500,500,100,0.0016290194692367,0.0016290194692367,0.363168364069757,0.036403204803606,0.0364032503736203,98.2,0.158802760669675,0.0016280008107942,0.00115232331314146,0.5945754788082,0.362941267631013
4,"n150_emnone_imbhig_corI0.5_corC0.5_bin",150,"none","high",0.5,0.5,"binary","p_B","naive","index",500,500,100,0.302880985462791,0.302880985462791,205.613919970672,0.036403204803606,0.305056444429952,0,0.158802760669675,0.0016280008107942,0.00115232331314146,0,1.10518535163691
4,"n150_emnone_imbhig_corI0.5_corC0.5_bin",150,"none","high",0.5,0.5,"binary","rd","naive","comparator",500,500,100,-0.371503704664122,0.371503704664122,-242.6061541127,0.0468868096976647,0.37444489415259,0,0.208229735537914,0.00209684187464149,0.00148417602749344,0,1.36931808916727
4,"n150_emnone_imbhig_corI0.5_corC0.5_bin",150,"none","high",0.5,0.5,"binary","rd","naive","index",500,500,100,-0.305644676222676,0.305644676222676,-350.223413669966,0.0468868096976647,0.309212943262474,0,0.208229735537914,0.00209684187464149,0.00148417602749344,0,2.40266942758086
4,"n150_emnone_imbhig_corI0.5_corC0.5_bin",150,"none","high",0.5,0.5,"binary","log_rr","stc","comparator",500,500,100,-0.0204021565394489,0.0204021565394489,-6.94655333393408,0.151706315107137,0.152921628368126,96.4,0.60530499270744,0.00678451266391121,0.00480217949468616,0.83311463797007,2.30999987542902
4,"n150_emnone_imbhig_corI0.5_corC0.5_bin",150,"none","high",0.5,0.5,"binary","log_rr","stc","index",500,500,100,-0.191974397027082,0.191974397027082,-41.2604947678564,0.151706315107137,0.244587296369233,80.8,0.60530499270744,0.00678451266391121,0.00480217949468616,1.76145394489893,1.45817543175965
4,"n150_emnone_imbhig_corI0.5_corC0.5_bin",150,"none","high",0.5,0.5,"binary","lor","stc","comparator",500,500,100,-0.0279611413330619,0.0279611413330619,-4.51712097978373,0.344491511350364,0.345280868300462,95.6,1.34828251315307,0.0154061287410211,0.0109046882506629,0.917213170424412,2.48885932531763
4,"n150_emnone_imbhig_corI0.5_corC0.5_bin",150,"none","high",0.5,0.5,"binary","lor","stc","index",500,500,100,0.0177958197287361,0.0177958197287361,3.10439148208837,0.344491511350364,0.344606650820165,95.2,1.34828251315307,0.0154061287410211,0.0109046882506629,0.955991631762538,2.68752187674467
4,"n150_emnone_imbhig_corI0.5_corC0.5_bin",150,"none","high",0.5,0.5,"binary","p_A","stc","comparator",500,500,100,-0.00750681737663612,0.00750681737663612,-1.24762620252909,0.0720332766859867,0.0723516943225647,94.2,0.280193543322822,0.00322142606623834,0.0022801735312878,1.04533248299285,0.535398074589924
4,"n150_emnone_imbhig_corI0.5_corC0.5_bin",150,"none","high",0.5,0.5,"binary","p_A","stc","index",500,500,100,-0.00276369060845483,0.00276369060845483,-1.17815912241967,0.0291006865953375,0.0292026410822494,95.6,0.115380586953181,0.00130142226838183,0.000921166138342543,0.917213170424412,0.554795284581947
4,"n150_emnone_imbhig_corI0.5_corC0.5_bin",150,"none","high",0.5,0.5,"binary","p_B","stc","comparator",500,500,100,0.0016290194692367,0.0016290194692367,0.363168364069757,0.036403204803606,0.0364032503736203,98.2,0.158802760669675,0.0016280008107942,0.00115232331314146,0.5945754788082,0.362941267631013
4,"n150_emnone_imbhig_corI0.5_corC0.5_bin",150,"none","high",0.5,0.5,"binary","p_B","stc","index",500,500,100,0.0293892948040111,0.0293892948040111,19.9512296904119,0.0248341745600585,0.0384608034589031,99.6,0.139717376150981,0.00111061804962774,0.000786112059709237,0.282276460230038,0.753954661185541
4,"n150_emnone_imbhig_corI0.5_corC0.5_bin",150,"none","high",0.5,0.5,"binary","rd","stc","comparator",500,500,100,-0.00913583684587283,0.00913583684587283,-5.96605151968047,0.0821456641184717,0.0825704416124333,94.6,0.32250907435522,0.00367366578051536,0.00260027556221715,1.01078187557949,2.39904451911738
4,"n150_emnone_imbhig_corI0.5_corC0.5_bin",150,"none","high",0.5,0.5,"binary","rd","stc","index",500,500,100,0.0567231915955731,0.0567231915955731,64.9963547226454,0.0821456641184717,0.0997593844106204,85.4,0.32250907435522,0.00367366578051536,0.00260027556221715,1.5791390059143,4.20947548059788
4,"n150_emnone_imbhig_corI0.5_corC0.5_bin",150,"none","high",0.5,0.5,"binary","log_rr","maic","comparator",500,500,100,-0.0137498974846253,0.0137498974846253,-4.68158334283891,0.159566414247649,0.159998679230731,96.2,0.661286897324939,0.00713602698367267,0.00505098658549257,0.85505555375075,2.42968393751056
4,"n150_emnone_imbhig_corI0.5_corC0.5_bin",150,"none","high",0.5,0.5,"binary","log_rr","maic","index",500,500,100,-0.185322137972259,0.185322137972259,-39.8307442168636,0.159566414247649,0.244447975032213,88.6,0.661286897324939,0.00713602698367267,0.00505098658549257,1.42129518397833,1.53372537475178
4,"n150_emnone_imbhig_corI0.5_corC0.5_bin",150,"none","high",0.5,0.5,"binary","lor","maic","comparator",500,500,100,-0.00676858033261621,0.00676858033261621,-1.0934638132121,0.370484728742473,0.370175944710945,96,1.51460949722412,0.0165685807618748,0.0117274891701445,0.876356092008266,2.67665339097623
4,"n150_emnone_imbhig_corI0.5_corC0.5_bin",150,"none","high",0.5,0.5,"binary","lor","maic","index",500,500,100,0.0389883807291818,0.0389883807291818,6.80132743987323,0.370484728742473,0.37216194081986,95.8,1.51460949722412,0.0165685807618748,0.0117274891701445,0.897061870775924,2.89030580054715
4,"n150_emnone_imbhig_corI0.5_corC0.5_bin",150,"none","high",0.5,0.5,"binary","p_A","maic","comparator",500,500,100,-0.00293484739254784,0.00293484739254784,-0.487768960353696,0.0773434798519076,0.0773218156607098,95.2,0.321758638809124,0.00345890557130502,0.0024482650753873,0.955991631762538,0.57486695177441
4,"n150_emnone_imbhig_corI0.5_corC0.5_bin",150,"none","high",0.5,0.5,"binary","p_A","maic","index",500,500,100,-0.004135383320223,0.004135383320223,-1.76291064148706,0.0358391522818927,0.0360413282471291,94.4,0.14714457543626,0.00160277561516558,0.00113446854254878,1.02824121683582,0.683261978175941
4,"n150_emnone_imbhig_corI0.5_corC0.5_bin",150,"none","high",0.5,0.5,"binary","p_B","maic","comparator",500,500,100,0.0016290194692367,0.0016290194692367,0.363168364069757,0.036403204803606,0.0364032503736203,98.2,0.158802760669675,0.0016280008107942,0.00115232331314146,0.5945754788082,0.362941267631013
4,"n150_emnone_imbhig_corI0.5_corC0.5_bin",150,"none","high",0.5,0.5,"binary","p_B","maic","index",500,500,100,0.0282518776765803,0.0282518776765803,19.1790821953966,0.0355386371693312,0.0453722088358294,98.2,0.163507219016104,0.0015893361707665,0.00112495590287807,0.5945754788082,1.07893745697887
4,"n150_emnone_imbhig_corI0.5_corC0.5_bin",150,"none","high",0.5,0.5,"binary","rd","maic","comparator",500,500,100,-0.00456386686178454,0.00456386686178454,-2.98037993516374,0.0874869589099052,0.0875185061805612,95.2,0.35915505649361,0.00391253574534558,0.0027693512945252,0.955991631762538,2.55503575897026
4,"n150_emnone_imbhig_corI0.5_corC0.5_bin",150,"none","high",0.5,0.5,"binary","rd","maic","index",500,500,100,0.0612951615796614,0.0612951615796614,70.2351534310433,0.0874869589099052,0.106750910424322,86.2,0.35915505649361,0.00391253574534558,0.0027693512945252,1.542439626047,4.48318499041154
5,"n150_emweak_imbhig_corI0.5_corC0.5_bin",150,"weak","high",0.5,0.5,"binary","log_rr","spfa","comparator",500,500,100,-0.0307178590989259,0.0307178590989259,-10.8483902164764,0.148069257118956,0.151076943183178,95.8,0.615557596752473,0.00662185848591759,0.00468705043575745,0.897061870775924,2.33859086931066
5,"n150_emweak_imbhig_corI0.5_corC0.5_bin",150,"weak","high",0.5,0.5,"binary","log_rr","spfa","index",500,500,100,0.0334513789967336,0.0334513789967336,8.96505994493889,0.237419865254802,0.23952964490759,93.8,0.95923279651493,0.0106177391583716,0.00751539451572986,1.07848041243223,2.84558277982563
5,"n150_emweak_imbhig_corI0.5_corC0.5_bin",150,"weak","high",0.5,0.5,"binary","lor","spfa","comparator",500,500,100,-0.03505313488224,0.03505313488224,-5.84417114700638,0.332025629204709,0.333540490311084,95.6,1.33636884166216,0.0148486375434774,0.0105100876463258,0.917213170424412,2.47561250642701
5,"n150_emweak_imbhig_corI0.5_corC0.5_bin",150,"weak","high",0.5,0.5,"binary","lor","spfa","index",500,500,100,0.0326614780841657,0.0326614780841657,7.03474534851687,0.291494190393214,0.293028492569531,93.8,1.1765285943692,0.0130360164953099,0.00922708736902532,1.07848041243223,2.80774361060006
5,"n150_emweak_imbhig_corI0.5_corC0.5_bin",150,"weak","high",0.5,0.5,"binary","p_A","spfa","comparator",500,500,100,-0.00984916907872885,0.00984916907872885,-1.63692291942605,0.0703922765119778,0.0710082289519677,94.6,0.2724562393715,0.00314803830743488,0.00222822857843046,1.01078187557949,0.523201095999097
5,"n150_emweak_imbhig_corI0.5_corC0.5_bin",150,"weak","high",0.5,0.5,"binary","p_A","spfa","index",500,500,100,-0.00380277158219357,0.00380277158219357,-1.6211185204065,0.0299312212373185,0.0301421187120967,92.8,0.1135006543215,0.00133856490672459,0.000947456253058802,1.15599307956406,0.570629161956057
5,"n150_emweak_imbhig_corI0.5_corC0.5_bin",150,"weak","high",0.5,0.5,"binary","p_B","spfa","comparator",500,500,100,0.0027692809773637,0.0027692809773637,0.610898012936708,0.0376066142300613,0.0376709149890542,96.6,0.158034273448,0.00168181891644056,0.00119041657292009,0.810481338464989,0.371005991292003
5,"n150_emweak_imbhig_corI0.5_corC0.5_bin",150,"weak","high",0.5,0.5,"binary","p_B","spfa","index",500,500,100,-0.00371240875136007,0.00371240875136007,-2.29836427022695,0.0330229353252834,0.0331981205449952,93.8,0.13304881558585,0.00147683056407826,0.00104532275246044,1.07848041243223,0.914310580809039
5,"n150_emweak_imbhig_corI0.5_corC0.5_bin",150,"weak","high",0.5,0.5,"binary","rd","spfa","comparator",500,500,100,-0.0126184500583522,0.0126184500583522,-8.5044384606305,0.0779904716166892,0.0789276498924347,95.8,0.315853122424359,0.0034878399226437,0.00246874524184491,0.897061870775924,2.35069440743399
5,"n150_emweak_imbhig_corI0.5_corC0.5_bin",150,"weak","high",0.5,0.5,"binary","rd","spfa","index",500,500,100,-9.03628318914382e-05,9.03628318914382e-05,-0.123694769639091,0.0438484640167587,0.0438046868094854,95.2,0.177372508879651,0.00196096292500852,0.00138799887549873,0.955991631762538,2.68429897782685
5,"n150_emweak_imbhig_corI0.5_corC0.5_bin",150,"weak","high",0.5,0.5,"binary","log_rr","relaxed","comparator",500,500,100,-0.0291044950806768,0.0291044950806768,-10.2786108456282,0.149586784947384,0.152244952140734,95.6,0.60390987320051,0.00668972439355986,0.00473508693980903,0.917213170424412,2.3625585503306
5,"n150_emweak_imbhig_corI0.5_corC0.5_bin",150,"weak","high",0.5,0.5,"binary","log_rr","relaxed","index",500,500,100,0.0292541703960584,0.0292541703960584,7.84019670058236,0.281911730729472,0.283144983993364,93.2,1.04605076323871,0.0126074758713143,0.00892375990850805,1.12584190719657,3.37883759446031
5,"n150_emweak_imbhig_corI0.5_corC0.5_bin",150,"weak","high",0.5,0.5,"binary","lor","relaxed","comparator",500,500,100,-0.0302923941805855,0.0302923941805855,-5.0504451781178,0.335503768045747,0.336534221085079,95.2,1.32203571250533,0.0150041846411523,0.0106201862075512,0.955991631762538,2.50154581776381
5,"n150_emweak_imbhig_corI0.5_corC0.5_bin",150,"weak","high",0.5,0.5,"binary","lor","relaxed","index",500,500,100,0.0233528833568666,0.0233528833568666,5.02982709924626,0.344224661628254,0.344672298856202,93.2,1.28990997566619,0.0153941948586528,0.0108962412703063,1.12584190719657,3.31565645611645
5,"n150_emweak_imbhig_corI0.5_corC0.5_bin",150,"weak","high",0.5,0.5,"binary","p_A","relaxed","comparator",500,500,100,-0.00956030537048485,0.00956030537048485,-1.58891403453075,0.0707335103397361,0.0713065387239383,94.4,0.2737379683105,0.00316329874813669,0.00223903014650887,1.02824121683582,0.525737367327737
5,"n150_emweak_imbhig_corI0.5_corC0.5_bin",150,"weak","high",0.5,0.5,"binary","p_A","relaxed","index",500,500,100,-0.00378259465430557,0.00378259465430557,-1.61251711199235,0.0299604694354559,0.0301685679417185,92.8,0.1137318951035,0.00133987292590968,0.00094838208859342,1.15599307956406,0.57118676950102
5,"n150_emweak_imbhig_corI0.5_corC0.5_bin",150,"weak","high",0.5,0.5,"binary","p_B","relaxed","comparator",500,500,100,0.00191115630063037,0.00191115630063037,0.421597373473465,0.0375357325875731,0.0375468490934921,94.8,0.1453831620625,0.00167864899302135,0.00118817285373236,0.992935043192656,0.370306712333391
5,"n150_emweak_imbhig_corI0.5_corC0.5_bin",150,"weak","high",0.5,0.5,"binary","p_B","relaxed","index",500,500,100,-0.000143741475917407,0.000143741475917407,-0.0889908128454935,0.0416311784800124,0.04158977486358,90.4,0.1546663997895,0.00186180290129468,0.00131781192823218,1.31745208641529,1.15264820043668
5,"n150_emweak_imbhig_corI0.5_corC0.5_bin",150,"weak","high",0.5,0.5,"binary","rd","relaxed","comparator",500,500,100,-0.0114714616757718,0.0114714616757718,-7.73140436614147,0.078762261514074,0.0795152896247787,95.6,0.3118020915159,0.0035223554161417,0.00249317582416318,0.917213170424412,2.37395676446156
5,"n150_emweak_imbhig_corI0.5_corC0.5_bin",150,"weak","high",0.5,0.5,"binary","rd","relaxed","index",500,500,100,-0.00363885318322342,0.00363885318322342,-4.98110890094782,0.050582012855587,0.0506622561377084,93.6,0.19696857117703,0.00226209638367721,0.00160114563960973,1.09456840809517,3.09651086872241
5,"n150_emweak_imbhig_corI0.5_corC0.5_bin",150,"weak","high",0.5,0.5,"binary","log_rr","naive","comparator",500,500,100,-0.967074260269018,0.967074260269018,-341.534184069337,0.153432776007155,0.979146137404741,0,0.686291350736491,0.00686172234256994,0.00485682965955629,0,2.4233017440957
5,"n150_emweak_imbhig_corI0.5_corC0.5_bin",150,"weak","high",0.5,0.5,"binary","log_rr","naive","index",500,500,100,-1.05704890740177,1.05704890740177,-283.291962956577,0.153432776007155,1.06810436108043,0,0.686291350736491,0.00686172234256994,0.00485682965955629,0,1.83896012575962
5,"n150_emweak_imbhig_corI0.5_corC0.5_bin",150,"weak","high",0.5,0.5,"binary","lor","naive","comparator",500,500,100,-1.63018337560173,1.63018337560173,-271.789404286579,0.225144308262829,1.64562645145012,0,0.999768278853239,0.0100687595604571,0.00712681854886208,0,1.67869590856998
5,"n150_emweak_imbhig_corI0.5_corC0.5_bin",150,"weak","high",0.5,0.5,"binary","lor","naive","index",500,500,100,-1.49467485471904,1.49467485471904,-321.928387768751,0.225144308262829,1.51150306018659,0,0.999768278853239,0.0100687595604571,0.00712681854886208,0,2.16864525545153
5,"n150_emweak_imbhig_corI0.5_corC0.5_bin",150,"weak","high",0.5,0.5,"binary","p_A","naive","comparator",500,500,100,-0.370808018528218,0.370808018528218,-61.6279545395049,0.0299577197796032,0.372013785563476,0,0.134391352709452,0.00133974995756166,0.000948295049758261,0,0.22266522122857
5,"n150_emweak_imbhig_corI0.5_corC0.5_bin",150,"weak","high",0.5,0.5,"binary","p_A","naive","index",500,500,100,-0.00369702409321824,0.00369702409321824,-1.57603844942166,0.0299577197796032,0.0301552322423536,96.4,0.134391352709452,0.00133974995756166,0.000948295049758261,0.83311463797007,0.57113434819143
5,"n150_emweak_imbhig_corI0.5_corC0.5_bin",150,"weak","high",0.5,0.5,"binary","p_B","naive","comparator",500,500,100,0.00190019125071037,0.00190019125071037,0.419178504726436,0.0375433993651882,0.0375539418571673,95.8,0.158929072024655,0.00167899186173966,0.0011884155413372,0.897061870775924,0.370382348507699
5,"n150_emweak_imbhig_corI0.5_corC0.5_bin",150,"weak","high",0.5,0.5,"binary","p_B","naive","index",500,500,100,0.293689383476878,0.293689383476878,181.824047602771,0.0375433993651882,0.296074554444064,0,0.158929072024655,0.00167899186173966,0.0011884155413372,0,1.03946929432556
5,"n150_emweak_imbhig_corI0.5_corC0.5_bin",150,"weak","high",0.5,0.5,"binary","rd","naive","comparator",500,500,100,-0.372708209778929,0.372708209778929,-251.193610877641,0.0474565746253621,0.375711367753008,0,0.208187948237777,0.00212232253683203,0.00150221162113796,0,1.43037863799686
5,"n150_emweak_imbhig_corI0.5_corC0.5_bin",150,"weak","high",0.5,0.5,"binary","rd","naive","index",500,500,100,-0.297386407570096,0.297386407570096,-407.082673353726,0.0474565746253621,0.301141657081297,0,0.208187948237777,0.00212232253683203,0.00150221162113796,0,2.90517895243347
5,"n150_emweak_imbhig_corI0.5_corC0.5_bin",150,"weak","high",0.5,0.5,"binary","log_rr","stc","comparator",500,500,100,-0.0233749286592621,0.0233749286592621,-8.25514390704522,0.145785517988949,0.147503551518671,96.4,0.60468103772652,0.00651972656716616,0.00461475993675227,0.83311463797007,2.30252172449803
5,"n150_emweak_imbhig_corI0.5_corC0.5_bin",150,"weak","high",0.5,0.5,"binary","log_rr","stc","index",500,500,100,-0.113349575792019,0.113349575792019,-30.3779925427908,0.145785517988949,0.18455090558712,94.6,0.60468103772652,0.00651972656716616,0.00461475993675227,1.01078187557949,1.74730433399958
5,"n150_emweak_imbhig_corI0.5_corC0.5_bin",150,"weak","high",0.5,0.5,"binary","lor","stc","comparator",500,500,100,-0.0364448281238251,0.0364448281238251,-6.07619871074009,0.329811747158145,0.331491270599025,95.4,1.34929756021228,0.0147496297284717,0.0104400084346584,0.936845771725528,2.45910560575384
5,"n150_emweak_imbhig_corI0.5_corC0.5_bin",150,"weak","high",0.5,0.5,"binary","lor","stc","index",500,500,100,0.0990636927588708,0.0990636927588708,21.3366905822986,0.329811747158145,0.344052106823087,92.6,1.34929756021228,0.0147496297284717,0.0104400084346584,1.17067501895274,3.17682772522824
5,"n150_emweak_imbhig_corI0.5_corC0.5_bin",150,"weak","high",0.5,0.5,"binary","p_A","stc","comparator",500,500,100,-0.00910094059317828,0.00910094059317828,-1.51256802743721,0.070690670266121,0.0712039580404676,93.8,0.281024910830729,0.0031613828818014,0.00223767406767378,1.07848041243223,0.525418952089891
5,"n150_emweak_imbhig_corI0.5_corC0.5_bin",150,"weak","high",0.5,0.5,"binary","p_A","stc","index",500,500,100,-0.00369702389670853,0.00369702389670853,-1.57603836564973,0.0299577196772911,0.0301552321168228,93,0.115306442621357,0.00133974995298612,0.000948295046519627,1.14105214604767,0.571134346240882
5,"n150_emweak_imbhig_corI0.5_corC0.5_bin",150,"weak","high",0.5,0.5,"binary","p_B","stc","comparator",500,500,100,0.00190019125071037,0.00190019125071037,0.419178504726436,0.0375433993651882,0.0375539418571673,95.8,0.158929072024655,0.00167899186173966,0.0011884155413372,0.897061870775924,0.370382348507699
5,"n150_emweak_imbhig_corI0.5_corC0.5_bin",150,"weak","high",0.5,0.5,"binary","p_B","stc","index",500,500,100,0.0168621457726806,0.0168621457726806,10.4394090087977,0.0257347431956017,0.0307454779339663,99.8,0.141085217043692,0.00115089270337731,0.000814619061755319,0.199799899899875,0.712521396610283
5,"n150_emweak_imbhig_corI0.5_corC0.5_bin",150,"weak","high",0.5,0.5,"binary","rd","stc","comparator",500,500,100,-0.0110011318438887,0.0110011318438887,-7.41441685238569,0.0786114194643926,0.0792995628078295,95.2,0.32326931213308,0.00351560955460264,0.00248840100251252,0.955991631762538,2.36941026595679
5,"n150_emweak_imbhig_corI0.5_corC0.5_bin",150,"weak","high",0.5,0.5,"binary","rd","stc","index",500,500,100,0.0643206703649437,0.0643206703649437,88.0464936444459,0.0786114194643926,0.101511301813453,85.6,0.32326931213308,0.00351560955460264,0.00248840100251252,1.57012101444443,4.81240466788387
5,"n150_emweak_imbhig_corI0.5_corC0.5_bin",150,"weak","high",0.5,0.5,"binary","log_rr","maic","comparator",500,500,100,-0.0191886104781696,0.0191886104781696,-6.77669408889338,0.153958355733479,0.154996682937536,96.8,0.663266951895224,0.00688522698248308,0.00487346659509055,0.787095928079926,2.43160269712938
5,"n150_emweak_imbhig_corI0.5_corC0.5_bin",150,"weak","high",0.5,0.5,"binary","log_rr","maic","index",500,500,100,-0.109163257610926,0.109163257610926,-29.2560479603045,0.153958355733479,0.1886064308601,97,0.663266951895224,0.00688522698248308,0.00487346659509055,0.762889244910426,1.84525943275758
5,"n150_emweak_imbhig_corI0.5_corC0.5_bin",150,"weak","high",0.5,0.5,"binary","lor","maic","comparator",500,500,100,-0.0218823872772852,0.0218823872772852,-3.64830183614544,0.3536626709387,0.353985831805197,97.8,1.5171110984455,0.0158162754664615,0.0111949962347867,0.655987804764693,2.63694020648153
5,"n150_emweak_imbhig_corI0.5_corC0.5_bin",150,"weak","high",0.5,0.5,"binary","lor","maic","index",500,500,100,0.113626133605411,0.113626133605411,24.4732009001802,0.3536626709387,0.3711307431135,95.4,1.5171110984455,0.0158162754664614,0.0111949962347867,0.936845771725528,3.40656567904965
5,"n150_emweak_imbhig_corI0.5_corC0.5_bin",150,"weak","high",0.5,0.5,"binary","p_A","maic","comparator",500,500,100,-0.0060196932244904,0.0060196932244904,-1.0004675245512,0.0758238146724532,0.0759867690868387,96.2,0.323466637075895,0.00339094407841903,0.00240016091467117,0.85505555375075,0.563571813630854
5,"n150_emweak_imbhig_corI0.5_corC0.5_bin",150,"weak","high",0.5,0.5,"binary","p_A","maic","index",500,500,100,-0.00374884425364835,0.00374884425364835,-1.59812934286292,0.0365329837678957,0.0366884643780231,93.6,0.147890344864404,0.00163380470251822,0.00115643139447422,1.09456840809517,0.696489653594108
5,"n150_emweak_imbhig_corI0.5_corC0.5_bin",150,"weak","high",0.5,0.5,"binary","p_B","maic","comparator",500,500,100,0.00190019125071037,0.00190019125071037,0.419178504726436,0.0375433993651882,0.0375539418571673,95.8,0.158929072024655,0.00167899186173966,0.0011884155413372,0.897061870775924,0.370382348507699
5,"n150_emweak_imbhig_corI0.5_corC0.5_bin",150,"weak","high",0.5,0.5,"binary","p_B","maic","index",500,500,100,0.0171537644830276,0.0171537644830276,10.6199510959656,0.0365522518297501,0.040344102611621,98.4,0.166856585208549,0.00163466639644025,0.00115704131431489,0.561141693336006,1.01202725533456
5,"n150_emweak_imbhig_corI0.5_corC0.5_bin",150,"weak","high",0.5,0.5,"binary","rd","maic","comparator",500,500,100,-0.00791988447520077,0.00791988447520077,-5.33775303806555,0.0838359566459557,0.0841257110614204,96.6,0.360692028812876,0.00374925796038164,0.00265378083725973,0.810481338464989,2.52688194268279
5,"n150_emweak_imbhig_corI0.5_corC0.5_bin",150,"weak","high",0.5,0.5,"binary","rd","maic","index",500,500,100,0.0674019177336316,0.0674019177336316,92.2643139085208,0.0838359566459557,0.107505484537582,86,0.360692028812876,0.00374925796038164,0.00265378083725973,1.55177317930167,5.13223844383387
6,"n150_emstro_imbhig_corI0.5_corC0.5_bin",150,"strong","high",0.5,0.5,"binary","log_rr","spfa","comparator",500,500,100,-0.0102647483959498,0.0102647483959498,-4.2823995199275,0.155184270966057,0.155368461081998,93.6,0.599527853649435,0.00694005157837702,0.00491227226371385,1.09456840809517,2.8953533395169
6,"n150_emstro_imbhig_corI0.5_corC0.5_bin",150,"strong","high",0.5,0.5,"binary","log_rr","spfa","index",500,500,100,0.338062527556307,0.338062527556307,808.60573896181,0.253437323627175,0.422360377629164,72,0.952407360554429,0.0113340616733195,0.00802241830111729,2.00798406368178,27.1097402632618
6,"n150_emstro_imbhig_corI0.5_corC0.5_bin",150,"strong","high",0.5,0.5,"binary","lor","spfa","comparator",500,500,100,0.0115680544141565,0.0115680544141565,2.22972852478952,0.356210122927266,0.356041711398307,93.4,1.33061145760284,0.0159302009827785,0.0112756344184678,1.11035129576184,3.07052701044208
6,"n150_emstro_imbhig_corI0.5_corC0.5_bin",150,"strong","high",0.5,0.5,"binary","lor","spfa","index",500,500,100,0.411906493903342,0.411906493903342,758.873787832019,0.311688124103964,0.51635467215256,72.2,1.17725122849051,0.0139391166655171,0.00986631517120566,2.00357680162254,25.6806591290974
6,"n150_emstro_imbhig_corI0.5_corC0.5_bin",150,"strong","high",0.5,0.5,"binary","p_A","spfa","comparator",500,500,100,-0.00147522937739818,0.00147522937739818,-0.245181777261698,0.0712447795170376,0.0711887861459259,94.2,0.2687392368315,0.00318616340084161,0.00225521408952909,1.04533248299285,0.529537451757017
6,"n150_emstro_imbhig_corI0.5_corC0.5_bin",150,"strong","high",0.5,0.5,"binary","p_A","spfa","index",500,500,100,-0.000212820534896234,0.000212820534896234,-0.0907252258480615,0.0296498656220558,0.0296209654623752,95,0.11373686225295,0.00132598230109302,0.000938550096677803,0.974679434480897,0.565265207118531
6,"n150_emstro_imbhig_corI0.5_corC0.5_bin",150,"strong","high",0.5,0.5,"binary","p_B","spfa","comparator",500,500,100,0.000146671437588359,0.000146671437588359,0.0309793939195827,0.0412153839264994,0.0411744091514977,94,0.1583137842735,0.0018432080035681,0.00130465018162017,1.06207344378814,0.389315518802795
6,"n150_emstro_imbhig_corI0.5_corC0.5_bin",150,"strong","high",0.5,0.5,"binary","p_B","spfa","index",500,500,100,-0.0600267397301746,0.0600267397301746,-26.6818723166157,0.0354099032887687,0.0696746941941781,62.6,0.138155355647,0.0015835790166076,0.00112088090309265,2.16390387956582,0.703900516908399
6,"n150_emstro_imbhig_corI0.5_corC0.5_bin",150,"strong","high",0.5,0.5,"binary","rd","spfa","comparator",500,500,100,-0.00162190081690141,0.00162190081690141,-1.26474215954895,0.083387192695706,0.0833195512477073,93.2,0.313707356305908,0.00372918862640945,0.00263957546262967,1.12584190719657,2.90798427843517
6,"n150_emstro_imbhig_corI0.5_corC0.5_bin",150,"strong","high",0.5,0.5,"binary","rd","spfa","index",500,500,100,0.0598139191985978,0.0598139191985978,622.735253829432,0.0470376856855697,0.0760646022588794,72.4,0.181974134036073,0.00210358925394405,0.0014889519234398,1.99911980631477,21.9009087777419
6,"n150_emstro_imbhig_corI0.5_corC0.5_bin",150,"strong","high",0.5,0.5,"binary","log_rr","relaxed","comparator",500,500,100,-0.00891155273363295,0.00891155273363295,-3.71785334391406,0.156742920996996,0.156839479622414,92.8,0.592004843140768,0.00700975652682324,0.00496161046834086,1.15599307956406,2.92443388063181
6,"n150_emstro_imbhig_corI0.5_corC0.5_bin",150,"strong","high",0.5,0.5,"binary","log_rr","relaxed","index",500,500,100,0.0692318914237955,0.0692318914237955,165.594528116216,0.285778848413179,0.293767366959093,92.4,1.0658763908177,0.0127804186316695,0.00904617137985072,1.18510759005248,30.5692557131496
6,"n150_emstro_imbhig_corI0.5_corC0.5_bin",150,"strong","high",0.5,0.5,"binary","lor","relaxed","comparator",500,500,100,0.0155818080826939,0.0155818080826939,3.00337469948805,0.359690842800007,0.359668653252569,93.6,1.32249609450278,0.0160858635077001,0.0113858146808242,1.09456840809517,3.10053077422399
6,"n150_emstro_imbhig_corI0.5_corC0.5_bin",150,"strong","high",0.5,0.5,"binary","lor","relaxed","index",500,500,100,0.0721922514724558,0.0721922514724558,133.003019223775,0.364057902018798,0.370789429303137,92.4,1.38396733501928,0.0162811643331998,0.0115240515249381,1.18510759005248,29.9955184750017
6,"n150_emstro_imbhig_corI0.5_corC0.5_bin",150,"strong","high",0.5,0.5,"binary","p_A","relaxed","comparator",500,500,100,-0.00145079021449152,0.00145079021449152,-0.241120010672687,0.071721321455669,0.0716642508346469,94,0.2708275009105,0.0032074750042198,0.00227029876101714,1.06207344378814,0.533079420804418
6,"n150_emstro_imbhig_corI0.5_corC0.5_bin",150,"strong","high",0.5,0.5,"binary","p_A","relaxed","index",500,500,100,-0.000184563122208236,0.000184563122208236,-0.0786791131491603,0.0296898374298757,0.0296607069582858,95,0.1142184488962,0.00132776989468239,0.000939815382145601,0.974679434480897,0.566027256853064
6,"n150_emstro_imbhig_corI0.5_corC0.5_bin",150,"strong","high",0.5,0.5,"binary","p_B","relaxed","comparator",500,500,100,-0.000770525220431643,0.000770525220431643,-0.162747462772668,0.0411627849575778,0.0411288198815403,94.2,0.149180795982,0.00184085570616699,0.00130298519035189,1.04533248299285,0.388818675320498
6,"n150_emstro_imbhig_corI0.5_corC0.5_bin",150,"strong","high",0.5,0.5,"binary","p_B","relaxed","index",500,500,100,-0.00535639887861129,0.00535639887861129,-2.38091809747459,0.0540983248646097,0.0543089910106727,92,0.2073986462432,0.00241935063732269,0.0017124525513538,1.21326007104825,1.07540081444265
6,"n150_emstro_imbhig_corI0.5_corC0.5_bin",150,"strong","high",0.5,0.5,"binary","rd","relaxed","comparator",500,500,100,-0.000680264991247749,0.000680264991247749,-0.530463888500848,0.0841743723103852,0.0840929073370516,93.6,0.311233066105672,0.00376439236898795,0.00266449319793672,1.09456840809517,2.93543580749845
6,"n150_emstro_imbhig_corI0.5_corC0.5_bin",150,"strong","high",0.5,0.5,"binary","rd","relaxed","index",500,500,100,0.00517183576077233,0.00517183576077233,53.8450664728251,0.0603014555632798,0.0604627232028174,92.6,0.24047824649898,0.00269676307563353,0.00190880922261679,1.17067501895274,28.0765658048011
6,"n150_emstro_imbhig_corI0.5_corC0.5_bin",150,"strong","high",0.5,0.5,"binary","log_rr","naive","comparator",500,500,100,-0.945161244903977,0.945161244903977,-394.316344181212,0.155253812106605,0.957802337410867,0,0.675039391760736,0.00694316155272696,0.00491447355005409,0,2.89665080460317
6,"n150_emstro_imbhig_corI0.5_corC0.5_bin",150,"strong","high",0.5,0.5,"binary","log_rr","naive","index",500,500,100,-0.747273136271248,0.747273136271248,-1787.38930614036,0.155253812106605,0.763198977249022,0.2,0.675039391760736,0.00694316155272696,0.00491447355005409,0.199799899899875,16.6072244642344
6,"n150_emstro_imbhig_corI0.5_corC0.5_bin",150,"strong","high",0.5,0.5,"binary","lor","naive","comparator",500,500,100,-1.59936846423024,1.59936846423024,-308.276340918562,0.235668106760898,1.61660380489636,0,0.995653813040482,0.0105393981369209,0.0074599435695176,0,2.0314562690203
6,"n150_emstro_imbhig_corI0.5_corC0.5_bin",150,"strong","high",0.5,0.5,"binary","lor","naive","index",500,500,100,-1.13483712689606,1.13483712689606,-2090.76128152061,0.235668106760898,1.15900115712318,0.2,0.995653813040482,0.0105393981369209,0.0074599435695176,0.199799899899875,19.4172053706726
6,"n150_emstro_imbhig_corI0.5_corC0.5_bin",150,"strong","high",0.5,0.5,"binary","p_A","naive","comparator",500,500,100,-0.367248018528218,0.367248018528218,-61.0362857858694,0.0296903367927075,0.368443835855031,0,0.135128475331815,0.00132779222686714,0.000939831189199839,0,0.220677857291397
6,"n150_emstro_imbhig_corI0.5_corC0.5_bin",150,"strong","high",0.5,0.5,"binary","p_A","naive","index",500,500,100,-0.00013702409321823,0.00013702409321823,-0.058413262657718,0.0296903367927075,0.0296609481013131,98,0.135128475331815,0.00132779222686714,0.000939831189199839,0.626099033699941,0.566036777045773
6,"n150_emstro_imbhig_corI0.5_corC0.5_bin",150,"strong","high",0.5,0.5,"binary","p_B","naive","comparator",500,500,100,-0.000781709919051643,0.000781709919051643,-0.165109853092951,0.0411469930732104,0.0411132577070515,94,0.159245067406533,0.00184014947162823,0.00130248530698686,1.06207344378814,0.388669507095684
6,"n150_emstro_imbhig_corI0.5_corC0.5_bin",150,"strong","high",0.5,0.5,"binary","p_B","naive","index",500,500,100,0.247694674379626,0.247694674379626,110.100227082309,0.0411469930732104,0.251082338297455,0,0.159245067406533,0.00184014947162823,0.00130248530698686,0,0.817946026490441
6,"n150_emstro_imbhig_corI0.5_corC0.5_bin",150,"strong","high",0.5,0.5,"binary","rd","naive","comparator",500,500,100,-0.366466308609167,0.366466308609167,-285.766790251553,0.0507679804832866,0.369959171277447,0,0.208901889247049,0.00227041310882023,0.00160703234200431,0,1.7704456082607
6,"n150_emstro_imbhig_corI0.5_corC0.5_bin",150,"strong","high",0.5,0.5,"binary","rd","naive","index",500,500,100,-0.247831698472844,0.247831698472844,-2580.2277751277,0.0507679804832866,0.252967950212278,0.2,0.208901889247049,0.00227041310882023,0.00160703234200431,0.199799899899875,23.6377469084483
6,"n150_emstro_imbhig_corI0.5_corC0.5_bin",150,"strong","high",0.5,0.5,"binary","log_rr","stc","comparator",500,500,100,-0.0034811558161908,0.0034811558161908,-1.45232005900218,0.153104837272932,0.152991265959188,94.2,0.588199660240067,0.00684705647652641,0.00484644894031013,1.04533248299285,2.8565562678149
6,"n150_emstro_imbhig_corI0.5_corC0.5_bin",150,"strong","high",0.5,0.5,"binary","log_rr","stc","index",500,500,100,0.194406952816538,0.194406952816538,464.998528165318,0.153104837272932,0.247362633227798,68.2,0.588199660240067,0.00684705647652641,0.00484644894031013,2.08267136149706,16.3773524440467
6,"n150_emstro_imbhig_corI0.5_corC0.5_bin",150,"strong","high",0.5,0.5,"binary","lor","stc","comparator",500,500,100,0.00918537728441023,0.00918537728441023,1.77047038410708,0.354413634262825,0.354178171629673,94,1.34205222893868,0.0158498595672885,0.0112187675634478,1.06207344378814,3.05504129958471
6,"n150_emstro_imbhig_corI0.5_corC0.5_bin",150,"strong","high",0.5,0.5,"binary","lor","stc","index",500,500,100,0.473716714618595,0.473716714618595,872.749526659102,0.354413634262825,0.591409614237134,69.6,1.34205222893868,0.0158498595672885,0.0112187675634478,2.05710476155202,29.2009063815738
6,"n150_emstro_imbhig_corI0.5_corC0.5_bin",150,"strong","high",0.5,0.5,"binary","p_A","stc","comparator",500,500,100,-0.0010032741939435,0.0010032741939435,-0.166743256147529,0.071628668908598,0.0715640373113937,93,0.277449574254212,0.00320333145634901,0.0022673658958865,1.14105214604767,0.532390766926794
6,"n150_emstro_imbhig_corI0.5_corC0.5_bin",150,"strong","high",0.5,0.5,"binary","p_A","stc","index",500,500,100,-0.000137023947042769,0.000137023947042769,-0.0584132003432345,0.029690336688907,0.0296609479969423,95.6,0.115633153601729,0.00132779222222504,0.000939831185914092,0.917213170424412,0.56603677506685
6,"n150_emstro_imbhig_corI0.5_corC0.5_bin",150,"strong","high",0.5,0.5,"binary","p_B","stc","comparator",500,500,100,-0.000781709919051643,0.000781709919051643,-0.165109853092951,0.0411469930732104,0.0411132577070515,94,0.159245067406533,0.00184014947162823,0.00130248530698686,1.06207344378814,0.388669507095684
6,"n150_emstro_imbhig_corI0.5_corC0.5_bin",150,"strong","high",0.5,0.5,"binary","p_B","stc","index",500,500,100,-0.0394636272045594,0.0394636272045594,-17.5415734213741,0.0265153580287031,0.0475293167961414,79.8,0.143627971287302,0.0011858028599985,0.000839328992532558,1.79552777756291,0.527089104711993
6,"n150_emstro_imbhig_corI0.5_corC0.5_bin",150,"strong","high",0.5,0.5,"binary","rd","stc","comparator",500,500,100,-0.000221564274891862,0.000221564274891862,-0.17277362252088,0.0840844654376717,0.0840006310929331,93,0.32042529721232,0.00376037161140731,0.00266164724560921,1.14105214604767,2.93230046064335
6,"n150_emstro_imbhig_corI0.5_corC0.5_bin",150,"strong","high",0.5,0.5,"binary","rd","stc","index",500,500,100,0.11841304586143,0.11841304586143,1232.82304786613,0.0840844654376717,0.145181632321256,66.6,0.32042529721232,0.00376037161140731,0.00266164724560921,2.10923682880799,39.1500172752034
6,"n150_emstro_imbhig_corI0.5_corC0.5_bin",150,"strong","high",0.5,0.5,"binary","log_rr","maic","comparator",500,500,100,0.00390695151755247,0.00390695151755247,1.62995980590703,0.160406786758174,0.160293920139744,95,0.643651389355927,0.0071736095848718,0.00507758811249619,0.974679434480897,2.99279252227204
6,"n150_emstro_imbhig_corI0.5_corC0.5_bin",150,"strong","high",0.5,0.5,"binary","log_rr","maic","index",500,500,100,0.201795060150281,0.201795060150281,482.670010518936,0.160406786758174,0.257682212938071,71.6,0.643651389355927,0.0071736095848718,0.00507758811249619,2.01665068864194,17.1584290081741
6,"n150_emstro_imbhig_corI0.5_corC0.5_bin",150,"strong","high",0.5,0.5,"binary","lor","maic","comparator",500,500,100,0.0334469269813922,0.0334469269813922,6.44685480262762,0.381421548241789,0.382505071329434,94.8,1.50933994670231,0.0170576901990371,0.0120736881421491,0.992935043192656,3.28784919590897
6,"n150_emstro_imbhig_corI0.5_corC0.5_bin",150,"strong","high",0.5,0.5,"binary","lor","maic","index",500,500,100,0.497978264315577,0.497978264315577,917.447666624683,0.381421548241789,0.6270357122198,75.6,1.50933994670231,0.0170576901990371,0.0120736881421491,1.92074985357282,31.4261468673178
6,"n150_emstro_imbhig_corI0.5_corC0.5_bin",150,"strong","high",0.5,0.5,"binary","p_A","maic","comparator",500,500,100,0.00411920480973908,0.00411920480973908,0.684608083075181,0.0777072474511613,0.0777387118628018,94.6,0.318741621953489,0.00347517375290388,0.00245977993753877,1.01078187557949,0.577570708721184
6,"n150_emstro_imbhig_corI0.5_corC0.5_bin",150,"strong","high",0.5,0.5,"binary","p_A","maic","index",500,500,100,-0.00221347660035381,0.00221347660035381,-0.943603325564483,0.0351195599494779,0.0351541775998699,95.4,0.147769032951718,0.00157059446773823,0.00111169024527872,0.936845771725528,0.669543180458329
6,"n150_emstro_imbhig_corI0.5_corC0.5_bin",150,"strong","high",0.5,0.5,"binary","p_B","maic","comparator",500,500,100,-0.000781709919051643,0.000781709919051643,-0.165109853092951,0.0411469930732104,0.0411132577070515,94,0.159245067406533,0.00184014947162823,0.00130248530698686,1.06207344378814,0.388669507095684
6,"n150_emstro_imbhig_corI0.5_corC0.5_bin",150,"strong","high",0.5,0.5,"binary","p_B","maic","index",500,500,100,-0.0413881779421871,0.0413881779421871,-18.3970357916287,0.0366798983964682,0.0552784351248896,76.8,0.168315694289968,0.00164037492444577,0.00116108189578197,1.88772879408034,0.729146285175278
6,"n150_emstro_imbhig_corI0.5_corC0.5_bin",150,"strong","high",0.5,0.5,"binary","rd","maic","comparator",500,500,100,0.00490091472879071,0.00490091472879071,3.82168466361453,0.0893924361455615,0.0894373780359034,94.6,0.356751127483702,0.0039977512779157,0.00282966812248453,1.01078187557949,3.11740676857801
6,"n150_emstro_imbhig_corI0.5_corC0.5_bin",150,"strong","high",0.5,0.5,"binary","rd","maic","index",500,500,100,0.123535524865113,0.123535524865113,1286.15425079237,0.0893924361455615,0.152433761117599,71.6,0.356751127483702,0.0039977512779157,0.00282966812248453,2.01665068864194,41.6214267540945
7,"n150_emnone_imblow_corI0.5_corC0.25_bin",150,"none","low",0.5,0.25,"binary","log_rr","spfa","comparator",500,500,100,0.0245931558984492,0.0245931558984492,7.10381964628944,0.136240267488715,0.138308029345629,95.6,0.56460256837249,0.00609284998755043,0.00431261031172517,0.917213170424412,1.75994116502081
7,"n150_emnone_imblow_corI0.5_corC0.25_bin",150,"none","low",0.5,0.25,"binary","log_rr","spfa","index",500,500,100,0.0440409192833643,0.0440409192833643,11.6172741998258,0.155106932833118,0.161088940846339,95.4,0.637565485377049,0.00693659291192692,0.00490982416789202,0.936845771725528,1.82975975937137
7,"n150_emnone_imblow_corI0.5_corC0.25_bin",150,"none","low",0.5,0.25,"binary","lor","spfa","comparator",500,500,100,0.0399522199679035,0.0399522199679035,6.90917128750512,0.22472425790169,0.228026687003189,95.2,0.916314506616626,0.0100499743372275,0.0071135220870136,0.955991631762538,1.73800089673913
7,"n150_emnone_imblow_corI0.5_corC0.25_bin",150,"none","low",0.5,0.25,"binary","lor","spfa","index",500,500,100,0.0554991222161092,0.0554991222161092,10.3032509176212,0.215301894765728,0.222131376992742,95.6,0.879673641570967,0.00962859344761348,0.00681526239353247,0.917213170424412,1.78752042038117
7,"n150_emnone_imblow_corI0.5_corC0.25_bin",150,"none","low",0.5,0.25,"binary","p_A","spfa","comparator",500,500,100,0.00417616857617345,0.00417616857617345,0.885503760050854,0.039190172663781,0.0393730653890036,93.4,0.1497754999365,0.00175263780252337,0.00124054323926009,1.11035129576184,0.371624692785689
7,"n150_emnone_imblow_corI0.5_corC0.25_bin",150,"none","low",0.5,0.25,"binary","p_A","spfa","index",500,500,100,-0.000876496335109012,0.000876496335109012,-0.247514568328029,0.032227350080565,0.0322070354868983,94.8,0.124496675543,0.00144125091029654,0.00102013894158373,0.992935043192656,0.406996107827489
7,"n150_emnone_imblow_corI0.5_corC0.25_bin",150,"none","low",0.5,0.25,"binary","p_B","spfa","comparator",500,500,100,-0.00334172417845312,0.00334172417845312,-1.00169176252433,0.0352605690587557,0.0353834457814872,96.6,0.149050593593,0.00157690058681407,0.00111615381063959,0.810481338464989,0.472680641423441
7,"n150_emnone_imblow_corI0.5_corC0.25_bin",150,"none","low",0.5,0.25,"binary","p_B","spfa","index",500,500,100,-0.0090748325981382,0.0090748325981382,-3.74394704039801,0.0291223108487973,0.0304756518860526,94.6,0.121009175337,0.00130238933439581,0.000921850642125259,1.01078187557949,0.537318638247663
7,"n150_emnone_imblow_corI0.5_corC0.25_bin",150,"none","low",0.5,0.25,"binary","rd","spfa","comparator",500,500,100,0.00751789275981099,0.00751789275981099,5.44747324856735,0.0522502809884507,0.0527366133838089,95.2,0.21106911770631,0.00233670360267282,0.00165395374462249,0.955991631762538,1.69317796516575
7,"n150_emnone_imblow_corI0.5_corC0.25_bin",150,"none","low",0.5,0.25,"binary","rd","spfa","index",500,500,100,0.00819833626247004,0.00819833626247004,7.3374802374635,0.0428947217907624,0.0436290036634396,95,0.173893133580085,0.00191831027600172,0.00135780869285761,0.974679434480897,1.71688050951511
7,"n150_emnone_imblow_corI0.5_corC0.25_bin",150,"none","low",0.5,0.25,"binary","log_rr","relaxed","comparator",500,500,100,0.00984793465486446,0.00984793465486446,2.84461058863178,0.138828202204888,0.139038501879705,94.2,0.531126784902242,0.0062085859464843,0.0043945299537573,1.04533248299285,1.79337190413585
7,"n150_emnone_imblow_corI0.5_corC0.25_bin",150,"none","low",0.5,0.25,"binary","log_rr","relaxed","index",500,500,100,0.0090023691227263,0.0090023691227263,2.37467773717114,0.151408813421351,0.151524988612176,94.6,0.581181776887077,0.00677120798405449,0.00479276224337329,1.01078187557949,1.78613392033631
7,"n150_emnone_imblow_corI0.5_corC0.25_bin",150,"none","low",0.5,0.25,"binary","lor","relaxed","comparator",500,500,100,0.0125697801968888,0.0125697801968888,2.17376567550852,0.228135729289218,0.228253846693905,94.2,0.870655444169379,0.0102025399757436,0.00722151032687246,1.04533248299285,1.76438496575814
7,"n150_emnone_imblow_corI0.5_corC0.25_bin",150,"none","low",0.5,0.25,"binary","lor","relaxed","index",500,500,100,0.0105491783247465,0.0105491783247465,1.95842433023285,0.211832796927538,0.211883630207156,94.8,0.816340104006449,0.00947345067587769,0.00670545002025158,0.992935043192656,1.75871861520982
7,"n150_emnone_imblow_corI0.5_corC0.25_bin",150,"none","low",0.5,0.25,"binary","p_A","relaxed","comparator",500,500,100,-0.00381435925612654,0.00381435925612654,-0.808786666983566,0.0399183993937062,0.0400604666656534,95.4,0.1532333929845,0.00178520509194627,0.00126359485360758,0.936845771725528,0.37853017485918
7,"n150_emnone_imblow_corI0.5_corC0.25_bin",150,"none","low",0.5,0.25,"binary","p_A","relaxed","index",500,500,100,-0.000852030404695679,0.000852030404695679,-0.240605612794009,0.0322634253627859,0.0322424055355413,94.8,0.1248453044545,0.0014428642459636,0.00102128088468889,0.992935043192656,0.407451699100615
7,"n150_emnone_imblow_corI0.5_corC0.25_bin",150,"none","low",0.5,0.25,"binary","p_B","relaxed","comparator",500,500,100,-0.00469504520273979,0.00469504520273979,-1.4073537650378,0.0352537008507255,0.0355300045916246,92.6,0.131440487057,0.00157659343121329,0.00111593640131326,1.17067501895274,0.472588570618465
7,"n150_emnone_imblow_corI0.5_corC0.25_bin",150,"none","low",0.5,0.25,"binary","p_B","relaxed","index",500,500,100,-0.0013777282585222,0.0013777282585222,-0.568400747912984,0.0291973076805959,0.0292006154969056,92.4,0.108774299216,0.00130574329467578,0.000924224625354467,1.18510759005248,0.538702360705132
7,"n150_emnone_imblow_corI0.5_corC0.25_bin",150,"none","low",0.5,0.25,"binary","rd","relaxed","comparator",500,500,100,0.000880685947853463,0.000880685947853463,0.638145993112243,0.053017333432915,0.0529716110457947,94,0.202029562372327,0.00237100723083541,0.00167823436548889,1.06207344378814,1.71803441134219
7,"n150_emnone_imblow_corI0.5_corC0.25_bin",150,"none","low",0.5,0.25,"binary","rd","relaxed","index",500,500,100,0.000525697856455953,0.000525697856455953,0.470497611848423,0.0427313456463344,0.0426918297005562,96.2,0.165803366296517,0.00191100387270487,0.00135263711137046,0.85505555375075,1.71034130593999
7,"n150_emnone_imblow_corI0.5_corC0.25_bin",150,"none","low",0.5,0.25,"binary","log_rr","naive","comparator",500,500,100,-0.273201270277394,0.273201270277394,-78.9151485560323,0.140500090762096,0.307147731611892,60.6,0.633539241566379,0.00628335507577872,0.00444745266130019,2.1852414054287,1.8149692303111
7,"n150_emnone_imblow_corI0.5_corC0.25_bin",150,"none","low",0.5,0.25,"binary","log_rr","naive","index",500,500,100,-0.306103599605555,0.306103599605555,-80.7451231272245,0.140500090762096,0.336749474601857,51.2,0.633539241566379,0.00628335507577872,0.00444745266130019,2.23542389716134,1.65744630216566
7,"n150_emnone_imblow_corI0.5_corC0.25_bin",150,"none","low",0.5,0.25,"binary","lor","naive","comparator",500,500,100,-0.468405551779364,0.468405551779364,-81.0041142109731,0.212325728157425,0.51419433227685,51,0.958661141445214,0.00949549523064286,0.00672105348568926,2.23562071917398,1.64211157880352
7,"n150_emnone_imblow_corI0.5_corC0.25_bin",150,"none","low",0.5,0.25,"binary","lor","naive","index",500,500,100,-0.428812880531809,0.428812880531809,-79.6078663663034,0.212325728157425,0.47840624673795,58.2,0.958661141445214,0.00949549523064286,0.00672105348568926,2.20579237463547,1.76281112280352
7,"n150_emnone_imblow_corI0.5_corC0.25_bin",150,"none","low",0.5,0.25,"binary","p_A","naive","comparator",500,500,100,-0.118308335389747,0.118308335389747,-25.085787108951,0.0322730391141411,0.122622706617691,8.8,0.152605492919305,0.00144329418599458,0.00102158520267059,1.26693330526907,0.306032288985993
7,"n150_emnone_imblow_corI0.5_corC0.25_bin",150,"none","low",0.5,0.25,"binary","p_A","naive","index",500,500,100,-0.000812422577162343,0.000812422577162343,-0.229420723660268,0.0322730391141411,0.0322509842640413,98.2,0.152605492919305,0.00144329418599458,0.00102158520267059,0.5945754788082,0.407573110242808
7,"n150_emnone_imblow_corI0.5_corC0.25_bin",150,"none","low",0.5,0.25,"binary","p_B","naive","comparator",500,500,100,-0.00467469894515312,0.00467469894515312,-1.4012549138058,0.0352643103947842,0.0355378285024882,96.2,0.149894082125319,0.0015770679044478,0.00111627224056221,0.85505555375075,0.472730795381841
7,"n150_emnone_imblow_corI0.5_corC0.25_bin",150,"none","low",0.5,0.25,"binary","p_B","naive","index",500,500,100,0.0865465554163711,0.0865465554163711,35.7059721491989,0.0352643103947842,0.0934419108263709,37.6,0.149894082125319,0.0015770679044478,0.00111627224056221,2.16621328589777,0.650641061365186
7,"n150_emnone_imblow_corI0.5_corC0.25_bin",150,"none","low",0.5,0.25,"binary","rd","naive","comparator",500,500,100,-0.113633636444593,0.113633636444593,-82.3390562284256,0.0473467310063227,0.123084657219059,43.8,0.213939874162758,0.00211741018085069,0.00149873458213269,2.21881049213312,1.53427771384149
7,"n150_emnone_imblow_corI0.5_corC0.25_bin",150,"none","low",0.5,0.25,"binary","rd","naive","index",500,500,100,-0.0873589779935335,0.0873589779935335,-78.1859579884368,0.0473467310063227,0.0993419375046902,65.6,0.213939874162758,0.00211741018085069,0.00149873458213269,2.12444816364156,1.89507417836934
7,"n150_emnone_imblow_corI0.5_corC0.25_bin",150,"none","low",0.5,0.25,"binary","log_rr","stc","comparator",500,500,100,0.0241772140140386,0.0241772140140386,6.9836733689108,0.135913393947449,0.137913173520467,96,0.563406262272951,0.00607823175838407,0.00430226331057286,0.876356092008266,1.75571863807165
7,"n150_emnone_imblow_corI0.5_corC0.25_bin",150,"none","low",0.5,0.25,"binary","log_rr","stc","index",500,500,100,-0.00872511531412206,0.00872511531412206,-2.30154271706001,0.135913393947449,0.136057463559521,96.4,0.563406262272951,0.00607823175838407,0.00430226331057286,0.83311463797007,1.60333812591213
7,"n150_emnone_imblow_corI0.5_corC0.25_bin",150,"none","low",0.5,0.25,"binary","lor","stc","comparator",500,500,100,0.0395790121043486,0.0395790121043486,6.84463026682552,0.22450021000849,0.227741172835358,95.8,0.91962990047038,0.0100399546108392,0.0071064299748771,0.897061870775924,1.73626812679729
7,"n150_emnone_imblow_corI0.5_corC0.25_bin",150,"none","low",0.5,0.25,"binary","lor","stc","index",500,500,100,0.079171683351904,0.079171683351904,14.6979931676892,0.22450021000849,0.237839649869492,94.4,0.91962990047038,0.0100399546108392,0.0071064299748771,1.02824121683582,1.86388842609441
7,"n150_emnone_imblow_corI0.5_corC0.25_bin",150,"none","low",0.5,0.25,"binary","p_A","stc","comparator",500,500,100,0.00369142352966915,0.00369142352966915,0.782719700088674,0.0392453610742838,0.0393794943694634,93.2,0.152103572620559,0.00175510590327245,0.00124229019786938,1.12584190719657,0.372148022352884
7,"n150_emnone_imblow_corI0.5_corC0.25_bin",150,"none","low",0.5,0.25,"binary","p_A","stc","index",500,500,100,-0.000812422448360973,0.000812422448360973,-0.229420687287936,0.0322730390259657,0.0322509841727375,95,0.126190684266425,0.00144329418205126,0.00102158519987945,0.974679434480897,0.40757310912925
7,"n150_emnone_imblow_corI0.5_corC0.25_bin",150,"none","low",0.5,0.25,"binary","p_B","stc","comparator",500,500,100,-0.00467469894515312,0.00467469894515312,-1.4012549138058,0.0352643103947842,0.0355378285024882,96.2,0.149894082125319,0.0015770679044478,0.00111627224056221,0.85505555375075,0.472730795381841
7,"n150_emnone_imblow_corI0.5_corC0.25_bin",150,"none","low",0.5,0.25,"binary","p_B","stc","index",500,500,100,0.00212961607108588,0.00212961607108588,0.87860240949919,0.0279827623697038,0.0280357661652016,99.8,0.162953845250557,0.00125142717713762,0.000885778865313338,0.199799899899875,0.51629349913069
7,"n150_emnone_imblow_corI0.5_corC0.25_bin",150,"none","low",0.5,0.25,"binary","rd","stc","comparator",500,500,100,0.00836612247482228,0.00836612247482228,6.06210142015623,0.0525398695822833,0.0531498732378133,95.2,0.213659314463727,0.00234965439829918,0.00166312051138639,0.955991631762538,1.7025621257246
7,"n150_emnone_imblow_corI0.5_corC0.25_bin",150,"none","low",0.5,0.25,"binary","rd","stc","index",500,500,100,0.0346407809258822,0.0346407809258822,31.0033691369209,0.0525398695822833,0.0628880014238556,90.2,0.213659314463727,0.00234965439829918,0.00166312051138639,1.32963152790538,2.10293188281534
7,"n150_emnone_imblow_corI0.5_corC0.25_bin",150,"none","low",0.5,0.25,"binary","log_rr","maic","comparator",500,500,100,0.0175125716782148,0.0175125716782148,5.0585679714493,0.136444356781535,0.137428230503476,97.2,0.599086930791463,0.00610197713819494,0.00431907064540589,0.737780455149091,1.76257757461097
7,"n150_emnone_imblow_corI0.5_corC0.25_bin",150,"none","low",0.5,0.25,"binary","log_rr","maic","index",500,500,100,-0.0153897576499458,0.0153897576499458,-4.0595663623175,0.136444356781535,0.137173878756328,97,0.599086930791463,0.00610197713819494,0.00431907064540589,0.762889244910426,1.60960176874091
7,"n150_emnone_imblow_corI0.5_corC0.25_bin",150,"none","low",0.5,0.25,"binary","lor","maic","comparator",500,500,100,0.0268947910201007,0.0268947910201007,4.65107365870567,0.224795167454027,0.226175001625019,97.2,0.995873986202365,0.010053145508813,0.00711576668967215,0.737780455149091,1.73854930600611
7,"n150_emnone_imblow_corI0.5_corC0.25_bin",150,"none","low",0.5,0.25,"binary","lor","maic","index",500,500,100,0.0664874622676561,0.0664874622676561,12.343204347486,0.224795167454027,0.234205858626243,96.4,0.995873986202365,0.010053145508813,0.00711576668967215,0.83311463797007,1.8663372780082
7,"n150_emnone_imblow_corI0.5_corC0.25_bin",150,"none","low",0.5,0.25,"binary","p_A","maic","comparator",500,500,100,0.000549724506435342,0.000549724506435342,0.116562133103982,0.0391483854521271,0.0391130807834704,98,0.17921610919039,0.0017507690216064,0.00123922048818804,0.626099033699941,0.371228441413528
7,"n150_emnone_imblow_corI0.5_corC0.25_bin",150,"none","low",0.5,0.25,"binary","p_A","maic","index",500,500,100,-0.000791807176099957,0.000791807176099957,-0.223599122484684,0.0322909863953317,0.0322683954572094,95.8,0.129670864138342,0.00144409681280965,0.00102215331392989,0.897061870775924,0.407799764732626
7,"n150_emnone_imblow_corI0.5_corC0.25_bin",150,"none","low",0.5,0.25,"binary","p_B","maic","comparator",500,500,100,-0.00467469894515312,0.00467469894515312,-1.4012549138058,0.0352643103947842,0.0355378285024882,96.2,0.149894082125319,0.0015770679044478,0.00111627224056221,0.85505555375075,0.472730795381841
7,"n150_emnone_imblow_corI0.5_corC0.25_bin",150,"none","low",0.5,0.25,"binary","p_B","maic","index",500,500,100,0.00380486256112558,0.00380486256112558,1.56974839709659,0.028376126952111,0.0286019431289165,99.8,0.172787690149622,0.00126901897606168,0.000898230603596201,0.199799899899875,0.52355123780573
7,"n150_emnone_imblow_corI0.5_corC0.25_bin",150,"none","low",0.5,0.25,"binary","rd","maic","comparator",500,500,100,0.00522442345158847,0.00522442345158847,3.78562290005738,0.0525782818070062,0.0527848592566364,96.8,0.233663321758566,0.00235137224521213,0.00166433642911387,0.787095928079926,1.70380687946111
7,"n150_emnone_imblow_corI0.5_corC0.25_bin",150,"none","low",0.5,0.25,"binary","rd","maic","index",500,500,100,0.0314990819026484,0.0314990819026484,28.1915602824142,0.0525782818070062,0.061246542164037,94,0.233663321758566,0.00235137224521213,0.00166433642911387,1.06207344378814,2.10446934936602
8,"n150_emweak_imblow_corI0.5_corC0.25_bin",150,"weak","low",0.5,0.25,"binary","log_rr","spfa","comparator",500,500,100,0.00933068483236906,0.00933068483236906,2.93773748907106,0.129856057264641,0.130061262859247,96.2,0.555283310679077,0.00580733942667687,0.00411052166824212,0.85505555375075,1.82842299916987
8,"n150_emweak_imblow_corI0.5_corC0.25_bin",150,"weak","low",0.5,0.25,"binary","log_rr","spfa","index",500,500,100,0.0424646446315958,0.0424646446315958,12.7939168689699,0.149029069201572,0.154817602952121,95.6,0.629652732015287,0.00666478258716471,0.00471743275635259,0.917213170424412,2.00799218054681
8,"n150_emweak_imblow_corI0.5_corC0.25_bin",150,"weak","low",0.5,0.25,"binary","lor","spfa","comparator",500,500,100,0.0156101101527326,0.0156101101527326,2.91752543765915,0.218935753108078,0.219273057624515,95.8,0.912506164634089,0.00979110453309548,0.00693029016944217,0.897061870775924,1.82995483430879
8,"n150_emweak_imblow_corI0.5_corC0.25_bin",150,"weak","low",0.5,0.25,"binary","lor","spfa","index",500,500,100,0.0539111093021644,0.0539111093021644,11.328440721825,0.210936092158987,0.217511964295172,95.2,0.876667816614841,0.00943334881951313,0.006677065326778,0.955991631762538,1.98224696715455
8,"n150_emweak_imblow_corI0.5_corC0.25_bin",150,"weak","low",0.5,0.25,"binary","p_A","spfa","comparator",500,500,100,0.00148552046544678,0.00148552046544678,0.314985837806128,0.0404127407416264,0.0403996287863474,94.2,0.150150105021,0.00180731270910704,0.00127924295555167,1.04533248299285,0.383217815639133
8,"n150_emweak_imblow_corI0.5_corC0.25_bin",150,"weak","low",0.5,0.25,"binary","p_A","spfa","index",500,500,100,-0.00249484235703568,0.00249484235703568,-0.704520719954143,0.0335004740962494,0.0335598188244601,93.6,0.1246101259745,0.00149818674715369,0.00106043897812469,1.09456840809517,0.423074268702332
8,"n150_emweak_imblow_corI0.5_corC0.25_bin",150,"weak","low",0.5,0.25,"binary","p_B","spfa","comparator",500,500,100,-0.000654295830583753,0.000654295830583753,-0.190600850378378,0.0343558180783244,0.0343276811683104,97.2,0.150461368812,0.00153643889291499,0.00108751441877937,0.737780455149091,0.447575157681712
8,"n150_emweak_imblow_corI0.5_corC0.25_bin",150,"weak","low",0.5,0.25,"binary","p_B","spfa","index",500,500,100,-0.0107589918038311,0.0107589918038311,-4.2341878844434,0.0278239973851877,0.0298057441689493,96.8,0.1238479444685,0.00124432699118112,0.00088075324754272,0.787095928079926,0.489703344552126
8,"n150_emweak_imblow_corI0.5_corC0.25_bin",150,"weak","low",0.5,0.25,"binary","rd","spfa","comparator",500,500,100,0.0021398162915179,0.0021398162915179,1.66737603113578,0.0516463043325021,0.0516389860809104,95.8,0.212310531725609,0.00230969294548233,0.00163483519764297,0.897061870775924,1.79974639498086
8,"n150_emweak_imblow_corI0.5_corC0.25_bin",150,"weak","low",0.5,0.25,"binary","rd","spfa","index",500,500,100,0.00826414944809132,0.00826414944809132,8.26241686651754,0.0432703926367706,0.0440099805871668,95.4,0.175777737129738,0.00193511078697851,0.00136970034570132,0.936845771725528,1.93470509038338
8,"n150_emweak_imblow_corI0.5_corC0.25_bin",150,"weak","low",0.5,0.25,"binary","log_rr","relaxed","comparator",500,500,100,-0.0054007367594366,0.0054007367594366,-1.70040539701443,0.132484880835131,0.1324624743848,95,0.528609091943918,0.00592490399076624,0.00419373562434169,0.974679434480897,1.8654378414367
8,"n150_emweak_imblow_corI0.5_corC0.25_bin",150,"weak","low",0.5,0.25,"binary","log_rr","relaxed","index",500,500,100,-0.00855617863011385,0.00855617863011385,-2.57783949587758,0.148351341568352,0.148449696856511,94.4,0.584255392995533,0.00663447368600249,0.00469597966297981,1.02824121683582,1.99886059437145
8,"n150_emweak_imblow_corI0.5_corC0.25_bin",150,"weak","low",0.5,0.25,"binary","lor","relaxed","comparator",500,500,100,-0.0115391370370533,0.0115391370370533,-2.15666164459092,0.222375101076072,0.222452097969418,94.8,0.875007619193876,0.00994491685018965,0.0070391608270369,0.992935043192656,1.85870231548329
8,"n150_emweak_imblow_corI0.5_corC0.25_bin",150,"weak","low",0.5,0.25,"binary","lor","relaxed","index",500,500,100,-0.0134661928172648,0.0134661928172648,-2.82967590638922,0.212269149760698,0.212483914462345,94.2,0.829361026897229,0.00949296496782008,0.00671926252783485,1.04533248299285,1.99477421823324
8,"n150_emweak_imblow_corI0.5_corC0.25_bin",150,"weak","low",0.5,0.25,"binary","p_A","relaxed","comparator",500,500,100,-0.00638986778834654,0.00638986778834654,-1.3548906969635,0.0411576770980337,0.0416100575064532,94.4,0.1536065724375,0.00184062727574379,0.00130282350388322,1.02824121683582,0.390281748400281
8,"n150_emweak_imblow_corI0.5_corC0.25_bin",150,"weak","low",0.5,0.25,"binary","p_A","relaxed","index",500,500,100,-0.00250471350146234,0.00250471350146234,-0.707308241080931,0.0334565842006276,0.0335168305489249,93.2,0.125038670067,0.00149622393135097,0.00105904966775465,1.12584190719657,0.422519987427379
8,"n150_emweak_imblow_corI0.5_corC0.25_bin",150,"weak","low",0.5,0.25,"binary","p_B","relaxed","comparator",500,500,100,-0.00194743969200375,0.00194743969200375,-0.567302501416457,0.0343414266583252,0.0343622967671439,95.4,0.134718003576,0.00153579528904677,0.00108705886633931,0.936845771725528,0.447387671473098
8,"n150_emweak_imblow_corI0.5_corC0.25_bin",150,"weak","low",0.5,0.25,"binary","p_B","relaxed","index",500,500,100,0.00149197422838085,0.00149197422838085,0.587164607697023,0.0292840407825361,0.0292927622726551,95.4,0.1159742917655,0.00130962211691254,0.000926970113723583,0.936845771725528,0.515400160325024
8,"n150_emweak_imblow_corI0.5_corC0.25_bin",150,"weak","low",0.5,0.25,"binary","rd","relaxed","comparator",500,500,100,-0.0044424281057099,0.0044424281057099,-3.46160470544425,0.0524191791250258,0.0525548281981366,94.4,0.204463882907953,0.00234425695696591,0.0016593001217168,1.02824121683582,1.82667917632105
8,"n150_emweak_imblow_corI0.5_corC0.25_bin",150,"weak","low",0.5,0.25,"binary","rd","relaxed","index",500,500,100,-0.00399668772695089,0.00399668772695089,-3.99584982009123,0.044215138536066,0.0443513475736504,93.4,0.17109107641488,0.00197736110802428,0.00139960575459667,1.11035129576184,1.97694655363584
8,"n150_emweak_imblow_corI0.5_corC0.25_bin",150,"weak","low",0.5,0.25,"binary","log_rr","naive","comparator",500,500,100,-0.287383220734636,0.287383220734636,-90.4817252377141,0.137191549900065,0.318391259115363,59.6,0.625372709400742,0.00613539263030198,0.00434272263029419,2.19446576642243,1.93170954372832
8,"n150_emweak_imblow_corI0.5_corC0.25_bin",150,"weak","low",0.5,0.25,"binary","log_rr","naive","index",500,500,100,-0.301681340259539,0.301681340259539,-90.8917529319947,0.137191549900065,0.331354054422223,56.2,0.625372709400742,0.00613539263030198,0.00434272263029419,2.21881049213312,1.84849547079853
8,"n150_emweak_imblow_corI0.5_corC0.25_bin",150,"weak","low",0.5,0.25,"binary","lor","naive","comparator",500,500,100,-0.489049466561382,0.489049466561382,-91.403215288439,0.210235984215036,0.532240689411022,47.6,0.954591585048134,0.00940203904042786,0.00665490379704777,2.23349054173059,1.75723859716075
8,"n150_emweak_imblow_corI0.5_corC0.25_bin",150,"weak","low",0.5,0.25,"binary","lor","naive","index",500,500,100,-0.429894928126559,0.429894928126559,-90.3346132723602,0.210235984215036,0.478456288441991,61.2,0.954591585048134,0.00940203904042786,0.00665490379704777,2.17924757657316,1.97566778559119
8,"n150_emweak_imblow_corI0.5_corC0.25_bin",150,"weak","low",0.5,0.25,"binary","p_A","naive","comparator",500,500,100,-0.11992166872308,0.11992166872308,-25.4278740498453,0.0334716462428189,0.124496253073448,8.6,0.152414796422545,0.00149689752635537,0.00105952644836927,1.25382614424808,0.317398199766409
8,"n150_emweak_imblow_corI0.5_corC0.25_bin",150,"weak","low",0.5,0.25,"binary","p_A","naive","index",500,500,100,-0.00242575591049568,0.00242575591049568,-0.685011337760848,0.0334716462428189,0.033526030062286,97.2,0.152414796422545,0.00149689752635537,0.00105952644836927,0.737780455149091,0.422710204511081
8,"n150_emweak_imblow_corI0.5_corC0.25_bin",150,"weak","low",0.5,0.25,"binary","p_B","naive","comparator",500,500,100,-0.00192064606472375,0.00192064606472375,-0.559497334539979,0.0343494971387522,0.0343688384890109,97.6,0.15132087468325,0.00153615621190369,0.00108731433293338,0.684455988358638,0.44749281076978
8,"n150_emweak_imblow_corI0.5_corC0.25_bin",150,"weak","low",0.5,0.25,"binary","p_B","naive","index",500,500,100,0.0872618801843875,0.0872618801843875,34.3418047515304,0.0343494971387522,0.0937665394002156,40.2,0.15132087468325,0.00153615621190369,0.00108731433293338,2.19269696948758,0.604552372531686
8,"n150_emweak_imblow_corI0.5_corC0.25_bin",150,"weak","low",0.5,0.25,"binary","rd","naive","comparator",500,500,100,-0.118001022658356,0.118001022658356,-91.9481161116338,0.0474678341558553,0.127172836082659,42.4,0.214802886690491,0.00212282607834358,0.00150256803534798,2.2100859711785,1.65413700948563
8,"n150_emweak_imblow_corI0.5_corC0.25_bin",150,"weak","low",0.5,0.25,"binary","rd","naive","index",500,500,100,-0.0896876360948832,0.0896876360948832,-89.6688330533035,0.0474678341558553,0.101452259497643,65.8,0.214802886690491,0.00212282607834358,0.00150256803534798,2.12149004239945,2.1223810271776
8,"n150_emweak_imblow_corI0.5_corC0.25_bin",150,"weak","low",0.5,0.25,"binary","log_rr","stc","comparator",500,500,100,0.00903736938788088,0.00903736938788088,2.84538802138706,0.129330797608039,0.129517089007454,96.8,0.554706468449781,0.00578384910071686,0.00409389486433789,0.787095928079926,1.8210271421194
8,"n150_emweak_imblow_corI0.5_corC0.25_bin",150,"weak","low",0.5,0.25,"binary","log_rr","stc","index",500,500,100,-0.0052607501370218,0.0052607501370218,-1.58497970500853,0.129330797608039,0.129308459860583,97.4,0.554706468449781,0.00578384910071686,0.00409389486433789,0.711674082709214,1.74258103933783
8,"n150_emweak_imblow_corI0.5_corC0.25_bin",150,"weak","low",0.5,0.25,"binary","lor","stc","comparator",500,500,100,0.0154264786111963,0.0154264786111963,2.88320475136373,0.218229918311884,0.218556685768842,96.2,0.916789512873222,0.00975953864139196,0.00690794735937175,0.85505555375075,1.82405517754107
8,"n150_emweak_imblow_corI0.5_corC0.25_bin",150,"weak","low",0.5,0.25,"binary","lor","stc","index",500,500,100,0.0745810170460199,0.0745810170460199,15.6718465176405,0.218229918311884,0.230415660829591,94.8,0.916789512873222,0.00975953864139196,0.00690794735937175,0.992935043192656,2.05078983538799
8,"n150_emweak_imblow_corI0.5_corC0.25_bin",150,"weak","low",0.5,0.25,"binary","p_A","stc","comparator",500,500,100,0.00101767587207404,0.00101767587207404,0.215785305309756,0.0404189815742248,0.0403913647644534,94.4,0.152735698303106,0.00180759180762556,0.00127944050565571,1.02824121683582,0.383276994952197
8,"n150_emweak_imblow_corI0.5_corC0.25_bin",150,"weak","low",0.5,0.25,"binary","p_A","stc","index",500,500,100,-0.00242575576848783,0.00242575576848783,-0.685011297659125,0.0334716461591735,0.0335260299686685,93.4,0.126426688312695,0.00149689752261463,0.00105952644572152,1.11035129576184,0.422710203454732
8,"n150_emweak_imblow_corI0.5_corC0.25_bin",150,"weak","low",0.5,0.25,"binary","p_B","stc","comparator",500,500,100,-0.00192064606472375,0.00192064606472375,-0.559497334539979,0.0343494971387522,0.0343688384890109,97.6,0.15132087468325,0.00153615621190369,0.00108731433293338,0.684455988358638,0.44749281076978
8,"n150_emweak_imblow_corI0.5_corC0.25_bin",150,"weak","low",0.5,0.25,"binary","p_B","stc","index",500,500,100,-0.000199398114310838,0.000199398114310838,-0.0784728806555249,0.02645492310235,0.026429207139953,99.8,0.167718922588536,0.00118310012792769,0.000837415958365916,0.199799899899875,0.465607588433244
8,"n150_emweak_imblow_corI0.5_corC0.25_bin",150,"weak","low",0.5,0.25,"binary","rd","stc","comparator",500,500,100,0.0029383219367978,0.0029383219367978,2.28958326403888,0.0518108797926873,0.0518423790558147,96.2,0.215094784310015,0.00231705298381038,0.00164004474280707,0.85505555375075,1.80548144408067
8,"n150_emweak_imblow_corI0.5_corC0.25_bin",150,"weak","low",0.5,0.25,"binary","rd","stc","index",500,500,100,0.0312517085002707,0.0312517085002707,31.2451565695927,0.0518108797926873,0.060462118839389,91.8,0.215094784310015,0.00231705298381038,0.00164004474280707,1.22699633251286,2.31656721291158
8,"n150_emweak_imblow_corI0.5_corC0.25_bin",150,"weak","low",0.5,0.25,"binary","log_rr","maic","comparator",500,500,100,0.00294663494031981,0.00294663494031981,0.927738969464934,0.129310951356608,0.129215177722825,97.6,0.590710126487364,0.0057829615493709,0.00409326664222597,0.684455988358638,1.8207476993015
8,"n150_emweak_imblow_corI0.5_corC0.25_bin",150,"weak","low",0.5,0.25,"binary","log_rr","maic","index",500,500,100,-0.0113514845845829,0.0113514845845829,-3.42002038106044,0.129310951356608,0.129679357257598,97.4,0.590710126487364,0.0057829615493709,0.00409326664222597,0.711674082709214,1.74231363434161
8,"n150_emweak_imblow_corI0.5_corC0.25_bin",150,"weak","low",0.5,0.25,"binary","lor","maic","comparator",500,500,100,0.00384440222020756,0.00384440222020756,0.718517752937535,0.217572367500021,0.217388681991027,97.8,0.992183518934025,0.00973013207511227,0.00688713295211909,0.655987804764693,1.81855909812102
8,"n150_emweak_imblow_corI0.5_corC0.25_bin",150,"weak","low",0.5,0.25,"binary","lor","maic","index",500,500,100,0.0629989406550311,0.0629989406550311,13.2380834671425,0.217572367500021,0.22630052176922,97,0.992183518934025,0.00973013207511227,0.00688713295211909,0.762889244910426,2.04461057943789
8,"n150_emweak_imblow_corI0.5_corC0.25_bin",150,"weak","low",0.5,0.25,"binary","p_A","maic","comparator",500,500,100,-0.00185118072472576,0.00185118072472576,-0.392519473861929,0.0401819546590459,0.0401844145327112,97.4,0.179327165916869,0.00179699164172882,0.00127193754975729,0.711674082709214,0.38102936375927
8,"n150_emweak_imblow_corI0.5_corC0.25_bin",150,"weak","low",0.5,0.25,"binary","p_A","maic","index",500,500,100,-0.00263843456962491,0.00263843456962491,-0.745069850727028,0.0336890206150082,0.0337585773805213,94.4,0.129730230680277,0.001506618803811,0.00106640731388934,1.02824121683582,0.425455404572561
8,"n150_emweak_imblow_corI0.5_corC0.25_bin",150,"weak","low",0.5,0.25,"binary","p_B","maic","comparator",500,500,100,-0.00192064606472375,0.00192064606472375,-0.559497334539979,0.0343494971387522,0.0343688384890109,97.6,0.15132087468325,0.00153615621190369,0.00108731433293338,0.684455988358638,0.44749281076978
8,"n150_emweak_imblow_corI0.5_corC0.25_bin",150,"weak","low",0.5,0.25,"binary","p_B","maic","index",500,500,100,0.00118846292599158,0.00118846292599158,0.467718110962017,0.0266746760542245,0.0266744767528639,100,0.177692899094137,0.00119292777870064,0.000844372116510308,0,0.469475248209743
8,"n150_emweak_imblow_corI0.5_corC0.25_bin",150,"weak","low",0.5,0.25,"binary","rd","maic","comparator",500,500,100,6.94653399979895e-05,6.94653399979895e-05,0.0541284050254539,0.0516219206271454,0.0515703196547228,97.8,0.234661435033864,0.00230860247302791,0.00163406334493674,0.655987804764693,1.79889668295636
8,"n150_emweak_imblow_corI0.5_corC0.25_bin",150,"weak","low",0.5,0.25,"binary","rd","maic","index",500,500,100,0.0283828519034709,0.0283828519034709,28.3769014294956,0.0516219206271454,0.0588649244120061,95.4,0.234661435033864,0.00230860247302791,0.00163406334493674,0.936845771725528,2.3081184737814
9,"n150_emstro_imblow_corI0.5_corC0.25_bin",150,"strong","low",0.5,0.25,"binary","log_rr","spfa","comparator",500,500,100,0.014168816400628,0.014168816400628,6.90513913641671,0.121097846201294,0.121803589175679,97,0.524060920842986,0.00541566032069814,0.00383328534127155,0.762889244910426,2.63930923886729
9,"n150_emstro_imblow_corI0.5_corC0.25_bin",150,"strong","low",0.5,0.25,"binary","log_rr","spfa","index",500,500,100,0.10707600117559,0.10707600117559,72.3623078306951,0.140573171245387,0.176597182505248,90.6,0.603811131542575,0.00628662333434808,0.00444976598357735,1.30509769749241,4.24852037750019
9,"n150_emstro_imblow_corI0.5_corC0.25_bin",150,"strong","low",0.5,0.25,"binary","lor","spfa","comparator",500,500,100,0.0246301002176865,0.0246301002176865,6.87205480934107,0.210274047949456,0.211502687281513,97.2,0.899216427467865,0.00940374130238068,0.00665610868350746,0.737780455149091,2.62374188783932
9,"n150_emstro_imblow_corI0.5_corC0.25_bin",150,"strong","low",0.5,0.25,"binary","lor","spfa","index",500,500,100,0.148049511694363,0.148049511694363,67.0890851392053,0.202114447563411,0.2503741347004,90.6,0.866039774381743,0.00903883287973206,0.00639782104643033,1.30509769749241,4.0959745269493
9,"n150_emstro_imblow_corI0.5_corC0.25_bin",150,"strong","low",0.5,0.25,"binary","p_A","spfa","comparator",500,500,100,0.00345034759103345,0.00345034759103345,0.731602594486748,0.0384481919342747,0.0385643855725428,95.8,0.1495577375755,0.00171945541553995,0.00121705624966331,0.897061870775924,0.364588787049287
9,"n150_emstro_imblow_corI0.5_corC0.25_bin",150,"strong","low",0.5,0.25,"binary","p_A","spfa","index",500,500,100,-0.00160046397297568,0.00160046397297568,-0.451956424149074,0.0313310137458237,0.0313405590636974,95.6,0.1240855324885,0.00140116553079284,0.000991765910678605,0.917213170424412,0.39567636237426
9,"n150_emstro_imblow_corI0.5_corC0.25_bin",150,"strong","low",0.5,0.25,"binary","p_B","spfa","comparator",500,500,100,-0.00143112910780375,0.00143112910780375,-0.372567616410427,0.0357613037673843,0.0357541778813617,97.6,0.154231932365,0.00159929412375781,0.00113200429088068,0.684455988358638,0.416346223676528
9,"n150_emstro_imblow_corI0.5_corC0.25_bin",150,"strong","low",0.5,0.25,"binary","p_B","spfa","index",500,500,100,-0.0306006444638202,0.0306006444638202,-10.0194685344466,0.0313746173356365,0.0438040788207313,87,0.131678549606,0.00140311554261053,0.000993146158196619,1.50399468084166,0.459417514752046
9,"n150_emstro_imblow_corI0.5_corC0.25_bin",150,"strong","low",0.5,0.25,"binary","rd","spfa","comparator",500,500,100,0.00488147669765451,0.00488147669765451,5.579532245385,0.0504195600458751,0.05060510434629,97,0.214723211886532,0.00225483127316418,0.0015960032857723,0.762889244910426,2.57727416840216
9,"n150_emstro_imblow_corI0.5_corC0.25_bin",150,"strong","low",0.5,0.25,"binary","rd","spfa","index",500,500,100,0.0290001804902748,0.0290001804902748,59.5397777446286,0.0423854715422536,0.0513219797935737,91,0.181205602757285,0.00189553591253724,0.00134168865791164,1.27984374046209,3.89169256988854
9,"n150_emstro_imblow_corI0.5_corC0.25_bin",150,"strong","low",0.5,0.25,"binary","log_rr","relaxed","comparator",500,500,100,-0.000810360883399883,0.000810360883399883,-0.394927458467014,0.123145531299852,0.123024993071026,95.8,0.511266111177282,0.00550723558223596,0.0038981036804747,0.897061870775924,2.68393822582659
9,"n150_emstro_imblow_corI0.5_corC0.25_bin",150,"strong","low",0.5,0.25,"binary","log_rr","relaxed","index",500,500,100,0.000534878732773148,0.000534878732773148,0.361472777168357,0.13913510385289,0.138996928258019,96.2,0.576236643316074,0.00622231100543108,0.00440424475567494,0.85505555375075,4.20505789766057
9,"n150_emstro_imblow_corI0.5_corC0.25_bin",150,"strong","low",0.5,0.25,"binary","lor","relaxed","comparator",500,500,100,-0.00324081010909611,0.00324081010909611,-0.904219816384776,0.212687266905192,0.212499187308461,96.2,0.876896055214699,0.00951166373497302,0.00673249779477973,0.85505555375075,2.65385337197366
9,"n150_emstro_imblow_corI0.5_corC0.25_bin",150,"strong","low",0.5,0.25,"binary","lor","relaxed","index",500,500,100,-0.00195517017199097,0.00195517017199097,-0.885991291893815,0.205744493203802,0.205547944726098,96.4,0.852203100429062,0.00920117345599887,0.00651272813336834,0.83311463797007,4.1695396513328
9,"n150_emstro_imblow_corI0.5_corC0.25_bin",150,"strong","low",0.5,0.25,"binary","p_A","relaxed","comparator",500,500,100,-0.00473311930566654,0.00473311930566654,-1.00359812241519,0.0391455243198601,0.0393917472129617,95.6,0.153037754561,0.00175064106788157,0.00123912992062864,0.917213170424412,0.371201310443505
9,"n150_emstro_imblow_corI0.5_corC0.25_bin",150,"strong","low",0.5,0.25,"binary","p_A","relaxed","index",500,500,100,-0.00162190627502901,0.00162190627502901,-0.458011534620277,0.0313437447687663,0.0313543626218472,95.4,0.124802034745,0.0014017348794473,0.000992168904168219,0.936845771725528,0.395837141239831
9,"n150_emstro_imblow_corI0.5_corC0.25_bin",150,"strong","low",0.5,0.25,"binary","p_B","relaxed","comparator",500,500,100,-0.00279363683115709,0.00279363683115709,-0.727270942659981,0.035810214461263,0.0358832986720357,96.2,0.143197453335,0.0016014814764846,0.0011335525318425,0.85505555375075,0.416915659926006
9,"n150_emstro_imblow_corI0.5_corC0.25_bin",150,"strong","low",0.5,0.25,"binary","p_B","relaxed","index",500,500,100,-0.000113396641766877,0.000113396641766877,-0.0371290900568602,0.0343932422681763,0.0343590189366402,95.6,0.1362907729395,0.00153811255356522,0.0010886990608095,0.917213170424412,0.503619142763643
9,"n150_emstro_imblow_corI0.5_corC0.25_bin",150,"strong","low",0.5,0.25,"binary","rd","relaxed","comparator",500,500,100,-0.0019394824772814,0.0019394824772814,-2.2168302117575,0.0509500231121793,0.0509359856849853,96.4,0.209604427467559,0.00227855430268037,0.00161279480073261,0.83311463797007,2.60438961242495
9,"n150_emstro_imblow_corI0.5_corC0.25_bin",150,"strong","low",0.5,0.25,"binary","rd","relaxed","index",500,500,100,-0.00150850963337398,0.00150850963337398,-3.09709549314142,0.0446008885365541,0.044581794278019,96.6,0.184977700521937,0.00199461237249252,0.00141181645750057,0.810481338464989,4.09510476614851
9,"n150_emstro_imblow_corI0.5_corC0.25_bin",150,"strong","low",0.5,0.25,"binary","log_rr","naive","comparator",500,500,100,-0.28330756795357,0.28330756795357,-138.069272676335,0.124053662009019,0.309227603062047,56.4,0.598325349858157,0.005547848422199,0.00392685005577869,2.21767445762447,2.70373079725531
9,"n150_emstro_imblow_corI0.5_corC0.25_bin",150,"strong","low",0.5,0.25,"binary","log_rr","naive","index",500,500,100,-0.226087295463888,0.226087295463888,-152.790525340396,0.124053662009019,0.257825517755531,73.4,0.598325349858157,0.005547848422199,0.00392685005577869,1.97607692157972,3.74925390299989
9,"n150_emstro_imblow_corI0.5_corC0.25_bin",150,"strong","low",0.5,0.25,"binary","lor","naive","comparator",500,500,100,-0.482558546942411,0.482558546942411,-134.638866833475,0.195783119253937,0.520689080884555,46.2,0.942590043360561,0.00875568726997503,0.00619740635070453,2.22960086114085,2.44292805473489
9,"n150_emstro_imblow_corI0.5_corC0.25_bin",150,"strong","low",0.5,0.25,"binary","lor","naive","index",500,500,100,-0.344825007459883,0.344825007459883,-156.258497706913,0.195783119253937,0.396432407220878,74.4,0.942590043360561,0.00875568726997503,0.00619740635070453,1.95173768729304,3.96766623533536
9,"n150_emstro_imblow_corI0.5_corC0.25_bin",150,"strong","low",0.5,0.25,"binary","p_A","naive","comparator",500,500,100,-0.11904166872308,0.11904166872308,-25.2412811729938,0.0313327534447967,0.123088166969579,8.6,0.152554090051359,0.00140124333249612,0.000991820979887354,1.25382614424808,0.297115937021976
9,"n150_emstro_imblow_corI0.5_corC0.25_bin",150,"strong","low",0.5,0.25,"binary","p_A","naive","index",500,500,100,-0.00154575591049568,0.00154575591049568,-0.436507366433259,0.0313327534447967,0.0313395487665408,98.8,0.152554090051359,0.00140124333249612,0.000991820979887354,0.486949689393063,0.395698332865443
9,"n150_emstro_imblow_corI0.5_corC0.25_bin",150,"strong","low",0.5,0.25,"binary","p_B","naive","comparator",500,500,100,-0.00273934020216374,0.00273934020216374,-0.713135833861716,0.0357760519934343,0.0358450837519964,97.2,0.155013923220454,0.00159995368447772,0.00113247113781893,0.737780455149091,0.416517927937138
9,"n150_emstro_imblow_corI0.5_corC0.25_bin",150,"strong","low",0.5,0.25,"binary","p_B","naive","index",500,500,100,0.0759748141455864,0.0759748141455864,24.8761839196606,0.0357760519934343,0.0839615294578466,52.4,0.155013923220454,0.00159995368447772,0.00113247113781893,2.23349054173059,0.52386758119261
9,"n150_emstro_imblow_corI0.5_corC0.25_bin",150,"strong","low",0.5,0.25,"binary","rd","naive","comparator",500,500,100,-0.116302328520916,0.116302328520916,-132.933665853123,0.0452304601168072,0.12477152941565,42.6,0.217509552895211,0.00202276766949548,0.00143174519765218,2.21144296783797,2.31202526118687
9,"n150_emstro_imblow_corI0.5_corC0.25_bin",150,"strong","low",0.5,0.25,"binary","rd","naive","index",500,500,100,-0.0775205700560821,0.0775205700560821,-159.156165021934,0.0452304601168072,0.0897281545288505,77.6,0.217509552895211,0.00202276766949548,0.00143174519765218,1.86453211289052,4.15290992796301
9,"n150_emstro_imblow_corI0.5_corC0.25_bin",150,"strong","low",0.5,0.25,"binary","log_rr","stc","comparator",500,500,100,0.0141706411519557,0.0141706411519557,6.90602842465726,0.120612151208089,0.121321900362887,97.2,0.523456292310631,0.00539393938027539,0.00381791093490361,0.737780455149091,2.62872358996395
9,"n150_emstro_imblow_corI0.5_corC0.25_bin",150,"strong","low",0.5,0.25,"binary","log_rr","stc","index",500,500,100,0.071390913641637,0.071390913641637,48.2462102855259,0.120612151208089,0.14005305775881,94.4,0.523456292310631,0.00539393938027539,0.00381791093490361,1.02824121683582,3.64524167479443
9,"n150_emstro_imblow_corI0.5_corC0.25_bin",150,"strong","low",0.5,0.25,"binary","lor","stc","comparator",500,500,100,0.0249006844260063,0.0249006844260063,6.94755062517946,0.20960831268658,0.21087393756153,97.2,0.902989510323726,0.00937396871632448,0.00663503520198485,0.737780455149091,2.61543502585396
9,"n150_emstro_imblow_corI0.5_corC0.25_bin",150,"strong","low",0.5,0.25,"binary","lor","stc","index",500,500,100,0.162634223908535,0.162634223908535,73.6981917027405,0.20960831268658,0.265137066899654,90.6,0.902989510323726,0.00937396871632448,0.00663503520198485,1.30509769749241,4.24784234749818
9,"n150_emstro_imblow_corI0.5_corC0.25_bin",150,"strong","low",0.5,0.25,"binary","p_A","stc","comparator",500,500,100,0.0027904020050328,0.0027904020050328,0.591669474648947,0.0384464329926027,0.0385091975609032,95.2,0.15223217080213,0.00171937675327701,0.00121700057133757,0.955991631762538,0.364572107710717
9,"n150_emstro_imblow_corI0.5_corC0.25_bin",150,"strong","low",0.5,0.25,"binary","p_A","stc","index",500,500,100,-0.00154575578245146,0.00154575578245146,-0.43650733027474,0.0313327533964223,0.0313395487119581,95.8,0.126144572839936,0.00140124333033275,0.000991820978356089,0.897061870775924,0.395698332254528
9,"n150_emstro_imblow_corI0.5_corC0.25_bin",150,"strong","low",0.5,0.25,"binary","p_B","stc","comparator",500,500,100,-0.00273934020216374,0.00273934020216374,-0.713135833861716,0.0357760519934343,0.0358450837519964,97.2,0.155013923220454,0.00159995368447772,0.00113247113781893,0.737780455149091,0.416517927937138
9,"n150_emstro_imblow_corI0.5_corC0.25_bin",150,"strong","low",0.5,0.25,"binary","p_B","stc","index",500,500,100,-0.0218998798565556,0.0218998798565556,-7.17060574950805,0.029195119541424,0.0364726614433268,97.8,0.179707392215154,0.00130564543811713,0.000924155361019261,0.655987804764693,0.427503198497188
9,"n150_emstro_imblow_corI0.5_corC0.25_bin",150,"strong","low",0.5,0.25,"binary","rd","stc","comparator",500,500,100,0.00552974220719655,0.00552974220719655,6.32050030445586,0.0505802287808128,0.0508312981666845,96.8,0.217359906529399,0.00226201659742778,0.00160108916570954,0.787095928079926,2.58548700048257
9,"n150_emstro_imblow_corI0.5_corC0.25_bin",150,"strong","low",0.5,0.25,"binary","rd","stc","index",500,500,100,0.0443115006720306,0.0443115006720306,90.9751890140275,0.0505802287808128,0.0672067847485631,87.8,0.217359906529399,0.00226201659742778,0.00160108916570954,1.46366662871024,4.64410783617971
9,"n150_emstro_imblow_corI0.5_corC0.25_bin",150,"strong","low",0.5,0.25,"binary","log_rr","maic","comparator",500,500,100,0.00766643828135152,0.00766643828135152,3.73622055058441,0.120965475772841,0.121087387089712,98.8,0.561711668408158,0.00540974053517354,0.00382909522857408,0.486949689393063,2.63642424540353
9,"n150_emstro_imblow_corI0.5_corC0.25_bin",150,"strong","low",0.5,0.25,"binary","log_rr","maic","index",500,500,100,0.0648867107710328,0.0648867107710328,43.8506489538682,0.120965475772841,0.137162918717034,97,0.561711668408158,0.00540974053517354,0.00382909522857408,0.762889244910426,3.65592014636852
9,"n150_emstro_imblow_corI0.5_corC0.25_bin",150,"strong","low",0.5,0.25,"binary","lor","maic","comparator",500,500,100,0.0125633288617852,0.0125633288617852,3.50529976585186,0.209727710407656,0.209894207447231,99,0.980424790119575,0.00937930834473817,0.00663881467080563,0.44497190922574,2.6169248378643
9,"n150_emstro_imblow_corI0.5_corC0.25_bin",150,"strong","low",0.5,0.25,"binary","lor","maic","index",500,500,100,0.150296868344314,0.150296868344314,68.1074816195529,0.209727710407656,0.25785051817268,94.4,0.980424790119575,0.00937930834473817,0.00663881467080563,1.02824121683582,4.25026201630463
9,"n150_emstro_imblow_corI0.5_corC0.25_bin",150,"strong","low",0.5,0.25,"binary","p_A","maic","comparator",500,500,100,-0.00026781269132859,0.00026781269132859,-0.0567862960594614,0.0384282232012365,0.0383907098835758,98.2,0.179278833978879,0.00171856238664999,0.00121642415046386,0.5945754788082,0.364399431561004
9,"n150_emstro_imblow_corI0.5_corC0.25_bin",150,"strong","low",0.5,0.25,"binary","p_A","maic","index",500,500,100,-0.00160603875088629,0.00160603875088629,-0.453530690569593,0.0312211522804399,0.0312312373992503,96,0.129619712670757,0.00139625237669872,0.000988288306757174,0.876356092008266,0.3942889324832
9,"n150_emstro_imblow_corI0.5_corC0.25_bin",150,"strong","low",0.5,0.25,"binary","p_B","maic","comparator",500,500,100,-0.00273934020216374,0.00273934020216374,-0.713135833861716,0.0357760519934343,0.0358450837519964,97.2,0.155013923220454,0.00159995368447772,0.00113247113781893,0.737780455149091,0.416517927937138
9,"n150_emstro_imblow_corI0.5_corC0.25_bin",150,"strong","low",0.5,0.25,"binary","p_B","maic","index",500,500,100,-0.020085165323503,0.020085165323503,-6.57641972886977,0.0294655669025058,0.0356356150458038,98.2,0.191469482621273,0.00131774021179142,0.00093271622264761,0.5945754788082,0.431463350526144
9,"n150_emstro_imblow_corI0.5_corC0.25_bin",150,"strong","low",0.5,0.25,"binary","rd","maic","comparator",500,500,100,0.00247152751083516,0.00247152751083516,2.82495816249349,0.0505938204874771,0.0506035932559422,98.2,0.237017868563825,0.00226262443702841,0.00160151940366631,0.5945754788082,2.58618176169148
9,"n150_emstro_imblow_corI0.5_corC0.25_bin",150,"strong","low",0.5,0.25,"binary","rd","maic","index",500,500,100,0.0412532859756692,0.0412532859756692,84.6964203912676,0.0505938204874771,0.0652414653879445,92.6,0.237017868563825,0.00226262443702841,0.00160151940366631,1.17067501895274,4.64535578133432
10,"n150_emnone_imbhig_corI0.5_corC0.25_bin",150,"none","high",0.5,0.25,"binary","log_rr","spfa","comparator",500,500,100,-0.00782917243248543,0.00782917243248543,-2.59279514868692,0.155258891778625,0.15530102630167,95.2,0.613887287000964,0.00694338872256579,0.0049146343442623,0.955991631762538,2.29944923943909
10,"n150_emnone_imbhig_corI0.5_corC0.25_bin",150,"none","high",0.5,0.25,"binary","log_rr","spfa","index",500,500,100,0.00215145931856037,0.00215145931856037,0.462406848680936,0.24690270073132,0.246665057351791,94.8,0.955168535219572,0.0110418244532704,0.00781556842770351,0.992935043192656,2.37318698293648
10,"n150_emnone_imbhig_corI0.5_corC0.25_bin",150,"none","high",0.5,0.25,"binary","lor","spfa","comparator",500,500,100,0.015286675327316,0.015286675327316,2.42583520419034,0.345751192944433,0.345743376061229,94.8,1.32597744264837,0.015462463414508,0.0109445627747828,0.992935043192656,2.45373093176071
10,"n150_emnone_imbhig_corI0.5_corC0.25_bin",150,"none","high",0.5,0.25,"binary","lor","spfa","index",500,500,100,-0.00285424821817421,0.00285424821817421,-0.497909283827928,0.300948505789405,0.300660955003294,94.4,1.16644098268644,0.013458826333442,0.0095263584936309,1.02824121683582,2.34782474004142
10,"n150_emnone_imbhig_corI0.5_corC0.25_bin",150,"none","high",0.5,0.25,"binary","p_A","spfa","comparator",500,500,100,-0.00183101153028203,0.00183101153028203,-0.305946925373199,0.071219247807917,0.0711715497866448,95.2,0.2680733580545,0.0031850215880981,0.00225440589739868,0.955991631762538,0.532190838785041
10,"n150_emnone_imbhig_corI0.5_corC0.25_bin",150,"none","high",0.5,0.25,"binary","p_A","spfa","index",500,500,100,0.000191993281171101,0.000191993281171101,0.0818465840434592,0.0272053245822727,0.027178783778447,96.4,0.114441282673,0.00121665910231816,0.000861169502159542,0.83311463797007,0.51866081387181
10,"n150_emnone_imbhig_corI0.5_corC0.25_bin",150,"none","high",0.5,0.25,"binary","p_B","spfa","comparator",500,500,100,-0.00109472948823688,0.00109472948823688,-0.247400663317547,0.0387911418471473,0.0387677909234755,95.8,0.157523175324,0.00173479260190116,0.00122791213946683,0.897061870775924,0.392050132055869
10,"n150_emnone_imbhig_corI0.5_corC0.25_bin",150,"none","high",0.5,0.25,"binary","p_B","spfa","index",500,500,100,0.00423981249629203,0.00423981249629203,2.87824098951349,0.0329570278917625,0.0331959239378452,94.2,0.12787925103235,0.00147388309404675,0.00104323648910629,1.04533248299285,1.00056093017
10,"n150_emnone_imbhig_corI0.5_corC0.25_bin",150,"none","high",0.5,0.25,"binary","rd","spfa","comparator",500,500,100,-0.000736282049481493,0.000736282049481493,-0.472033041143337,0.0812162532286234,0.0811383370557671,95,0.312284719444355,0.00363210126194077,0.00257085557456392,0.974679434480897,2.32855303972415
10,"n150_emnone_imbhig_corI0.5_corC0.25_bin",150,"none","high",0.5,0.25,"binary","rd","spfa","index",500,500,100,-0.00404781921492557,0.00404781921492557,-4.63819975826211,0.0440891102310383,0.0442306091081667,94.6,0.174068433669098,0.00197172495088166,0.00139561639830832,1.01078187557949,2.25930401160637
10,"n150_emnone_imbhig_corI0.5_corC0.25_bin",150,"none","high",0.5,0.25,"binary","log_rr","relaxed","comparator",500,500,100,-0.0151305229952739,0.0151305229952739,-5.01079098174725,0.156621848118536,0.157195022909633,94.4,0.600304551468902,0.00700434198309389,0.00495777797333964,1.02824121683582,2.31963519390065
10,"n150_emnone_imbhig_corI0.5_corC0.25_bin",150,"none","high",0.5,0.25,"binary","log_rr","relaxed","index",500,500,100,0.0115441178585745,0.0115441178585745,2.48114343307997,0.285414437339939,0.285362479834197,92.2,0.994304078851034,0.0127641216730392,0.0090346361488861,1.19929979571415,2.74335527894596
10,"n150_emnone_imbhig_corI0.5_corC0.25_bin",150,"none","high",0.5,0.25,"binary","lor","relaxed","comparator",500,500,100,-0.00261314913013353,0.00261314913013353,-0.414679386978926,0.347479674503943,0.347141856441075,94.8,1.30822838637623,0.0155397634598063,0.0109992769025115,0.992935043192656,2.46599763901753
10,"n150_emnone_imbhig_corI0.5_corC0.25_bin",150,"none","high",0.5,0.25,"binary","lor","relaxed","index",500,500,100,0.00490617043450779,0.00490617043450779,0.855856821361578,0.346260948410158,0.3459493049761,92.2,1.22430780739102,0.0154852603719732,0.0109606988021003,1.19929979571415,2.7013259928144
10,"n150_emnone_imbhig_corI0.5_corC0.25_bin",150,"none","high",0.5,0.25,"binary","p_A","relaxed","comparator",500,500,100,-0.00692163502502869,0.00692163502502869,-1.15654812623533,0.0714102817735087,0.0716738342612259,96,0.269855491715,0.0031935648867596,0.002260452971917,0.876356092008266,0.533618353530197
10,"n150_emnone_imbhig_corI0.5_corC0.25_bin",150,"none","high",0.5,0.25,"binary","p_A","relaxed","index",500,500,100,0.000238728631697766,0.000238728631697766,0.101769827041074,0.027226668562942,0.0272004759045464,96.6,0.1145088230865,0.00121761363415189,0.000861845134062092,0.810481338464989,0.519067730038228
10,"n150_emnone_imbhig_corI0.5_corC0.25_bin",150,"none","high",0.5,0.25,"binary","p_B","relaxed","comparator",500,500,100,-0.0020468238814502,0.0020468238814502,-0.462566863692087,0.0387667361447072,0.0387820009753544,92.8,0.144246397023,0.00173370114570727,0.00122713959045508,1.15599307956406,0.391803471132551
10,"n150_emnone_imbhig_corI0.5_corC0.25_bin",150,"none","high",0.5,0.25,"binary","p_B","relaxed","index",500,500,100,0.00509822747271337,0.00509822747271337,3.46098496069357,0.0405303360051106,0.0408094920793841,89.4,0.13978685612505,0.00181257172916669,0.00128296536857434,1.37669168661687,1.23048324705008
10,"n150_emnone_imbhig_corI0.5_corC0.25_bin",150,"none","high",0.5,0.25,"binary","rd","relaxed","comparator",500,500,100,-0.00487481114247425,0.00487481114247425,-3.12525876490133,0.0816919759023738,0.0817557065448959,95,0.307664243970251,0.00365337622667965,0.00258591431267531,0.974679434480897,2.34219249530096
10,"n150_emnone_imbhig_corI0.5_corC0.25_bin",150,"none","high",0.5,0.25,"binary","rd","relaxed","index",500,500,100,-0.00485949884285292,0.00485949884285292,-5.56826408528472,0.0497727934946801,0.0499598943085674,93.6,0.186497568137662,0.00222590699368328,0.00157553024832621,1.09456840809517,2.55055888907963
10,"n150_emnone_imbhig_corI0.5_corC0.25_bin",150,"none","high",0.5,0.25,"binary","log_rr","naive","comparator",500,500,100,-0.9338237156933,0.9338237156933,-309.25536774897,0.148616402434759,0.945552427628287,0,0.685597464766864,0.00664632756831172,0.00470437001809855,0,2.20107118910806
10,"n150_emnone_imbhig_corI0.5_corC0.25_bin",150,"none","high",0.5,0.25,"binary","log_rr","naive","index",500,500,100,-1.09713904535926,1.09713904535926,-235.804880972073,0.148616402434759,1.10713899138922,0,0.685597464766864,0.00664632756831172,0.00470437001809855,0,1.42847571397294
10,"n150_emnone_imbhig_corI0.5_corC0.25_bin",150,"none","high",0.5,0.25,"binary","lor","naive","comparator",500,500,100,-1.57683254137774,1.57683254137774,-250.226802629335,0.22296369332079,1.59248681202387,0,0.997012637783026,0.00997123949559403,0.00705779238898816,0,1.58233123160548
10,"n150_emnone_imbhig_corI0.5_corC0.25_bin",150,"none","high",0.5,0.25,"binary","lor","naive","index",500,500,100,-1.51991784946899,1.51991784946899,-265.142044440159,0.22296369332079,1.53615222294427,0,0.997012637783026,0.00997123949559403,0.00705779238898816,0,1.73943271104285
10,"n150_emnone_imbhig_corI0.5_corC0.25_bin",150,"none","high",0.5,0.25,"binary","p_A","naive","comparator",500,500,100,-0.363606917615489,0.363606917615489,-60.7557170717268,0.0272392600470195,0.364623756591874,0,0.135286873751305,0.00121817674243859,0.000862243710526111,0,0.203547286702678
10,"n150_emnone_imbhig_corI0.5_corC0.25_bin",150,"none","high",0.5,0.25,"binary","p_A","naive","index",500,500,100,0.000289642573448435,0.000289642573448435,0.123474400175413,0.0272392600470195,0.0272135485770174,98.2,0.135286873751305,0.00121817674243859,0.000862243710526111,0.5945754788082,0.51930778265586
10,"n150_emnone_imbhig_corI0.5_corC0.25_bin",150,"none","high",0.5,0.25,"binary","p_B","naive","comparator",500,500,100,-0.00199921036359021,0.00199921036359021,-0.451806565346223,0.0387401945272696,0.0387530374131442,96,0.158401938057338,0.0017325141684908,0.00122629943023549,0.876356092008266,0.391535223173716
10,"n150_emnone_imbhig_corI0.5_corC0.25_bin",150,"none","high",0.5,0.25,"binary","p_B","naive","index",500,500,100,0.293187652129457,0.293187652129457,199.033499409759,0.0387401945272696,0.295730959535606,0,0.158401938057338,0.0017325141684908,0.00122629943023549,0,1.17613533594332
10,"n150_emnone_imbhig_corI0.5_corC0.25_bin",150,"none","high",0.5,0.25,"binary","rd","naive","comparator",500,500,100,-0.361607707251899,0.361607707251899,-231.827987488202,0.0480201026708716,0.364775893315299,0,0.208356918889671,0.00214752427717176,0.00152004978972649,0,1.37678545361306
10,"n150_emnone_imbhig_corI0.5_corC0.25_bin",150,"none","high",0.5,0.25,"binary","rd","naive","index",500,500,100,-0.292898009556009,0.292898009556009,-335.617626426805,0.0480201026708716,0.296800543129341,0,0.208356918889671,0.00214752427717176,0.00152004978972649,0,2.46074393503348
10,"n150_emnone_imbhig_corI0.5_corC0.25_bin",150,"none","high",0.5,0.25,"binary","log_rr","stc","comparator",500,500,100,-0.000986729763616584,0.000986729763616584,-0.326776318472001,0.153017730326119,0.152867820610471,95.8,0.602908214224716,0.00684316093543868,0.00484369161808834,0.897061870775924,2.26625669929927
10,"n150_emnone_imbhig_corI0.5_corC0.25_bin",150,"none","high",0.5,0.25,"binary","log_rr","stc","index",500,500,100,-0.164302059429575,0.164302059429575,-35.3129603135863,0.153017730326119,0.224416495996547,86.4,0.602908214224716,0.00684316093543868,0.00484369161808834,1.53299706457645,1.47078053295011
10,"n150_emnone_imbhig_corI0.5_corC0.25_bin",150,"none","high",0.5,0.25,"binary","lor","stc","comparator",500,500,100,0.0133923080210377,0.0133923080210377,2.12521896142723,0.343518404837016,0.343435930832775,95.2,1.33876135981874,0.0153626100947572,0.0108738851022162,0.955991631762538,2.43788525615629
10,"n150_emnone_imbhig_corI0.5_corC0.25_bin",150,"none","high",0.5,0.25,"binary","lor","stc","index",500,500,100,0.0703069999297875,0.0703069999297875,12.2647034550917,0.343518404837016,0.350302667577584,94.8,1.33876135981874,0.0153626100947572,0.0108738851022162,0.992935043192656,2.67993026720754
10,"n150_emnone_imbhig_corI0.5_corC0.25_bin",150,"none","high",0.5,0.25,"binary","p_A","stc","comparator",500,500,100,-0.00109691070464542,0.00109691070464542,-0.183284731933678,0.0716218972694672,0.0715586472009856,93.6,0.276743436603417,0.00320302861944071,0.00226715154339527,1.09456840809517,0.535199665208717
10,"n150_emnone_imbhig_corI0.5_corC0.25_bin",150,"none","high",0.5,0.25,"binary","p_A","stc","index",500,500,100,0.000289642740586869,0.000289642740586869,0.123474471426395,0.0272392599243993,0.0272135484563057,97,0.115966478680743,0.00121817673695485,0.000862243706644635,0.762889244910426,0.519307780318144
10,"n150_emnone_imbhig_corI0.5_corC0.25_bin",150,"none","high",0.5,0.25,"binary","p_B","stc","comparator",500,500,100,-0.00199921036359021,0.00199921036359021,-0.451806565346223,0.0387401945272696,0.0387530374131442,96,0.158401938057338,0.0017325141684908,0.00122629943023549,0.876356092008266,0.391535223173716
10,"n150_emnone_imbhig_corI0.5_corC0.25_bin",150,"none","high",0.5,0.25,"binary","p_B","stc","index",500,500,100,0.0270454690679016,0.0270454690679016,18.3600991128576,0.0248370944029943,0.0367029275803622,99.2,0.137145238786779,0.0011107486289735,0.000786204485722381,0.39839678713564,0.754043306338053
10,"n150_emnone_imbhig_corI0.5_corC0.25_bin",150,"none","high",0.5,0.25,"binary","rd","stc","comparator",500,500,100,0.00090229965894477,0.00090229965894477,0.578467521154747,0.0818449177354637,0.0817680103871991,94.6,0.319322927673109,0.0036602159933875,0.00259075560180836,1.01078187557949,2.34657749406888
10,"n150_emnone_imbhig_corI0.5_corC0.25_bin",150,"none","high",0.5,0.25,"binary","rd","stc","index",500,500,100,0.0696119973548343,0.0696119973548343,79.7650122596377,0.0818449177354637,0.107382603589855,81.6,0.319322927673109,0.0036602159933875,0.00259075560180836,1.73288199251998,4.19406402171278
10,"n150_emnone_imbhig_corI0.5_corC0.25_bin",150,"none","high",0.5,0.25,"binary","log_rr","maic","comparator",500,500,100,-2.67913211861519e-05,2.67913211861519e-05,-0.00887250960397045,0.156496223664,0.156339651409441,96.8,0.659874354986341,0.00699872388669432,0.00495380140071524,0.787095928079926,2.31777464309336
10,"n150_emnone_imbhig_corI0.5_corC0.25_bin",150,"none","high",0.5,0.25,"binary","log_rr","maic","index",500,500,100,-0.163342120987145,0.163342120987145,-35.1066435562753,0.156496223664,0.2261033709913,90,0.659874354986341,0.00699872388669432,0.00495380140071524,1.34164078649987,1.50421522234491
10,"n150_emnone_imbhig_corI0.5_corC0.25_bin",150,"none","high",0.5,0.25,"binary","lor","maic","comparator",500,500,100,0.0184134354150803,0.0184134354150803,2.92201926864823,0.35645115620818,0.356570282710729,96.8,1.50019888374726,0.0159409803187977,0.0112832641936576,0.787095928079926,2.52966655068185
10,"n150_emnone_imbhig_corI0.5_corC0.25_bin",150,"none","high",0.5,0.25,"binary","lor","maic","index",500,500,100,0.07532812732383,0.07532812732383,13.1406139413829,0.35645115620818,0.363974777525503,96.6,1.50019888374726,0.0159409803187977,0.0112832641936576,0.810481338464989,2.78082405149924
10,"n150_emnone_imbhig_corI0.5_corC0.25_bin",150,"none","high",0.5,0.25,"binary","p_A","maic","comparator",500,500,100,-0.000196119721879315,0.000196119721879315,-0.0327699880212011,0.0747418038651096,0.0746672822156117,96.4,0.318447756444604,0.00334255508406683,0.00236591046103393,0.83311463797007,0.558513386697943
10,"n150_emnone_imbhig_corI0.5_corC0.25_bin",150,"none","high",0.5,0.25,"binary","p_A","maic","index",500,500,100,-0.000547219085573834,0.000547219085573834,-0.233279063748535,0.0354299299055913,0.0353987121513834,93.4,0.147066243377456,0.0015844746341391,0.00112151483457128,1.11035129576184,0.675460284426426
10,"n150_emnone_imbhig_corI0.5_corC0.25_bin",150,"none","high",0.5,0.25,"binary","p_B","maic","comparator",500,500,100,-0.00199921036359021,0.00199921036359021,-0.451806565346223,0.0387401945272696,0.0387530374131442,96,0.158401938057338,0.0017325141684908,0.00122629943023549,0.876356092008266,0.391535223173716
10,"n150_emnone_imbhig_corI0.5_corC0.25_bin",150,"none","high",0.5,0.25,"binary","p_B","maic","index",500,500,100,0.0269937511729458,0.0269937511729458,18.3249898797763,0.0341877988174758,0.0435330975143642,98.6,0.160744280741128,0.00152892484313926,0.00108219586201006,0.525433154644813,1.037926596343
10,"n150_emnone_imbhig_corI0.5_corC0.25_bin",150,"none","high",0.5,0.25,"binary","rd","maic","comparator",500,500,100,0.00180309064171089,0.00180309064171089,1.15596782464446,0.0845410257753787,0.0844756876558999,96.4,0.355983481305465,0.00378078961042617,0.00267609941057199,0.83311463797007,2.42387766887621
10,"n150_emnone_imbhig_corI0.5_corC0.25_bin",150,"none","high",0.5,0.25,"binary","rd","maic","index",500,500,100,0.0705127883376004,0.0705127883376004,80.7971849671304,0.0845410257753787,0.110022470378638,85.6,0.355983481305465,0.00378078961042617,0.00267609941057199,1.57012101444443,4.33222348282198
11,"n150_emweak_imbhig_corI0.5_corC0.25_bin",150,"weak","high",0.5,0.25,"binary","log_rr","spfa","comparator",500,500,100,-0.0177948718051834,0.0177948718051834,-6.14410072159087,0.155285839207855,0.156147756747683,95.8,0.62160184097066,0.00694459384823732,0.00491548735022971,0.897061870775924,2.397785414879
11,"n150_emweak_imbhig_corI0.5_corC0.25_bin",150,"weak","high",0.5,0.25,"binary","log_rr","spfa","index",500,500,100,0.0578386519011313,0.0578386519011313,15.5009149691177,0.244692761337117,0.251197348731275,94.4,0.962029324922519,0.0109429929590385,0.00774561401851596,1.02824121683582,2.9327516771253
11,"n150_emweak_imbhig_corI0.5_corC0.25_bin",150,"weak","high",0.5,0.25,"binary","lor","spfa","comparator",500,500,100,-0.0122769465221705,0.0122769465221705,-2.01946910491705,0.340903586572605,0.340783726494235,96,1.33441044765371,0.0152456718669966,0.0107911144763341,0.876356092008266,2.50780299999706
11,"n150_emweak_imbhig_corI0.5_corC0.25_bin",150,"weak","high",0.5,0.25,"binary","lor","spfa","index",500,500,100,0.0615551351967849,0.0615551351967849,13.2579640115198,0.298430394328776,0.304420126679898,94.6,1.17640137894597,0.0133462129654242,0.0094466490681332,1.01078187557949,2.87455482990986
11,"n150_emweak_imbhig_corI0.5_corC0.25_bin",150,"weak","high",0.5,0.25,"binary","p_A","spfa","comparator",500,500,100,-0.00980650153334203,0.00980650153334203,-1.63858552672872,0.0696387346549162,0.0702568269275847,95.8,0.2716238461065,0.00311433889110926,0.00220437562773547,0.897061870775924,0.520380343076425
11,"n150_emweak_imbhig_corI0.5_corC0.25_bin",150,"weak","high",0.5,0.25,"binary","p_A","spfa","index",500,500,100,-0.00328599866184157,0.00328599866184157,-1.40081863283241,0.0299043352449006,0.0300545922466459,93.4,0.1138592813165,0.00133736252859081,0.000946605191839681,1.11035129576184,0.570116589107788
11,"n150_emweak_imbhig_corI0.5_corC0.25_bin",150,"weak","high",0.5,0.25,"binary","p_B","spfa","comparator",500,500,100,-0.0029318669187374,0.0029318669187374,-0.654458252654513,0.0369603355430063,0.037039574974261,96.8,0.157948292659,0.00165291645490727,0.00116995897854351,0.787095928079926,0.368967911861554
11,"n150_emweak_imbhig_corI0.5_corC0.25_bin",150,"weak","high",0.5,0.25,"binary","p_B","spfa","index",500,500,100,-0.00692655452838474,0.00692655452838474,-4.28825232081081,0.0335026378913374,0.0341783418237545,92.4,0.1306281658609,0.00149828351501181,0.00106050747186138,1.18510759005248,0.927592172147426
11,"n150_emweak_imbhig_corI0.5_corC0.25_bin",150,"weak","high",0.5,0.25,"binary","rd","spfa","comparator",500,500,100,-0.00687463462014601,0.00687463462014601,-4.5681734724579,0.0806036347980921,0.0808159183078394,96.2,0.315494155014095,0.00360470413284203,0.00255146347698983,0.85505555375075,2.39531476297697
11,"n150_emweak_imbhig_corI0.5_corC0.25_bin",150,"weak","high",0.5,0.25,"binary","rd","spfa","index",500,500,100,0.00364055586722486,0.00364055586722486,4.98343965022735,0.043913678587539,0.0440205405666251,94.8,0.1761259814033,0.00196387940927628,0.00139006320666606,0.992935043192656,2.68829125918974
11,"n150_emweak_imbhig_corI0.5_corC0.25_bin",150,"weak","high",0.5,0.25,"binary","log_rr","relaxed","comparator",500,500,100,-0.0260609416008671,0.0260609416008671,-8.9981569886097,0.157042492082976,0.159035192042881,94.6,0.608573279186472,0.00702315375307015,0.0049710932253723,1.01078187557949,2.42491008165131
11,"n150_emweak_imbhig_corI0.5_corC0.25_bin",150,"weak","high",0.5,0.25,"binary","log_rr","relaxed","index",500,500,100,0.0170760151671481,0.0170760151671481,4.5764181981591,0.283915107911325,0.284144616731142,93.4,1.02242570203133,0.0126970696225782,0.00898717570511496,1.11035129576184,3.40284896184972
11,"n150_emweak_imbhig_corI0.5_corC0.25_bin",150,"weak","high",0.5,0.25,"binary","lor","relaxed","comparator",500,500,100,-0.0320605994684735,0.0320605994684735,-5.27373724360377,0.3429964784579,0.344149928235253,94.8,1.31396949994024,0.0153392688374981,0.0108573638113672,0.992935043192656,2.52319902619139
11,"n150_emweak_imbhig_corI0.5_corC0.25_bin",150,"weak","high",0.5,0.25,"binary","lor","relaxed","index",500,500,100,0.0094307616545012,0.0094307616545012,2.03123099668097,0.349116602145942,0.348894792674703,93.4,1.26617692588504,0.0156129690894415,0.0110510929416206,1.11035129576184,3.36277682827017
11,"n150_emweak_imbhig_corI0.5_corC0.25_bin",150,"weak","high",0.5,0.25,"binary","p_A","relaxed","comparator",500,500,100,-0.015331729246742,0.015331729246742,-2.56180550811308,0.0699437283028244,0.071536024493516,95,0.2727236062525,0.00312797862169783,0.00221403003296547,0.974679434480897,0.52265942956358
11,"n150_emweak_imbhig_corI0.5_corC0.25_bin",150,"weak","high",0.5,0.25,"binary","p_A","relaxed","index",500,500,100,-0.0033257552033989,0.0033257552033989,-1.4177668150813,0.0300131617629383,0.0301670175344402,93,0.113976750123,0.00134222939843255,0.000950050035075308,1.14105214604767,0.572191331875351
11,"n150_emweak_imbhig_corI0.5_corC0.25_bin",150,"weak","high",0.5,0.25,"binary","p_B","relaxed","comparator",500,500,100,-0.0038504469590974,0.0038504469590974,-0.859505857064951,0.0369620374193848,0.0371252712792302,95.8,0.145433055289,0.0016529925651327,0.00117001285049894,0.897061870775924,0.368984901365691
11,"n150_emweak_imbhig_corI0.5_corC0.25_bin",150,"weak","high",0.5,0.25,"binary","p_B","relaxed","index",500,500,100,0.00175341582264326,0.00175341582264326,1.08554540933496,0.0424210849370593,0.0424149008886007,92.8,0.15291949314025,0.00189712859197114,0.00134281598022614,1.15599307956406,1.17451844983799
11,"n150_emweak_imbhig_corI0.5_corC0.25_bin",150,"weak","high",0.5,0.25,"binary","rd","relaxed","comparator",500,500,100,-0.011481282292653,0.011481282292653,-7.62927662299297,0.081206685216977,0.0819338545142661,95.2,0.310181627734821,0.00363167336745176,0.00257055270444741,0.955991631762538,2.4132357360794
11,"n150_emweak_imbhig_corI0.5_corC0.25_bin",150,"weak","high",0.5,0.25,"binary","rd","relaxed","index",500,500,100,-0.00507917102370906,0.00507917102370906,-6.95271359456772,0.0524125667835716,0.0526059025282977,93.8,0.196155513363651,0.00234396124406627,0.00165909081170541,1.07848041243223,3.2085730389245
11,"n150_emweak_imbhig_corI0.5_corC0.25_bin",150,"weak","high",0.5,0.25,"binary","log_rr","naive","comparator",500,500,100,-0.946911961948943,0.946911961948943,-326.943769665081,0.158305281423214,0.96002744996392,0,0.689821275633143,0.00707962740919084,0.0050110661234782,0,2.44440894824168
11,"n150_emweak_imbhig_corI0.5_corC0.25_bin",150,"weak","high",0.5,0.25,"binary","log_rr","naive","index",500,500,100,-1.03041720187817,1.03041720187817,-276.154593926787,0.158305281423214,1.04248263819052,0,0.689821275633143,0.00707962740919084,0.0050110661234782,0,1.89735927231657
11,"n150_emweak_imbhig_corI0.5_corC0.25_bin",150,"weak","high",0.5,0.25,"binary","lor","naive","comparator",500,500,100,-1.59081804708987,1.59081804708987,-261.678088427031,0.231144465686871,1.60748964769184,0,1.00028459058878,0.0103370947579742,0.00731675021338295,0,1.70037748886751
11,"n150_emweak_imbhig_corI0.5_corC0.25_bin",150,"weak","high",0.5,0.25,"binary","lor","naive","index",500,500,100,-1.44717663598973,1.44717663598973,-311.698052435862,0.231144465686871,1.46548323915499,0,1.00028459058878,0.0103370947579742,0.00731675021338295,0,2.22644024494077
11,"n150_emweak_imbhig_corI0.5_corC0.25_bin",150,"weak","high",0.5,0.25,"binary","p_A","naive","comparator",500,500,100,-0.367140250948822,0.367140250948822,-61.3461079304263,0.0299855231157702,0.368360281789578,0,0.134484214795507,0.00134099336055507,0.000949175148986367,0,0.224068930655233
11,"n150_emweak_imbhig_corI0.5_corC0.25_bin",150,"weak","high",0.5,0.25,"binary","p_A","naive","index",500,500,100,-0.0032436907598849,0.0032436907598849,-1.38278280766146,0.0299855231157702,0.0301306299814507,96,0.134484214795507,0.00134099336055507,0.000949175148986367,0.876356092008266,0.571664409904941
11,"n150_emweak_imbhig_corI0.5_corC0.25_bin",150,"weak","high",0.5,0.25,"binary","p_B","naive","comparator",500,500,100,-0.0038371286091374,0.0038371286091374,-0.856532903556264,0.0369049257836157,0.037067143887317,97.4,0.15858350476036,0.00165043845513499,0.0011682050132576,0.711674082709214,0.368414766904434
11,"n150_emweak_imbhig_corI0.5_corC0.25_bin",150,"weak","high",0.5,0.25,"binary","p_B","naive","index",500,500,100,0.282622716810211,0.282622716810211,174.972638460968,0.0369049257836157,0.285017279576493,0,0.15858350476036,0.00165043845513499,0.0011682050132576,0,1.0217917879062
11,"n150_emweak_imbhig_corI0.5_corC0.25_bin",150,"weak","high",0.5,0.25,"binary","rd","naive","comparator",500,500,100,-0.363303122339685,0.363303122339685,-241.413802716111,0.0484191949217844,0.366509056234309,0,0.207985989113835,0.00216537222521845,0.00153268283418787,0,1.43888315580472
11,"n150_emweak_imbhig_corI0.5_corC0.25_bin",150,"weak","high",0.5,0.25,"binary","rd","naive","index",500,500,100,-0.285866407570096,0.285866407570096,-391.313316457582,0.0484191949217844,0.289929875275095,0,0.207985989113835,0.00216537222521845,0.00153268283418787,0,2.96410828406829
11,"n150_emweak_imbhig_corI0.5_corC0.25_bin",150,"weak","high",0.5,0.25,"binary","log_rr","stc","comparator",500,500,100,-0.0107452555721988,0.0107452555721988,-3.71005384234316,0.152732757682,0.152957841237127,96,0.610654281045055,0.00683041657135912,0.00483467096665951,0.876356092008266,2.35836300729233
11,"n150_emweak_imbhig_corI0.5_corC0.25_bin",150,"weak","high",0.5,0.25,"binary","log_rr","stc","index",500,500,100,-0.0942504955014275,0.0942504955014275,-25.2593874259413,0.152732757682,0.179342679195096,95.4,0.610654281045055,0.00683041657135912,0.00483467096665951,0.936845771725528,1.83057009449798
11,"n150_emweak_imbhig_corI0.5_corC0.25_bin",150,"weak","high",0.5,0.25,"binary","lor","stc","comparator",500,500,100,-0.0141899587866566,0.0141899587866566,-2.33414581695458,0.337922534526674,0.337882540230501,95.8,1.34499670921967,0.0151123551666132,0.010696750922665,0.897061870775924,2.48587336487912
11,"n150_emweak_imbhig_corI0.5_corC0.25_bin",150,"weak","high",0.5,0.25,"binary","lor","stc","index",500,500,100,0.129451452313478,0.129451452313478,27.8817143447798,0.337922534526674,0.361553501667897,93.4,1.34499670921967,0.0151123551666132,0.010696750922665,1.11035129576184,3.25495282055246
11,"n150_emweak_imbhig_corI0.5_corC0.25_bin",150,"weak","high",0.5,0.25,"binary","p_A","stc","comparator",500,500,100,-0.00921209302738122,0.00921209302738122,-1.53926476778933,0.0698392983638638,0.0703749614473073,95.6,0.280434074516022,0.00312330837284978,0.00221072436100874,0.917213170424412,0.521879069499126
11,"n150_emweak_imbhig_corI0.5_corC0.25_bin",150,"weak","high",0.5,0.25,"binary","p_A","stc","index",500,500,100,-0.00324369056809586,0.00324369056809586,-1.38278272590194,0.0299855230189646,0.0301306298646571,93.8,0.115566781877086,0.00134099335622579,0.000949175145922041,1.07848041243223,0.571664408059374
11,"n150_emweak_imbhig_corI0.5_corC0.25_bin",150,"weak","high",0.5,0.25,"binary","p_B","stc","comparator",500,500,100,-0.0038371286091374,0.0038371286091374,-0.856532903556264,0.0369049257836157,0.037067143887317,97.4,0.15858350476036,0.00165043845513499,0.0011682050132576,0.711674082709214,0.368414766904434
11,"n150_emweak_imbhig_corI0.5_corC0.25_bin",150,"weak","high",0.5,0.25,"binary","p_B","stc","index",500,500,100,0.0139252576698102,0.0139252576698102,8.62117208140679,0.0262073397419048,0.0296540689991363,99.4,0.139686076295716,0.00117202786344662,0.000829578844031448,0.345369367489359,0.725606242596339
11,"n150_emweak_imbhig_corI0.5_corC0.25_bin",150,"weak","high",0.5,0.25,"binary","rd","stc","comparator",500,500,100,-0.00537496441824383,0.00537496441824383,-3.57164725509515,0.0811066698170217,0.0812036055081741,94.6,0.322522009672031,0.00362720054278982,0.00256738677228118,1.01078187557949,2.41026355790607
11,"n150_emweak_imbhig_corI0.5_corC0.25_bin",150,"weak","high",0.5,0.25,"binary","rd","stc","index",500,500,100,0.0720617503513446,0.0720617503513446,98.6430086676362,0.0811066698170217,0.108434455634403,84,0.322522009672031,0.00362720054278982,0.00256738677228118,1.63951212255354,4.965157976835
11,"n150_emweak_imbhig_corI0.5_corC0.25_bin",150,"weak","high",0.5,0.25,"binary","log_rr","maic","comparator",500,500,100,-0.00862536954213917,0.00862536954213917,-2.97811300963733,0.157007237294994,0.157087131928809,97.8,0.667468354945278,0.00702157711102093,0.00496997725455843,0.655987804764693,2.42436570866238
11,"n150_emweak_imbhig_corI0.5_corC0.25_bin",150,"weak","high",0.5,0.25,"binary","log_rr","maic","index",500,500,100,-0.0921306094713679,0.0921306094713679,-24.6912522427019,0.157007237294994,0.181906622252864,97,0.667468354945278,0.00702157711102093,0.00496997725455843,0.762889244910426,1.88180163557563
11,"n150_emweak_imbhig_corI0.5_corC0.25_bin",150,"weak","high",0.5,0.25,"binary","lor","maic","comparator",500,500,100,-0.0056690837652461,0.0056690837652461,-0.932523367795635,0.353163283276762,0.352855486787792,96.8,1.50315052923478,0.0157939421712771,0.0111791883945636,0.787095928079926,2.59798950839623
11,"n150_emweak_imbhig_corI0.5_corC0.25_bin",150,"weak","high",0.5,0.25,"binary","lor","maic","index",500,500,100,0.137972327334889,0.137972327334889,29.7169707213496,0.353163283276762,0.378828746474866,96,1.50315052923478,0.0157939421712771,0.0111791883945636,0.876356092008266,3.40175545447835
11,"n150_emweak_imbhig_corI0.5_corC0.25_bin",150,"weak","high",0.5,0.25,"binary","p_A","maic","comparator",500,500,100,-0.00748957187693419,0.00748957187693419,-1.25144569010805,0.0740096143492192,0.0743139412020899,96.4,0.321202607564223,0.00330981057346796,0.00234273340688855,0.83311463797007,0.553042049038462
11,"n150_emweak_imbhig_corI0.5_corC0.25_bin",150,"weak","high",0.5,0.25,"binary","p_A","maic","index",500,500,100,-0.00481483501233089,0.00481483501233089,-2.05256036090624,0.036210576057011,0.0364933698490532,93.8,0.14616286706736,0.00161938619135806,0.00114622575671256,1.07848041243223,0.69034305368054
11,"n150_emweak_imbhig_corI0.5_corC0.25_bin",150,"weak","high",0.5,0.25,"binary","p_B","maic","comparator",500,500,100,-0.0038371286091374,0.0038371286091374,-0.856532903556264,0.0369049257836157,0.037067143887317,97.4,0.15858350476036,0.00165043845513499,0.0011682050132576,0.711674082709214,0.368414766904434
11,"n150_emweak_imbhig_corI0.5_corC0.25_bin",150,"weak","high",0.5,0.25,"binary","p_B","maic","index",500,500,100,0.0131383183032767,0.0131383183032767,8.13397537328216,0.0352568554455123,0.0375922222279044,98.8,0.163043313299456,0.00157673450898098,0.00111603625826641,0.486949689393063,0.976161436358019
11,"n150_emweak_imbhig_corI0.5_corC0.25_bin",150,"weak","high",0.5,0.25,"binary","rd","maic","comparator",500,500,100,-0.0036524432677968,0.0036524432677968,-2.42703727070987,0.0843422760282076,0.0843370181378949,96.6,0.358470914969923,0.00377190125152247,0.00266980809725544,0.810481338464989,2.50641673194404
11,"n150_emweak_imbhig_corI0.5_corC0.25_bin",150,"weak","high",0.5,0.25,"binary","rd","maic","index",500,500,100,0.0737842715017917,0.0737842715017917,101.0009123814,0.0843422760282076,0.111997816977016,86.2,0.358470914969923,0.00377190125152247,0.00266980809725544,1.542439626047,5.16323411564837
12,"n150_emstro_imbhig_corI0.5_corC0.25_bin",150,"strong","high",0.5,0.25,"binary","log_rr","spfa","comparator",500,500,100,-0.00894982276762278,0.00894982276762278,-3.72780425918925,0.150638399662577,0.150753583458465,96,0.601929164343399,0.00673675403334607,0.00476837522196158,0.876356092008266,2.80601091559809
12,"n150_emstro_imbhig_corI0.5_corC0.25_bin",150,"strong","high",0.5,0.25,"binary","log_rr","spfa","index",500,500,100,0.339297176056476,0.339297176056476,811.558872720982,0.244268639978764,0.417935889605117,71.4,0.948875138547138,0.0109240256752788,0.00773218869150236,2.02091068580479,26.1289824620546
12,"n150_emstro_imbhig_corI0.5_corC0.25_bin",150,"strong","high",0.5,0.25,"binary","lor","spfa","comparator",500,500,100,0.0149068301137947,0.0149068301137947,2.88726868138532,0.342519242134893,0.342501103581051,96,1.32263536586355,0.0153179261803066,0.0108422571595258,0.876356092008266,2.96689290657738
12,"n150_emstro_imbhig_corI0.5_corC0.25_bin",150,"strong","high",0.5,0.25,"binary","lor","spfa","index",500,500,100,0.413050581107497,0.413050581107497,760.981590945292,0.300650887417693,0.510706331217929,71.4,1.17156647815485,0.0134455164352319,0.00951693754868958,2.02091068580479,24.7712773107104
12,"n150_emstro_imbhig_corI0.5_corC0.25_bin",150,"strong","high",0.5,0.25,"binary","p_A","spfa","comparator",500,500,100,-0.00253004903824202,0.00253004903824202,-0.422750327614995,0.0729615580846064,0.0729324573036795,93.8,0.2675328753265,0.00326294007242958,0.00230955776552091,1.07848041243223,0.545210374881182
12,"n150_emstro_imbhig_corI0.5_corC0.25_bin",150,"strong","high",0.5,0.25,"binary","p_A","spfa","index",500,500,100,-0.00115652969267823,0.00115652969267823,-0.493027694058665,0.0289083737459016,0.0289025992847964,96,0.1135421425875,0.00129282177629612,0.000915078581463492,0.876356092008266,0.551128901602217
12,"n150_emstro_imbhig_corI0.5_corC0.25_bin",150,"strong","high",0.5,0.25,"binary","p_B","spfa","comparator",500,500,100,-0.00202623089624942,0.00202623089624942,-0.430438046215045,0.0353599938059689,0.0353826810075092,97.6,0.158183251919,0.00158134699668236,0.00111930104601997,0.684455988358638,0.335930082252678
12,"n150_emstro_imbhig_corI0.5_corC0.25_bin",150,"strong","high",0.5,0.25,"binary","p_B","spfa","index",500,500,100,-0.060993472195644,0.060993472195644,-27.1115846802044,0.0350202480636764,0.070314782154063,61.8,0.1369513695123,0.00156615310518571,0.00110854658246391,2.17290588843604,0.696154703198551
12,"n150_emstro_imbhig_corI0.5_corC0.25_bin",150,"strong","high",0.5,0.25,"binary","rd","spfa","comparator",500,500,100,-0.000503818144046868,0.000503818144046868,-0.39441943620352,0.0805298405024156,0.080450847936141,96.2,0.312272584099183,0.00360140395161234,0.00254912755937643,0.85505555375075,2.81939769919031
12,"n150_emstro_imbhig_corI0.5_corC0.25_bin",150,"strong","high",0.5,0.25,"binary","rd","spfa","index",500,500,100,0.0598369425086263,0.0598369425086263,622.974954337385,0.0455442005120225,0.075170375419173,72.2,0.18048099867609,0.00203679856651526,0.00144167647633029,2.00357680162254,21.2055369270643
12,"n150_emstro_imbhig_corI0.5_corC0.25_bin",150,"strong","high",0.5,0.25,"binary","log_rr","relaxed","comparator",500,500,100,-0.0169031023220922,0.0169031023220922,-7.04052565797835,0.152244663765422,0.153028741215065,95.4,0.597295982344193,0.00680858834782164,0.00481922062369903,0.936845771725528,2.83593153753786
12,"n150_emstro_imbhig_corI0.5_corC0.25_bin",150,"strong","high",0.5,0.25,"binary","log_rr","relaxed","index",500,500,100,0.0367408903166379,0.0367408903166379,87.8798812141388,0.28194400221861,0.28404810960035,94.8,1.06329821199505,0.0126089190961833,0.00892478144464709,0.992935043192656,30.1590490285286
12,"n150_emstro_imbhig_corI0.5_corC0.25_bin",150,"strong","high",0.5,0.25,"binary","lor","relaxed","comparator",500,500,100,-0.0044947464244418,0.0044947464244418,-0.870576808281334,0.344578989817346,0.344263581589043,95.2,1.31665236657439,0.0154100408969959,0.0109074573331502,0.955991631762538,2.98473438827143
12,"n150_emstro_imbhig_corI0.5_corC0.25_bin",150,"strong","high",0.5,0.25,"binary","lor","relaxed","index",500,500,100,0.0303509822743403,0.0303509822743403,55.9169744198204,0.36631148785946,0.367201470654126,94.8,1.39281116106833,0.0163819477558568,0.0115953875382471,0.992935043192656,30.1811962898321
12,"n150_emstro_imbhig_corI0.5_corC0.25_bin",150,"strong","high",0.5,0.25,"binary","p_A","relaxed","comparator",500,500,100,-0.00795376325182202,0.00795376325182202,-1.32900824041586,0.0732837474818225,0.0736412179391107,94.8,0.270470705043,0.00327734882030568,0.00231975649268414,0.992935043192656,0.547617957814584
12,"n150_emstro_imbhig_corI0.5_corC0.25_bin",150,"strong","high",0.5,0.25,"binary","p_A","relaxed","index",500,500,100,-0.00113836522358423,0.00113836522358423,-0.485284195238089,0.028882507236897,0.0288760575775692,96.2,0.1138460181505,0.00129166499084663,0.000914259791427935,0.85505555375075,0.55063576487923
12,"n150_emstro_imbhig_corI0.5_corC0.25_bin",150,"strong","high",0.5,0.25,"binary","p_B","relaxed","comparator",500,500,100,-0.00291892961405608,0.00291892961405608,-0.620076597607501,0.0352736242568931,0.0353590195165514,96,0.1501543249095,0.00157748443302397,0.0011165670657157,0.876356092008266,0.335109546766039
12,"n150_emstro_imbhig_corI0.5_corC0.25_bin",150,"strong","high",0.5,0.25,"binary","p_B","relaxed","index",500,500,100,0.000484386095334713,0.000484386095334713,0.215309510490838,0.0556948127755024,0.0556411985461081,93.8,0.21388735413835,0.00249074774720294,0.0017629884931423,1.07848041243223,1.10713681373502
12,"n150_emstro_imbhig_corI0.5_corC0.25_bin",150,"strong","high",0.5,0.25,"binary","rd","relaxed","comparator",500,500,100,-0.00503483364312739,0.00503483364312739,-3.94157350299017,0.0810869997037845,0.0811621886578572,94.8,0.310468104585261,0.00362632086858335,0.00256676412572635,0.992935043192656,2.83890417481005
12,"n150_emstro_imbhig_corI0.5_corC0.25_bin",150,"strong","high",0.5,0.25,"binary","rd","relaxed","index",500,500,100,-0.00162275131909969,0.00162275131909969,-16.8948042218455,0.0634959571927787,0.0634531829659567,94.8,0.246461224930862,0.0028396255315894,0.00200992940479304,0.992935043192656,29.5639367874144
12,"n150_emstro_imbhig_corI0.5_corC0.25_bin",150,"strong","high",0.5,0.25,"binary","log_rr","naive","comparator",500,500,100,-0.940080183393635,0.940080183393635,-391.56472732756,0.149598399192533,0.951885325492676,0,0.677704490837085,0.00669024379839309,0.00473545458231529,0,2.78663834739698
12,"n150_emstro_imbhig_corI0.5_corC0.25_bin",150,"strong","high",0.5,0.25,"binary","log_rr","naive","index",500,500,100,-0.741805303664014,0.741805303664014,-1774.31089470608,0.149598399192533,0.756710004045768,0.2,0.677704490837085,0.00669024379839309,0.00473545458231529,0.199799899899875,16.0022749919636
12,"n150_emstro_imbhig_corI0.5_corC0.25_bin",150,"strong","high",0.5,0.25,"binary","lor","naive","comparator",500,500,100,-1.58268877045402,1.58268877045402,-306.547246089792,0.220119301740672,1.59789215722028,0,0.996258766813787,0.00984403443703862,0.0069677547467763,0,1.9066677564292
12,"n150_emstro_imbhig_corI0.5_corC0.25_bin",150,"strong","high",0.5,0.25,"binary","lor","naive","index",500,500,100,-1.12067220926156,1.12067220926156,-2064.66461915009,0.220119301740672,1.14204281994853,0.2,0.996258766813787,0.00984403443703862,0.0069677547467763,0.199799899899875,18.136105672899
12,"n150_emstro_imbhig_corI0.5_corC0.25_bin",150,"strong","high",0.5,0.25,"binary","p_A","naive","comparator",500,500,100,-0.364993584282155,0.364993584282155,-60.987417635141,0.0288960513875825,0.366133347824747,0,0.134954148959211,0.00129227070367923,0.000914688524026502,0,0.215927776533239
12,"n150_emstro_imbhig_corI0.5_corC0.25_bin",150,"strong","high",0.5,0.25,"binary","p_A","naive","index",500,500,100,-0.00109702409321823,0.00109702409321823,-0.467660504032264,0.0288960513875825,0.0288879781930706,97.4,0.134954148959211,0.00129227070367923,0.000914688524026502,0.711674082709214,0.550893979781113
12,"n150_emstro_imbhig_corI0.5_corC0.25_bin",150,"strong","high",0.5,0.25,"binary","p_B","naive","comparator",500,500,100,-0.00289694206787608,0.00289694206787608,-0.615405720050407,0.0352722805991964,0.035355873408187,97.8,0.159297290650594,0.001577424342825,0.0011165245329745,0.655987804764693,0.335096781632565
12,"n150_emstro_imbhig_corI0.5_corC0.25_bin",150,"strong","high",0.5,0.25,"binary","p_B","naive","index",500,500,100,0.242868007712959,0.242868007712959,107.954774833965,0.0352722805991964,0.245410909866642,0,0.159297290650594,0.001577424342825,0.0011165245329745,0,0.701164765795546
12,"n150_emstro_imbhig_corI0.5_corC0.25_bin",150,"strong","high",0.5,0.25,"binary","rd","naive","comparator",500,500,100,-0.362096642214279,0.362096642214279,-283.471238900158,0.0461794800495218,0.365023639771104,0,0.208828995874421,0.00206520913112652,0.00146178589871141,0,1.61677111228751
12,"n150_emstro_imbhig_corI0.5_corC0.25_bin",150,"strong","high",0.5,0.25,"binary","rd","naive","index",500,500,100,-0.243965031806178,0.243965031806178,-2539.97109774554,0.0461794800495218,0.248288574108995,0.2,0.208828995874421,0.00206520913112652,0.00146178589871141,0.199799899899875,21.5013252720126
12,"n150_emstro_imbhig_corI0.5_corC0.25_bin",150,"strong","high",0.5,0.25,"binary","log_rr","stc","comparator",500,500,100,-0.00219065264497354,0.00219065264497354,-0.912456533762808,0.148137396399417,0.148005397856244,96.8,0.591894391947899,0.00662490576717858,0.00468920734699204,0.787095928079926,2.75942357483973
12,"n150_emstro_imbhig_corI0.5_corC0.25_bin",150,"strong","high",0.5,0.25,"binary","log_rr","stc","index",500,500,100,0.196084227084648,0.196084227084648,469.010370615916,0.148137396399417,0.245662009572009,67.6,0.591894391947899,0.00662490576717858,0.00468920734699204,2.0929596269398,15.8459941187346
12,"n150_emstro_imbhig_corI0.5_corC0.25_bin",150,"strong","high",0.5,0.25,"binary","lor","stc","comparator",500,500,100,0.0127029010709472,0.0127029010709472,2.46039487569805,0.340058323790909,0.339955508777167,96.6,1.33637814616488,0.0152078705662221,0.0107643581505015,0.810481338464989,2.94557649488348
12,"n150_emstro_imbhig_corI0.5_corC0.25_bin",150,"strong","high",0.5,0.25,"binary","lor","stc","index",500,500,100,0.474719462263415,0.474719462263415,874.59693356996,0.340058323790909,0.58375247503029,69.8,1.33637814616488,0.0152078705662221,0.0107643581505015,2.05327056181108,28.0181412827063
12,"n150_emstro_imbhig_corI0.5_corC0.25_bin",150,"strong","high",0.5,0.25,"binary","p_A","stc","comparator",500,500,100,-0.00204061547272495,0.00204061547272495,-0.340970015438958,0.0732347896963106,0.0731899710652125,92.6,0.276572706952986,0.00327515936157703,0.00231820676106272,1.17067501895274,0.54725211731867
12,"n150_emstro_imbhig_corI0.5_corC0.25_bin",150,"strong","high",0.5,0.25,"binary","p_A","stc","index",500,500,100,-0.0010970239271567,0.0010970239271567,-0.467660433240366,0.0288960512791705,0.028887978078539,96,0.11539449825142,0.0012922706988309,0.000914688520594781,0.876356092008266,0.550893977714274
12,"n150_emstro_imbhig_corI0.5_corC0.25_bin",150,"strong","high",0.5,0.25,"binary","p_B","stc","comparator",500,500,100,-0.00289694206787608,0.00289694206787608,-0.615405720050407,0.0352722805991964,0.035355873408187,97.8,0.159297290650594,0.001577424342825,0.0011165245329745,0.655987804764693,0.335096781632565
12,"n150_emstro_imbhig_corI0.5_corC0.25_bin",150,"strong","high",0.5,0.25,"binary","p_B","stc","index",500,500,100,-0.0405396216173932,0.0405396216173932,-18.0198526960053,0.0260381677969015,0.048167324305348,78,0.14371821074118,0.00116446226406835,0.000824223799682784,1.85256578830551,0.51760321461821
12,"n150_emstro_imbhig_corI0.5_corC0.25_bin",150,"strong","high",0.5,0.25,"binary","rd","stc","comparator",500,500,100,0.00085632659515114,0.00085632659515114,0.67038445688485,0.0811349172598234,0.0810582651208279,95.2,0.319643971998575,0.00362846380683572,0.00256828092945916,0.955991631762538,2.84058179699834
12,"n150_emstro_imbhig_corI0.5_corC0.25_bin",150,"strong","high",0.5,0.25,"binary","rd","stc","index",500,500,100,0.118987937003253,0.118987937003253,1238.80836007981,0.0811349172598234,0.143971657632504,66,0.319643971998575,0.00362846380683572,0.00256828092945916,2.11849002829846,37.7766974649894
12,"n150_emstro_imbhig_corI0.5_corC0.25_bin",150,"strong","high",0.5,0.25,"binary","log_rr","maic","comparator",500,500,100,0.00317603619283678,0.00317603619283678,1.32289114035059,0.154296635669333,0.15417497877806,96.8,0.646282973102354,0.00690035532112295,0.00488417465935454,0.787095928079926,2.8741545641617
12,"n150_emstro_imbhig_corI0.5_corC0.25_bin",150,"strong","high",0.5,0.25,"binary","log_rr","maic","index",500,500,100,0.201450915922458,0.201450915922458,481.846858069418,0.154296635669333,0.25365785696744,72,0.646282973102354,0.00690035532112295,0.00488417465935454,2.00798406368178,16.5048370012152
12,"n150_emstro_imbhig_corI0.5_corC0.25_bin",150,"strong","high",0.5,0.25,"binary","lor","maic","comparator",500,500,100,0.0294698863036249,0.0294698863036249,5.70795260420274,0.359122398007411,0.359971433805296,95.8,1.49541322725081,0.0160604418837461,0.0113678208753261,0.897061870775924,3.11070901768968
12,"n150_emstro_imbhig_corI0.5_corC0.25_bin",150,"strong","high",0.5,0.25,"binary","lor","maic","index",500,500,100,0.491486447496093,0.491486447496093,905.487501653675,0.359122398007411,0.608498058361259,76.8,1.49541322725081,0.0160604418837461,0.0113678208753261,1.88772879408034,29.5888716176308
12,"n150_emstro_imbhig_corI0.5_corC0.25_bin",150,"strong","high",0.5,0.25,"binary","p_A","maic","comparator",500,500,100,0.00159723008771439,0.00159723008771439,0.266883974441445,0.0769179083641223,0.0768575503240273,94,0.316803977129496,0.00343987343578554,0.0024347938453286,1.06207344378814,0.574774480633348
12,"n150_emstro_imbhig_corI0.5_corC0.25_bin",150,"strong","high",0.5,0.25,"binary","p_A","maic","index",500,500,100,-0.00430724758439312,0.00430724758439312,-1.83617624148965,0.0361207742288427,0.0363407937720478,92.8,0.144835631845069,0.0016153701315123,0.00114338312951203,1.15599307956406,0.688631010541923
12,"n150_emstro_imbhig_corI0.5_corC0.25_bin",150,"strong","high",0.5,0.25,"binary","p_B","maic","comparator",500,500,100,-0.00289694206787608,0.00289694206787608,-0.615405720050407,0.0352722805991964,0.035355873408187,97.8,0.159297290650594,0.001577424342825,0.0011165245329745,0.655987804764693,0.335096781632565
12,"n150_emstro_imbhig_corI0.5_corC0.25_bin",150,"strong","high",0.5,0.25,"binary","p_B","maic","index",500,500,100,-0.0429899119136307,0.0429899119136307,-19.1090061818807,0.0377580114502802,0.0571922076874451,75,0.166433440271843,0.00168858960596084,0.00119520896818705,1.93649167310371,0.750577700270518
12,"n150_emstro_imbhig_corI0.5_corC0.25_bin",150,"strong","high",0.5,0.25,"binary","rd","maic","comparator",500,500,100,0.00449417215559047,0.00449417215559047,3.51831086028664,0.0849657790053861,0.0849996636355239,94.4,0.354966036301068,0.00379978515234535,0.00268954473913332,1.02824121683582,2.97470254930546
12,"n150_emstro_imbhig_corI0.5_corC0.25_bin",150,"strong","high",0.5,0.25,"binary","rd","maic","index",500,500,100,0.122625782563692,0.122625782563692,1276.68273294862,0.0849657790053861,0.149136943056193,71.6,0.354966036301068,0.00379978515234536,0.00268954473913332,2.01665068864194,39.5603599136597
