"scenario_id","scenario_name","sample_size","effect_modification","population_imbalance","covariate_correlation_index","covariate_correlation_comparator","covariate_type","quantity","model","population","n_valid","n_total","convergence_pct","bias","abs_bias","rel_bias_pct","emp_se","rmse","coverage","ci_width","mcse_bias","mcse_emp_se","mcse_coverage","mcse_rel_bias_pct"
1,"n150_emnone_imblow_corI0.5_corC0.5_bin",150,"none","low",0.5,0.5,"binary","log_rr","spfa","comparator",500,500,100,-0.0504014492182878,0.0504014492182878,-15.3062675365867,0.133455445391527,0.142530843245051,95,0.563669391388287,0.00596830895725931,0.00422445830854705,0.974679434480897,1.81249815347911
1,"n150_emnone_imblow_corI0.5_corC0.5_bin",150,"none","low",0.5,0.5,"binary","log_rr","spfa","index",500,500,100,-0.0696833875513378,0.0696833875513378,-18.3813379359318,0.147894844565054,0.163355176775803,94.4,0.62048207097434,0.00661405851938454,0.00468152950283274,1.02824121683582,1.74468046179971
1,"n150_emnone_imblow_corI0.5_corC0.5_bin",150,"none","low",0.5,0.5,"binary","lor","spfa","comparator",500,500,100,-0.0910987783174971,0.0910987783174971,-16.3637489232969,0.222235766554643,0.239976969468318,95,0.92358619677122,0.00993868562095914,0.00703475026982818,0.974679434480897,1.78525068209087
1,"n150_emnone_imblow_corI0.5_corC0.5_bin",150,"none","low",0.5,0.5,"binary","lor","spfa","index",500,500,100,-0.0953709973891833,0.0953709973891833,-17.7053487898109,0.211423749320278,0.231746044013912,94.4,0.878829996542424,0.00945515751076032,0.00669250184449139,1.02824121683582,1.75532254221343
1,"n150_emnone_imblow_corI0.5_corC0.5_bin",150,"none","low",0.5,0.5,"binary","p_A","spfa","comparator",500,500,100,-0.0192282605531146,0.0192282605531146,-4.03540462495343,0.0390322344343181,0.043476364822558,93.2,0.1537187020665,0.00174557459017687,0.0012355437919634,1.12584190719657,0.366340977902961
1,"n150_emnone_imblow_corI0.5_corC0.5_bin",150,"none","low",0.5,0.5,"binary","p_A","spfa","index",500,500,100,-0.002199887019849,0.002199887019849,-0.621228023755102,0.0322682614130633,0.0323109535008276,96.2,0.12841541847,0.00144308052070686,0.00102143396718556,0.85505555375075,0.407512773114929
1,"n150_emnone_imblow_corI0.5_corC0.5_bin",150,"none","low",0.5,0.5,"binary","p_B","spfa","comparator",500,500,100,0.00440350388394175,0.00440350388394175,1.28455503615922,0.0338630278387476,0.0341145436955394,97,0.151068362789,0.00151440064342815,0.00107191541631196,0.762889244910426,0.441768878726876
1,"n150_emnone_imblow_corI0.5_corC0.5_bin",150,"none","low",0.5,0.5,"binary","p_B","spfa","index",500,500,100,0.0172814515467511,0.0172814515467511,7.12970059475417,0.0288997985401745,0.033647830933272,94.2,0.1271997994205,0.00129243828143759,0.00091480713806922,1.04533248299285,0.533213194442626
1,"n150_emnone_imblow_corI0.5_corC0.5_bin",150,"none","low",0.5,0.5,"binary","rd","spfa","comparator",500,500,100,-0.0236317644376943,0.0236317644376943,-17.6771728372474,0.05223245769923,0.0572820518877067,94.8,0.215427606323668,0.00233590652094721,0.00165338955826042,0.992935043192656,1.74731867403744
1,"n150_emnone_imblow_corI0.5_corC0.5_bin",150,"none","low",0.5,0.5,"binary","rd","spfa","index",500,500,100,-0.0194813385674822,0.0194813385674822,-17.4357250254052,0.0439020794105806,0.0479902109164009,94.4,0.180885480074662,0.00196336067831304,0.00138969604113504,1.02824121683582,1.75720045078933
1,"n150_emnone_imblow_corI0.5_corC0.5_bin",150,"none","low",0.5,0.5,"binary","log_rr","relaxed","comparator",500,500,100,-0.050745566339586,0.050745566339586,-15.4107714507439,0.133808490873495,0.142982569946507,94,0.531041545089557,0.00598409763119591,0.00423563376800634,1.06207344378814,1.81729296932408
1,"n150_emnone_imblow_corI0.5_corC0.5_bin",150,"none","low",0.5,0.5,"binary","log_rr","relaxed","index",500,500,100,-0.0652088253287624,0.0652088253287624,-17.2010216048993,0.148280842488675,0.161850006899629,93,0.590978556237952,0.00663132087131233,0.00469374805360628,1.14105214604767,1.74923398790548
1,"n150_emnone_imblow_corI0.5_corC0.5_bin",150,"none","low",0.5,0.5,"binary","lor","relaxed","comparator",500,500,100,-0.0912863062991383,0.0912863062991383,-16.3974339063927,0.222383003319731,0.240184265685562,93.8,0.875828821747984,0.0099452702492696,0.00703941096818915,1.07848041243223,1.78643345541029
1,"n150_emnone_imblow_corI0.5_corC0.5_bin",150,"none","low",0.5,0.5,"binary","lor","relaxed","index",500,500,100,-0.0889727288904903,0.0889727288904903,-16.5175288181067,0.211157513058851,0.228942059955739,93.6,0.841849082908122,0.0094432510631878,0.00668407428289342,1.09456840809517,1.75311214478769
1,"n150_emnone_imblow_corI0.5_corC0.5_bin",150,"none","low",0.5,0.5,"binary","p_A","relaxed","comparator",500,500,100,-0.0202923040233012,0.0202923040233012,-4.25871374482321,0.0390234548015812,0.0439495388733015,92.4,0.1540011864015,0.00174518195306452,0.0012352658775452,1.18510759005248,0.366258575773309
1,"n150_emnone_imblow_corI0.5_corC0.5_bin",150,"none","low",0.5,0.5,"binary","p_A","relaxed","index",500,500,100,-0.00223025518352902,0.00223025518352902,-0.629803716114657,0.0322775630756246,0.0323223055200025,95.8,0.1287335407885,0.00144349650370268,0.00102172840616911,0.897061870775924,0.407630242917731
1,"n150_emnone_imblow_corI0.5_corC0.5_bin",150,"none","low",0.5,0.5,"binary","p_B","relaxed","comparator",500,500,100,0.00326933402675508,0.00326933402675508,0.953704050147373,0.0337470497027891,0.0338714360766374,94.4,0.134781298661,0.00150921394351001,0.00106824419256667,1.02824121683582,0.440255855989417
1,"n150_emnone_imblow_corI0.5_corC0.5_bin",150,"none","low",0.5,0.5,"binary","p_B","relaxed","index",500,500,100,0.0159108038976911,0.0159108038976911,6.56422104969023,0.0296855220764277,0.0336544416263138,91.8,0.117209367195,0.00132757690620926,0.000939678782019064,1.22699633251286,0.547710117531274
1,"n150_emnone_imblow_corI0.5_corC0.5_bin",150,"none","low",0.5,0.5,"binary","rd","relaxed","comparator",500,500,100,-0.0235616380515206,0.0235616380515206,-17.6247164812223,0.052248286065477,0.0572675686375563,93.4,0.205153586051039,0.00233661438700523,0.00165389059643916,1.11035129576184,1.74784817621177
1,"n150_emnone_imblow_corI0.5_corC0.5_bin",150,"none","low",0.5,0.5,"binary","rd","relaxed","index",500,500,100,-0.0181410590798068,0.0181410590798068,-16.236179905682,0.0436418310902813,0.0472217982144672,93.8,0.17459751334339,0.00195172201960865,0.00138145802450149,1.07848041243223,1.74678389485652
1,"n150_emnone_imblow_corI0.5_corC0.5_bin",150,"none","low",0.5,0.5,"binary","log_rr","naive","comparator",500,500,100,-0.311747618126402,0.311747618126402,-94.6737151598607,0.136618599575616,0.340314398569892,48.8,0.621688194739949,0.00610976951283801,0.00432458620467737,2.23542389716134,1.85545789259661
1,"n150_emnone_imblow_corI0.5_corC0.5_bin",150,"none","low",0.5,0.5,"binary","log_rr","naive","index",500,500,100,-0.36155983191787,0.36155983191787,-95.3735702020056,0.136618599575616,0.3864619315314,36.2,0.621688194739949,0.00610976951283801,0.00432458620467737,2.14921380974532,1.6116572697243
1,"n150_emnone_imblow_corI0.5_corC0.5_bin",150,"none","low",0.5,0.5,"binary","lor","naive","comparator",500,500,100,-0.530152508701606,0.530152508701606,-95.2294059664994,0.209493605656242,0.569966207903449,40.4,0.95273452977571,0.00936883886197784,0.00663140421438493,2.19446576642243,1.68289113939508
1,"n150_emnone_imblow_corI0.5_corC0.5_bin",150,"none","low",0.5,0.5,"binary","lor","naive","index",500,500,100,-0.512097998624877,0.512097998624877,-95.069506751807,0.209493605656242,0.553212577464428,42.2,0.95273452977571,0.00936883886197784,0.00663140421438493,2.20869192057199,1.7392977356622
1,"n150_emnone_imblow_corI0.5_corC0.5_bin",150,"none","low",0.5,0.5,"binary","p_A","naive","comparator",500,500,100,-0.124502368267135,0.124502368267135,-26.1291150769989,0.0322849123347464,0.128612093667192,8.2,0.152474650226125,0.00144382517256229,0.00102196104290167,1.22699633251286,0.303013304967842
1,"n150_emnone_imblow_corI0.5_corC0.5_bin",150,"none","low",0.5,0.5,"binary","p_A","naive","index",500,500,100,-0.00213242257716235,0.00213242257716235,-0.602176680651651,0.0322849123347464,0.032323028313896,98.2,0.152474650226125,0.00144382517256229,0.00102196104290167,0.5945754788082,0.407723056005077
1,"n150_emnone_imblow_corI0.5_corC0.5_bin",150,"none","low",0.5,0.5,"binary","p_B","naive","comparator",500,500,100,0.00324950165726175,0.00324950165726175,0.947918709477064,0.0337459670434039,0.0338684509851227,97.6,0.151833036769091,0.00150916552551037,0.00106820992158266,0.684455988358638,0.440241731876685
1,"n150_emnone_imblow_corI0.5_corC0.5_bin",150,"none","low",0.5,0.5,"binary","p_B","naive","index",500,500,100,0.103666555416371,0.103666555416371,42.7690636870818,0.0337459670434039,0.109010400526769,19.6,0.151833036769091,0.00150916552551037,0.00106820992158266,1.7752971582245,0.622627000729961
1,"n150_emnone_imblow_corI0.5_corC0.5_bin",150,"none","low",0.5,0.5,"binary","rd","naive","comparator",500,500,100,-0.127751869924396,0.127751869924396,-95.5617127484973,0.0473393167537335,0.136224333942467,33.4,0.215205973510318,0.00211707860539486,0.00149849988806786,2.10923682880799,1.58362971653143
1,"n150_emnone_imblow_corI0.5_corC0.5_bin",150,"none","low",0.5,0.5,"binary","rd","naive","index",500,500,100,-0.105798977993533,0.105798977993533,-94.6896888976227,0.0473393167537335,0.115887672482301,51,0.215205973510318,0.00211707860539486,0.00149849988806786,2.23562071917398,1.8947774195787
1,"n150_emnone_imblow_corI0.5_corC0.5_bin",150,"none","low",0.5,0.5,"binary","log_rr","stc","comparator",500,500,100,-0.0504871919531181,0.0504871919531181,-15.3323064949695,0.13242621382417,0.14160008917688,95.6,0.561618100736529,0.00592228032227535,0.00419187855255895,0.917213170424412,1.79851985300689
1,"n150_emnone_imblow_corI0.5_corC0.5_bin",150,"none","low",0.5,0.5,"binary","log_rr","stc","index",500,500,100,-0.100299405744586,0.100299405744586,-26.4573427978959,0.13242621382417,0.166016865096009,92,0.561618100736529,0.00592228032227535,0.00419187855255895,1.21326007104825,1.56220068771574
1,"n150_emnone_imblow_corI0.5_corC0.5_bin",150,"none","low",0.5,0.5,"binary","lor","stc","comparator",500,500,100,-0.0910418735419561,0.0910418735419561,-16.3535273212438,0.220816047931038,0.238643730920936,95.6,0.925179293181308,0.00987519387393303,0.00698980986205617,0.917213170424412,1.77384588582219
1,"n150_emnone_imblow_corI0.5_corC0.5_bin",150,"none","low",0.5,0.5,"binary","lor","stc","index",500,500,100,-0.072987363465227,0.072987363465227,-13.5498921346827,0.220816047931038,0.23235611202514,96.4,0.925179293181308,0.00987519387393303,0.00698980986205617,0.83311463797007,1.83330107361148
1,"n150_emnone_imblow_corI0.5_corC0.5_bin",150,"none","low",0.5,0.5,"binary","p_A","stc","comparator",500,500,100,-0.0196460010509942,0.0196460010509942,-4.12307516241662,0.0390658373997745,0.0436927079698409,94,0.155790550810916,0.00174707736047699,0.00123660747524884,1.06207344378814,0.366656361928604
1,"n150_emnone_imblow_corI0.5_corC0.5_bin",150,"none","low",0.5,0.5,"binary","p_A","stc","index",500,500,100,-0.00213242252922837,0.00213242252922837,-0.602176667115534,0.0322849123013831,0.0323230282774765,96.4,0.129600622775322,0.00144382517107024,0.00102196104184558,0.83311463797007,0.407723055583736
1,"n150_emnone_imblow_corI0.5_corC0.5_bin",150,"none","low",0.5,0.5,"binary","p_B","stc","comparator",500,500,100,0.00324950165726175,0.00324950165726175,0.947918709477064,0.0337459670434039,0.0338684509851227,97.6,0.151833036769091,0.00150916552551037,0.00106820992158266,0.684455988358638,0.440241731876685
1,"n150_emnone_imblow_corI0.5_corC0.5_bin",150,"none","low",0.5,0.5,"binary","p_B","stc","index",500,500,100,0.0242482894184142,0.0242482894184142,10.0039654088398,0.0275701558626217,0.0366956783152983,99.6,0.179079035971561,0.00123297485318173,0.000872718034547759,0.282276460230038,0.50868073901462
1,"n150_emnone_imblow_corI0.5_corC0.5_bin",150,"none","low",0.5,0.5,"binary","rd","stc","comparator",500,500,100,-0.022895502708256,0.022895502708256,-17.1264299640672,0.0522631104672833,0.0570102963906327,95.8,0.217598158116913,0.00233727735440853,0.00165435985467884,0.897061870775924,1.74834409302765
1,"n150_emnone_imblow_corI0.5_corC0.5_bin",150,"none","low",0.5,0.5,"binary","rd","stc","index",500,500,100,-0.00094261077739313,0.00094261077739313,-0.843633114001887,0.0522631104672833,0.05221932942275,96.6,0.217598158116913,0.00233727735440853,0.00165435985467884,0.810481338464989,2.0918544749074
1,"n150_emnone_imblow_corI0.5_corC0.5_bin",150,"none","low",0.5,0.5,"binary","log_rr","maic","comparator",500,500,100,-0.0513229992590991,0.0513229992590991,-15.5861303518783,0.132425234705855,0.14189933105648,97,0.590351059695489,0.00592223653477311,0.00419184755911023,0.762889244910426,1.79850655530941
1,"n150_emnone_imblow_corI0.5_corC0.5_bin",150,"none","low",0.5,0.5,"binary","log_rr","maic","index",500,500,100,-0.101135213050567,0.101135213050567,-26.6778150952456,0.132425234705855,0.166522374533005,93.4,0.590351059695489,0.00592223653477311,0.00419184755911023,1.11035129576184,1.56218913728881
1,"n150_emnone_imblow_corI0.5_corC0.5_bin",150,"none","low",0.5,0.5,"binary","lor","maic","comparator",500,500,100,-0.092588288318554,0.092588288318554,-16.6313042969935,0.220733837541032,0.239162228027921,96.6,0.984291228581397,0.00987151731352287,0.00698720753763181,0.810481338464989,1.77318547837695
1,"n150_emnone_imblow_corI0.5_corC0.5_bin",150,"none","low",0.5,0.5,"binary","lor","maic","index",500,500,100,-0.074533778241825,0.074533778241825,-13.8369795484974,0.220733837541032,0.232768692655437,97,0.984291228581397,0.00987151731352287,0.00698720753763181,0.762889244910426,1.83261853084491
1,"n150_emnone_imblow_corI0.5_corC0.5_bin",150,"none","low",0.5,0.5,"binary","p_A","maic","comparator",500,500,100,-0.0200277784112934,0.0200277784112934,-4.20319817308616,0.0390326363639816,0.0438361895722204,96,0.176543098763336,0.00174559256501786,0.00123555651482458,0.876356092008266,0.366344750254406
1,"n150_emnone_imblow_corI0.5_corC0.5_bin",150,"none","low",0.5,0.5,"binary","p_A","maic","index",500,500,100,-0.00213242216321488,0.00213242216321488,-0.602176563756662,0.0322849120977944,0.0323230280503878,96.4,0.13145938621802,0.00144382516196547,0.00102196103540109,0.83311463797007,0.407723053012633
1,"n150_emnone_imblow_corI0.5_corC0.5_bin",150,"none","low",0.5,0.5,"binary","p_B","maic","comparator",500,500,100,0.00324950165726175,0.00324950165726175,0.947918709477064,0.0337459670434039,0.0338684509851227,97.6,0.151833036769091,0.00150916552551037,0.00106820992158266,0.684455988358638,0.440241731876685
1,"n150_emnone_imblow_corI0.5_corC0.5_bin",150,"none","low",0.5,0.5,"binary","p_B","maic","index",500,500,100,0.0244703689925785,0.0244703689925785,10.095587392544,0.0275841902168759,0.0368532866031498,99.8,0.186416199497573,0.00123360248858439,0.000873162284269158,0.199799899899875,0.508939678635028
1,"n150_emnone_imblow_corI0.5_corC0.5_bin",150,"none","low",0.5,0.5,"binary","rd","maic","comparator",500,500,100,-0.0232772800685551,0.0232772800685551,-17.4120093333585,0.0522380679582954,0.0571418400116536,96.4,0.232870006773777,0.00233615741936004,0.00165356714790805,0.83311463797007,1.74750635255885
1,"n150_emnone_imblow_corI0.5_corC0.5_bin",150,"none","low",0.5,0.5,"binary","rd","maic","index",500,500,100,-0.00132438813769231,0.00132438813769231,-1.18532242102992,0.0522380679582954,0.0522026064144954,98.2,0.232870006773777,0.00233615741936004,0.00165356714790805,0.5945754788082,2.09085213723516
2,"n150_emweak_imblow_corI0.5_corC0.5_bin",150,"weak","low",0.5,0.5,"binary","log_rr","spfa","comparator",500,500,100,-0.0369563929313032,0.0369563929313032,-12.1315380670741,0.120838918571791,0.126248228231566,97.2,0.554193901159398,0.00540408072508171,0.00382508913037467,0.737780455149091,1.77397754038758
2,"n150_emweak_imblow_corI0.5_corC0.5_bin",150,"weak","low",0.5,0.5,"binary","log_rr","spfa","index",500,500,100,-0.0336229858960423,0.0336229858960423,-10.1300667925629,0.134624343124266,0.138628898555396,97.2,0.612787224632829,0.00602058365304232,0.00426145911974981,0.737780455149091,1.81390536593331
2,"n150_emweak_imblow_corI0.5_corC0.5_bin",150,"weak","low",0.5,0.5,"binary","lor","spfa","comparator",500,500,100,-0.0664418881034651,0.0664418881034651,-12.8031587560856,0.204580127475436,0.214904274028004,97,0.918693265307981,0.00914910143761296,0.00647587078025735,0.762889244910426,1.76300525955675
2,"n150_emweak_imblow_corI0.5_corC0.5_bin",150,"weak","low",0.5,0.5,"binary","lor","spfa","index",500,500,100,-0.0448989923681975,0.0448989923681975,-9.43470798684493,0.19458868395867,0.199511768897469,97,0.874296807794906,0.0087022704996762,0.006159597162085,0.762889244910426,1.82862413289112
2,"n150_emweak_imblow_corI0.5_corC0.5_bin",150,"weak","low",0.5,0.5,"binary","p_A","spfa","comparator",500,500,100,-0.0139278504711679,0.0139278504711679,-2.92301594581351,0.0386041202444078,0.0410034457380379,94,0.153354397819,0.00172642874156143,0.00122199207407532,1.06207344378814,0.362322868941
2,"n150_emweak_imblow_corI0.5_corC0.5_bin",150,"weak","low",0.5,0.5,"binary","p_A","spfa","index",500,500,100,0.00201517600457765,0.00201517600457765,0.569067318251827,0.0322455107262965,0.0322762195804454,95.6,0.1285065488525,0.00144206307906395,0.00102071380677955,0.917213170424412,0.407225456877592
2,"n150_emweak_imblow_corI0.5_corC0.5_bin",150,"weak","low",0.5,0.5,"binary","p_B","spfa","comparator",500,500,100,0.00355448287957223,0.00355448287957223,1.01163293671514,0.0311308097055006,0.031302131027063,98.8,0.152048924686,0.00139221213392219,0.000985428562516704,0.486949689393063,0.396234191382475
2,"n150_emweak_imblow_corI0.5_corC0.5_bin",150,"weak","low",0.5,0.5,"binary","p_B","spfa","index",500,500,100,0.0113255081402549,0.0113255081402549,4.45713968622565,0.0265583668698061,0.028847933924713,98.6,0.128433321867,0.00118772627384529,0.000840690413609124,0.525433154644813,0.46742820242321
2,"n150_emweak_imblow_corI0.5_corC0.5_bin",150,"weak","low",0.5,0.5,"binary","rd","spfa","comparator",500,500,100,-0.0174823333495822,0.0174823333495822,-13.9715479195414,0.0484673799983421,0.0514783520462903,97,0.215692251088762,0.00216752712735213,0.00153420810613474,0.762889244910426,1.7322464067664
2,"n150_emweak_imblow_corI0.5_corC0.5_bin",150,"weak","low",0.5,0.5,"binary","rd","spfa","index",500,500,100,-0.00931033213767611,0.00931033213767611,-9.30838022356701,0.0410211893041873,0.0420244545532712,97,0.18181920950402,0.001834523356041,0.00129850305826155,0.762889244910426,1.83413874763292
2,"n150_emweak_imblow_corI0.5_corC0.5_bin",150,"weak","low",0.5,0.5,"binary","log_rr","relaxed","comparator",500,500,100,-0.0371726122361937,0.0371726122361937,-12.2025155765132,0.121394695151701,0.12684242889276,96.4,0.525974494540312,0.00542893580934134,0.00384268193060706,0.83311463797007,1.78213662673068
2,"n150_emweak_imblow_corI0.5_corC0.5_bin",150,"weak","low",0.5,0.5,"binary","log_rr","relaxed","index",500,500,100,-0.0559411523822049,0.0559411523822049,-16.8541726733252,0.136333767120951,0.147238360474178,97,0.591237332648183,0.00609703141822146,0.00431556999086818,0.762889244910426,1.83693785239365
2,"n150_emweak_imblow_corI0.5_corC0.5_bin",150,"weak","low",0.5,0.5,"binary","lor","relaxed","comparator",500,500,100,-0.0665977535489524,0.0665977535489524,-12.8331935744829,0.205086562002084,0.215433603914928,96.4,0.876770933326763,0.0091717498781677,0.00649190168508522,0.83311463797007,1.76736954823482
2,"n150_emweak_imblow_corI0.5_corC0.5_bin",150,"weak","low",0.5,0.5,"binary","lor","relaxed","index",500,500,100,-0.0753494592728897,0.0753494592728897,-15.8333206985268,0.197224093920961,0.210943332554539,96.6,0.852260813689971,0.00882012961616143,0.00624301960677404,0.810481338464989,1.85339008617815
2,"n150_emweak_imblow_corI0.5_corC0.5_bin",150,"weak","low",0.5,0.5,"binary","p_A","relaxed","comparator",500,500,100,-0.0149796889286879,0.0149796889286879,-3.14376361898213,0.0384821328405669,0.0412589854366704,94.6,0.1532666204925,0.0017209732990137,0.00121813063027899,1.01078187557949,0.361177943843512
2,"n150_emweak_imblow_corI0.5_corC0.5_bin",150,"weak","low",0.5,0.5,"binary","p_A","relaxed","index",500,500,100,0.00199823652030432,0.00199823652030432,0.564283762440277,0.0321784386810774,0.0322082902574948,95.8,0.128715478181,0.00143906352601396,0.00101859067828625,0.897061870775924,0.40637841046267
2,"n150_emweak_imblow_corI0.5_corC0.5_bin",150,"weak","low",0.5,0.5,"binary","p_B","relaxed","comparator",500,500,100,0.00245587637645222,0.00245587637645222,0.698961147118731,0.0311004709172505,0.0311662660815923,98,0.137672902956,0.00139085534206455,0.000984468204955283,0.626099033699941,0.395848038071863
2,"n150_emweak_imblow_corI0.5_corC0.5_bin",150,"weak","low",0.5,0.5,"binary","p_B","relaxed","index",500,500,100,0.0172099114026942,0.0172099114026942,6.77293929415245,0.0283584074648329,0.0331477288193654,95.8,0.1243656157405,0.00126822653650008,0.000897669703027208,0.897061870775924,0.49910898097962
2,"n150_emweak_imblow_corI0.5_corC0.5_bin",150,"weak","low",0.5,0.5,"binary","rd","relaxed","comparator",500,500,100,-0.0174355653047753,0.0174355653047753,-13.9341717886751,0.048563311455766,0.0515526659505376,96.2,0.206456777113036,0.00217181731255174,0.00153724476335901,0.85505555375075,1.73567504108549
2,"n150_emweak_imblow_corI0.5_corC0.5_bin",150,"weak","low",0.5,0.5,"binary","rd","relaxed","index",500,500,100,-0.0152116748809193,0.0152116748809193,-15.2084857484175,0.0416331581006791,0.0442859827305668,96.4,0.179402639450292,0.00186189143262229,0.00131787459202944,0.83311463797007,1.86150108648821
2,"n150_emweak_imblow_corI0.5_corC0.5_bin",150,"weak","low",0.5,0.5,"binary","log_rr","naive","comparator",500,500,100,-0.298112178842333,0.298112178842333,-97.8601794987638,0.125426013654881,0.323374539359046,49.8,0.613220292331341,0.00560922185358263,0.0039702910880693,2.23605008888442,1.84131845794297
2,"n150_emweak_imblow_corI0.5_corC0.5_bin",150,"weak","low",0.5,0.5,"binary","log_rr","naive","index",500,500,100,-0.32539422513659,0.32539422513659,-98.0360651115135,0.125426013654881,0.348685565063703,43,0.613220292331341,0.00560922185358263,0.0039702910880693,2.21404606998138,1.68996864843535
2,"n150_emweak_imblow_corI0.5_corC0.5_bin",150,"weak","low",0.5,0.5,"binary","lor","naive","comparator",500,500,100,-0.508630128184749,0.508630128184749,-98.0115476119031,0.193639311619648,0.544174418670849,42.8,0.948714345762201,0.00865981327795597,0.00612954530579903,2.2127629787214,1.668720853072
2,"n150_emweak_imblow_corI0.5_corC0.5_bin",150,"weak","low",0.5,0.5,"binary","lor","naive","index",500,500,100,-0.46557264400401,0.46557264400401,-97.8316374412098,0.193639311619648,0.504161757259916,50,0.948714345762201,0.00865981327795597,0.00612954530579903,2.23606797749979,1.81970251866917
2,"n150_emweak_imblow_corI0.5_corC0.5_bin",150,"weak","low",0.5,0.5,"binary","p_A","naive","comparator",500,500,100,-0.120329034933801,0.120329034933801,-25.2532642121594,0.0321986043558903,0.12455421819562,9.8,0.15288700054384,0.00143996536240783,0.00101922901156865,1.32963152790538,0.302203252716589
2,"n150_emweak_imblow_corI0.5_corC0.5_bin",150,"weak","low",0.5,0.5,"binary","p_A","naive","index",500,500,100,0.00204091075617099,0.00204091075617099,0.576334577311002,0.0321986043558903,0.0322310710175271,98,0.15288700054384,0.00143996536240783,0.00101922901156865,0.626099033699941,0.406633080832403
2,"n150_emweak_imblow_corI0.5_corC0.5_bin",150,"weak","low",0.5,0.5,"binary","p_B","naive","comparator",500,500,100,0.00241240482165889,0.00241240482165889,0.68658881107742,0.0310619897225235,0.0311245435008238,98.8,0.152679230849638,0.00138913441071925,0.000983250104020471,0.486949689393063,0.395358247885861
2,"n150_emweak_imblow_corI0.5_corC0.5_bin",150,"weak","low",0.5,0.5,"binary","p_B","naive","index",500,500,100,0.0996752135177209,0.0996752135177209,39.2270566937098,0.0310619897225235,0.104393801065553,22.6,0.152679230849638,0.00138913441071925,0.000983250104020471,1.87042241218394,0.546692124966246
2,"n150_emweak_imblow_corI0.5_corC0.5_bin",150,"weak","low",0.5,0.5,"binary","rd","naive","comparator",500,500,100,-0.12274143975546,0.12274143975546,-98.092621446204,0.044038927336034,0.130387918535077,36,0.216090283950992,0.00196948070359092,0.00139402788652354,2.1466252583998,1.57397147603813
2,"n150_emweak_imblow_corI0.5_corC0.5_bin",150,"weak","low",0.5,0.5,"binary","rd","naive","index",500,500,100,-0.0976343027615499,0.0976343027615499,-97.613833698763,0.044038927336034,0.107088773185618,57.2,0.216090283950992,0.00196948070359092,0.00139402788652354,2.2127629787214,1.96906780133178
2,"n150_emweak_imblow_corI0.5_corC0.5_bin",150,"weak","low",0.5,0.5,"binary","log_rr","stc","comparator",500,500,100,-0.037142540524455,0.037142540524455,-12.1926440472117,0.120207261142539,0.125699858300392,97.2,0.552134406685113,0.00537583214607574,0.00380509436382672,0.737780455149091,1.76470448410775
2,"n150_emweak_imblow_corI0.5_corC0.5_bin",150,"weak","low",0.5,0.5,"binary","log_rr","stc","index",500,500,100,-0.0644245868187115,0.0644245868187115,-19.4100955095018,0.120207261142539,0.136276973281951,96.6,0.552134406685113,0.00537583214607574,0.00380509436382672,0.810481338464989,1.61965206997764
2,"n150_emweak_imblow_corI0.5_corC0.5_bin",150,"weak","low",0.5,0.5,"binary","lor","stc","comparator",500,500,100,-0.0665794111292196,0.0665794111292196,-12.8296590435038,0.203792956106919,0.21419926192028,97.2,0.920010030860088,0.00911389806381404,0.006450953305978,0.737780455149091,1.7562216717274
2,"n150_emweak_imblow_corI0.5_corC0.5_bin",150,"weak","low",0.5,0.5,"binary","lor","stc","index",500,500,100,-0.0235219269484805,0.0235219269484805,-4.9427058457553,0.203792956106919,0.20494337478496,98,0.920010030860088,0.00911389806381404,0.006450953305978,0.626099033699941,1.9151201913133
2,"n150_emweak_imblow_corI0.5_corC0.5_bin",150,"weak","low",0.5,0.5,"binary","p_A","stc","comparator",500,500,100,-0.0144032927092562,0.0144032927092562,-3.02279625621547,0.0385774091069843,0.0411423735495332,95,0.155256813841501,0.00172523418318073,0.00122114654779433,0.974679434480897,0.362072168863322
2,"n150_emweak_imblow_corI0.5_corC0.5_bin",150,"weak","low",0.5,0.5,"binary","p_A","stc","index",500,500,100,0.00204091081624128,0.00204091081624128,0.576334594274304,0.0321986042937406,0.0322310709593679,95.8,0.129629258276301,0.00143996535962841,0.00101922900960133,0.897061870775924,0.40663308004752
2,"n150_emweak_imblow_corI0.5_corC0.5_bin",150,"weak","low",0.5,0.5,"binary","p_B","stc","comparator",500,500,100,0.00241240482165889,0.00241240482165889,0.68658881107742,0.0310619897225235,0.0311245435008238,98.8,0.152679230849638,0.00138913441071925,0.000983250104020471,0.486949689393063,0.395358247885861
2,"n150_emweak_imblow_corI0.5_corC0.5_bin",150,"weak","low",0.5,0.5,"binary","p_B","stc","index",500,500,100,0.018560386815745,0.018560386815745,7.30441721851914,0.0256067864210897,0.0316051270293881,99.8,0.18032945332519,0.0011451703024575,0.000810568660832105,0.199799899899875,0.450680352648222
2,"n150_emweak_imblow_corI0.5_corC0.5_bin",150,"weak","low",0.5,0.5,"binary","rd","stc","comparator",500,500,100,-0.0168156975309151,0.0168156975309151,-13.4387852671456,0.0486101698141085,0.0513905671849317,97.2,0.217811969116514,0.0021739128820431,0.00153872803877459,0.737780455149091,1.73734978031976
2,"n150_emweak_imblow_corI0.5_corC0.5_bin",150,"weak","low",0.5,0.5,"binary","rd","stc","index",500,500,100,0.00829143946299519,0.00829143946299519,8.28970116006106,0.0486101698141085,0.0492642941744451,98,0.217811969116514,0.0021739128820431,0.00153872803877459,0.626099033699941,2.1734571205124
2,"n150_emweak_imblow_corI0.5_corC0.5_bin",150,"weak","low",0.5,0.5,"binary","log_rr","maic","comparator",500,500,100,-0.0379776203251112,0.0379776203251112,-12.4667725967575,0.120208899996251,0.12595070037356,98,0.581193922167118,0.00537590543784181,0.00380514624083449,0.626099033699941,1.76472854332402
2,"n150_emweak_imblow_corI0.5_corC0.5_bin",150,"weak","low",0.5,0.5,"binary","log_rr","maic","index",500,500,100,-0.0652596666193677,0.0652596666193677,-19.6616916700547,0.120208899996251,0.136675174652543,97,0.581193922167118,0.00537590543784181,0.00380514624083449,0.762889244910426,1.61967415161215
2,"n150_emweak_imblow_corI0.5_corC0.5_bin",150,"weak","low",0.5,0.5,"binary","lor","maic","comparator",500,500,100,-0.0681391570561476,0.0681391570561476,-13.1302175509701,0.203712821174815,0.214613281062246,97.6,0.980260742842126,0.0091103143207029,0.00644841667902555,0.684455988358638,1.75553109484431
2,"n150_emweak_imblow_corI0.5_corC0.5_bin",150,"weak","low",0.5,0.5,"binary","lor","maic","index",500,500,100,-0.0250816728754085,0.0250816728754085,-5.27045813100836,0.203712821174815,0.205048789311737,98.4,0.980260742842126,0.0091103143207029,0.00644841667902555,0.561141693336006,1.91436713277078
2,"n150_emweak_imblow_corI0.5_corC0.5_bin",150,"weak","low",0.5,0.5,"binary","p_A","maic","comparator",500,500,100,-0.0147889636277726,0.0147889636277726,-3.10373640178881,0.0385459546534883,0.0412496361692083,97.2,0.176416060873656,0.00172382749725648,0.00122015087446664,0.737780455149091,0.361776949913648
2,"n150_emweak_imblow_corI0.5_corC0.5_bin",150,"weak","low",0.5,0.5,"binary","p_A","maic","index",500,500,100,0.00204091116761748,0.00204091116761748,0.576334693499736,0.032198604050317,0.0322310707389255,96.2,0.131484321498139,0.00143996534874218,0.0010192290018959,0.85505555375075,0.406633076973348
2,"n150_emweak_imblow_corI0.5_corC0.5_bin",150,"weak","low",0.5,0.5,"binary","p_B","maic","comparator",500,500,100,0.00241240482165889,0.00241240482165889,0.68658881107742,0.0310619897225235,0.0311245435008238,98.8,0.152679230849638,0.00138913441071925,0.000983250104020471,0.486949689393063,0.395358247885861
2,"n150_emweak_imblow_corI0.5_corC0.5_bin",150,"weak","low",0.5,0.5,"binary","p_B","maic","index",500,500,100,0.0187873271864803,0.0187873271864803,7.39372932004119,0.0256187747210308,0.0317485848154272,99.8,0.187886343377521,0.00114570643552956,0.000810948143835911,0.199799899899875,0.450891347153985
2,"n150_emweak_imblow_corI0.5_corC0.5_bin",150,"weak","low",0.5,0.5,"binary","rd","maic","comparator",500,500,100,-0.0172013684494315,0.0172013684494315,-13.7470061213919,0.0485862581613296,0.0514955367938642,97.6,0.233324554445955,0.00217284352042174,0.00153797112863161,0.684455988358638,1.73649516687444
2,"n150_emweak_imblow_corI0.5_corC0.5_bin",150,"weak","low",0.5,0.5,"binary","rd","maic","index",500,500,100,0.00790576854447876,0.00790576854447876,7.904111097576,0.0485862581613296,0.049177275335606,98.4,0.233324554445955,0.00217284352042174,0.00153797112863161,0.561141693336006,2.17238798308304
3,"n150_emstro_imblow_corI0.5_corC0.5_bin",150,"strong","low",0.5,0.5,"binary","log_rr","spfa","comparator",500,500,100,-0.0373290840441306,0.0373290840441306,-18.2245622798554,0.120555830343354,0.12608767318374,97,0.533732724037669,0.00539142063463341,0.00381612812908196,0.762889244910426,2.63216426678498
3,"n150_emstro_imblow_corI0.5_corC0.5_bin",150,"strong","low",0.5,0.5,"binary","log_rr","spfa","index",500,500,100,0.0403072943142818,0.0403072943142818,27.2397998334796,0.134928138064742,0.140690686300384,96.8,0.596321862627675,0.0060341697758048,0.00427107558055905,0.787095928079926,4.07791144631396
3,"n150_emstro_imblow_corI0.5_corC0.5_bin",150,"strong","low",0.5,0.5,"binary","lor","spfa","comparator",500,500,100,-0.070836243216864,0.070836243216864,-19.6431658207583,0.206781463906171,0.218382302443736,97.2,0.911528862372866,0.00924754819562236,0.00654555286739469,0.737780455149091,2.56438109070722
3,"n150_emstro_imblow_corI0.5_corC0.5_bin",150,"strong","low",0.5,0.5,"binary","lor","spfa","index",500,500,100,0.0558617536388529,0.0558617536388529,25.3139230451445,0.197777960535014,0.205325168816808,96.4,0.871964739930291,0.00884489928415125,0.00626055194809365,0.83311463797007,4.00809293006749
3,"n150_emstro_imblow_corI0.5_corC0.5_bin",150,"strong","low",0.5,0.5,"binary","p_A","spfa","comparator",500,500,100,-0.0184890867560412,0.0184890867560412,-3.88027538946619,0.0393299575601295,0.0434234752136519,93.2,0.1537448245505,0.00175888917313263,0.00124496805283781,1.12584190719657,0.369135288365448
3,"n150_emstro_imblow_corI0.5_corC0.5_bin",150,"strong","low",0.5,0.5,"binary","p_A","spfa","index",500,500,100,-0.000810160038342349,0.000810160038342349,-0.228781803339755,0.0326213922264027,0.0325988232857408,94.4,0.12878664058,0.00145887301077839,0.00103261212776222,1.02824121683582,0.411972428228484
3,"n150_emstro_imblow_corI0.5_corC0.5_bin",150,"strong","low",0.5,0.5,"binary","p_B","spfa","comparator",500,500,100,5.85791739000404e-05,5.85791739000404e-05,0.0150885041597967,0.0372939220706122,0.0372566555353764,96.2,0.154478119269,0.00166783489794937,0.00118051847556537,0.85505555375075,0.429591817708202
3,"n150_emstro_imblow_corI0.5_corC0.5_bin",150,"strong","low",0.5,0.5,"binary","p_B","spfa","index",500,500,100,-0.0115319253533002,0.0115319253533002,-3.77586045142248,0.0316319909954503,0.0336387721384367,95.4,0.1351726853495,0.00141462564258976,0.0010012931790425,0.936845771725528,0.463186228992904
3,"n150_emstro_imblow_corI0.5_corC0.5_bin",150,"strong","low",0.5,0.5,"binary","rd","spfa","comparator",500,500,100,-0.0185476659283096,0.0185476659283096,-21.0167289871178,0.0494779006118599,0.0527937726919317,97.2,0.217870972902303,0.00221271898304194,0.00156619557722826,0.737780455149091,2.50727586807909
3,"n150_emstro_imblow_corI0.5_corC0.5_bin",150,"strong","low",0.5,0.5,"binary","rd","spfa","index",500,500,100,0.0107217653148942,0.0107217653148942,22.0126741656986,0.0424671264596399,0.0437584982323119,96.4,0.186836875081845,0.0018991876314567,0.00134427339915748,0.83311463797007,3.89918985194592
3,"n150_emstro_imblow_corI0.5_corC0.5_bin",150,"strong","low",0.5,0.5,"binary","log_rr","relaxed","comparator",500,500,100,-0.0374182559529801,0.0374182559529801,-18.2680972083985,0.121325738022267,0.126848810462681,96,0.519415281218938,0.00542585195276241,0.0038404991308156,0.876356092008266,2.64897410066351
3,"n150_emstro_imblow_corI0.5_corC0.5_bin",150,"strong","low",0.5,0.5,"binary","log_rr","relaxed","index",500,500,100,-0.055231526748227,0.055231526748227,-37.3256443706791,0.142340143582618,0.152547424065797,94.4,0.586078398785586,0.00636564473955627,0.00450569851558522,1.02824121683582,4.30192329866001
3,"n150_emstro_imblow_corI0.5_corC0.5_bin",150,"strong","low",0.5,0.5,"binary","lor","relaxed","comparator",500,500,100,-0.0709571447246327,0.0709571447246327,-19.6766922792099,0.207578837435224,0.219175072010778,96,0.88820853930393,0.00928320782391077,0.00657079328542289,0.876356092008266,2.5742696443595
3,"n150_emstro_imblow_corI0.5_corC0.5_bin",150,"strong","low",0.5,0.5,"binary","lor","relaxed","index",500,500,100,-0.0833426011314434,0.0833426011314434,-37.7669524136846,0.212984795996379,0.228512116620372,94.8,0.879764407417725,0.00952496964043655,0.0067419159135954,0.992935043192656,4.31626887412372
3,"n150_emstro_imblow_corI0.5_corC0.5_bin",150,"strong","low",0.5,0.5,"binary","p_A","relaxed","comparator",500,500,100,-0.0196796154798746,0.0196796154798746,-4.13012976943083,0.0392159971790338,0.0438418283299433,93.2,0.154173794587,0.00175379270995519,0.00124136070000666,1.12584190719657,0.368065701700533
3,"n150_emstro_imblow_corI0.5_corC0.5_bin",150,"strong","low",0.5,0.5,"binary","p_A","relaxed","index",500,500,100,-0.00080437183679568,0.00080437183679568,-0.227147268031583,0.032614924226042,0.0325922203870455,95.2,0.1292054318335,0.00145858375300869,0.0010324073867883,0.955991631762538,0.41189074447336
3,"n150_emstro_imblow_corI0.5_corC0.5_bin",150,"strong","low",0.5,0.5,"binary","p_B","relaxed","comparator",500,500,100,-0.00112917435005329,0.00112917435005329,-0.290846571291493,0.0373115043370154,0.0372912736962973,94,0.1457540348905,0.00166862120080689,0.00118107503248347,1.06207344378814,0.42979434931025
3,"n150_emstro_imblow_corI0.5_corC0.5_bin",150,"strong","low",0.5,0.5,"binary","p_B","relaxed","index",500,500,100,0.0180901563315798,0.0180901563315798,5.92320048559057,0.0372582119632259,0.0413841970573342,92.6,0.144470831787,0.00166623789339738,0.00117938809186762,1.17067501895274,0.54557080206387
3,"n150_emstro_imblow_corI0.5_corC0.5_bin",150,"strong","low",0.5,0.5,"binary","rd","relaxed","comparator",500,500,100,-0.0185504411364273,0.0185504411364273,-21.0198736306066,0.0496375197427399,0.0529440692224778,96,0.212461481364998,0.00221985736758509,0.00157124823252959,0.876356092008266,2.51536451351453
3,"n150_emstro_imblow_corI0.5_corC0.5_bin",150,"strong","low",0.5,0.5,"binary","rd","relaxed","index",500,500,100,-0.0188945281678292,0.0188945281678292,-38.7920346936957,0.0467321699211438,0.0503639862283802,94.6,0.193948552218863,0.00208992617359497,0.00147928099090022,1.01078187557949,4.29079191145916
3,"n150_emstro_imblow_corI0.5_corC0.5_bin",150,"strong","low",0.5,0.5,"binary","log_rr","naive","comparator",500,500,100,-0.295584881398904,0.295584881398904,-144.308525590115,0.125882243852449,0.321224327768457,53,0.594622581467941,0.00562962508828562,0.00398473280262857,2.23203942617508,2.74845889367139
3,"n150_emstro_imblow_corI0.5_corC0.5_bin",150,"strong","low",0.5,0.5,"binary","log_rr","naive","index",500,500,100,-0.238728520499287,0.238728520499287,-161.333506095426,0.125882243852449,0.269825782938679,68.4,0.594622581467941,0.00562962508828562,0.00398473280262857,2.0791536739741,3.80451883837065
3,"n150_emstro_imblow_corI0.5_corC0.5_bin",150,"strong","low",0.5,0.5,"binary","lor","naive","comparator",500,500,100,-0.505505310495805,0.505505310495805,-140.178589185529,0.199356918871602,0.543322476692466,42.8,0.941270774896344,0.00891551244763625,0.00631053300090329,2.2127629787214,2.47230628606036
3,"n150_emstro_imblow_corI0.5_corC0.5_bin",150,"strong","low",0.5,0.5,"binary","lor","naive","index",500,500,100,-0.365566106067327,0.365566106067327,-165.65738943192,0.199356918871602,0.416295895541864,70,0.941270774896344,0.00891551244763625,0.00631053300090329,2.04939015319192,4.04009149921356
3,"n150_emstro_imblow_corI0.5_corC0.5_bin",150,"strong","low",0.5,0.5,"binary","p_A","naive","comparator",500,500,100,-0.123115701600468,0.123115701600468,-25.8380975372439,0.0326257319900548,0.127356921648125,9,0.152602549897231,0.00145906709090904,0.00103274950058026,1.27984374046209,0.306212102259971
3,"n150_emstro_imblow_corI0.5_corC0.5_bin",150,"strong","low",0.5,0.5,"binary","p_A","naive","index",500,500,100,-0.000745755910495673,0.000745755910495673,-0.210594665226359,0.0326257319900548,0.0326016205577138,97.8,0.152602549897231,0.00145906709090904,0.00103274950058026,0.655987804764693,0.41202723468669
3,"n150_emstro_imblow_corI0.5_corC0.5_bin",150,"strong","low",0.5,0.5,"binary","p_B","naive","comparator",500,500,100,-0.0011437859970533,0.0011437859970533,-0.29461015964317,0.037253698825114,0.0372339985283216,95.6,0.155413580343377,0.00166603605972518,0.00117924523097694,0.917213170424412,0.42912848276813
3,"n150_emstro_imblow_corI0.5_corC0.5_bin",150,"strong","low",0.5,0.5,"binary","p_B","naive","index",500,500,100,0.0816814808122531,0.0816814808122531,26.7446990475313,0.037253698825114,0.0897603849572988,45.8,0.155413580343377,0.00166603605972518,0.00117924523097694,2.22816516443463,0.545504716327336
3,"n150_emstro_imblow_corI0.5_corC0.5_bin",150,"strong","low",0.5,0.5,"binary","rd","naive","comparator",500,500,100,-0.121971915603415,0.121971915603415,-138.208802346603,0.0461526399764742,0.13039537660673,40.4,0.217828791692103,0.00206400880656941,0.00146093629104456,2.19446576642243,2.33876941079061
3,"n150_emstro_imblow_corI0.5_corC0.5_bin",150,"strong","low",0.5,0.5,"binary","rd","naive","index",500,500,100,-0.0824272367227488,0.0824272367227488,-169.229958972916,0.0461526399764742,0.0944460449049748,72.4,0.217828791692103,0.00206400880656941,0.00146093629104456,1.99911980631477,4.23758140565057
3,"n150_emstro_imblow_corI0.5_corC0.5_bin",150,"strong","low",0.5,0.5,"binary","log_rr","stc","comparator",500,500,100,-0.0369414800044689,0.0369414800044689,-18.0353287601583,0.120029137219843,0.125470525379856,97.6,0.532580209528279,0.00536786620208438,0.0037994559495756,0.684455988358638,2.62066467514086
3,"n150_emstro_imblow_corI0.5_corC0.5_bin",150,"strong","low",0.5,0.5,"binary","log_rr","stc","index",500,500,100,0.019914880895148,0.019914880895148,13.4585409048209,0.120029137219843,0.121551562208161,97,0.532580209528279,0.00536786620208438,0.0037994559495756,0.762889244910426,3.62762133666387
3,"n150_emstro_imblow_corI0.5_corC0.5_bin",150,"strong","low",0.5,0.5,"binary","lor","stc","comparator",500,500,100,-0.0700922501887292,0.0700922501887292,-19.4368536596743,0.205958893570637,0.21736409833659,97,0.914490102466537,0.00921076173189178,0.00651951485839389,0.762889244910426,2.55418006120306
3,"n150_emstro_imblow_corI0.5_corC0.5_bin",150,"strong","low",0.5,0.5,"binary","lor","stc","index",500,500,100,0.069846954239749,0.069846954239749,31.6513591032879,0.205958893570637,0.217285123111844,96.8,0.914490102466537,0.00921076173189178,0.00651951485839389,0.787095928079926,4.17388460762719
3,"n150_emstro_imblow_corI0.5_corC0.5_bin",150,"strong","low",0.5,0.5,"binary","p_A","stc","comparator",500,500,100,-0.0190728890658299,0.0190728890658299,-4.00279705670032,0.0392835705934511,0.043633560684993,93.4,0.156081049959576,0.00175681468491737,0.00124349969906462,1.11035129576184,0.36869991880536
3,"n150_emstro_imblow_corI0.5_corC0.5_bin",150,"strong","low",0.5,0.5,"binary","p_A","stc","index",500,500,100,-0.000745755853031093,0.000745755853031093,-0.210594648998886,0.0326257319341276,0.0326016205005427,95.2,0.130168799347765,0.0014590670884079,0.00103274949880992,0.955991631762538,0.41202723398039
3,"n150_emstro_imblow_corI0.5_corC0.5_bin",150,"strong","low",0.5,0.5,"binary","p_B","stc","comparator",500,500,100,-0.0011437859970533,0.0011437859970533,-0.29461015964317,0.037253698825114,0.0372339985283216,95.6,0.155413580343377,0.00166603605972518,0.00117924523097694,0.917213170424412,0.42912848276813
3,"n150_emstro_imblow_corI0.5_corC0.5_bin",150,"strong","low",0.5,0.5,"binary","p_B","stc","index",500,500,100,-0.00641304914750008,0.00641304914750008,-2.09980362404483,0.0300248200885827,0.0306726921067797,99.4,0.193458917583569,0.00134275077460544,0.000950419072925264,0.345369367489359,0.439652476981968
3,"n150_emstro_imblow_corI0.5_corC0.5_bin",150,"strong","low",0.5,0.5,"binary","rd","stc","comparator",500,500,100,-0.0179291030687766,0.0179291030687766,-20.3158231140797,0.0496038820590862,0.0526979768297787,96.8,0.220318592601806,0.00221835304463998,0.00157018345025881,0.787095928079926,2.51365993527981
3,"n150_emstro_imblow_corI0.5_corC0.5_bin",150,"strong","low",0.5,0.5,"binary","rd","stc","index",500,500,100,0.0216155758118892,0.0216155758118892,44.3785713710866,0.0496038820590862,0.0540634547802913,96.4,0.220318592601806,0.00221835304463998,0.00157018345025881,0.83311463797007,4.55446293795578
3,"n150_emstro_imblow_corI0.5_corC0.5_bin",150,"strong","low",0.5,0.5,"binary","log_rr","maic","comparator",500,500,100,-0.0377700165467124,0.0377700165467124,-18.4398314743798,0.120032583624037,0.125720243553445,97.6,0.562335110261,0.00536802032996551,0.00379956504359414,0.684455988358638,2.62073992245112
3,"n150_emstro_imblow_corI0.5_corC0.5_bin",150,"strong","low",0.5,0.5,"binary","log_rr","maic","index",500,500,100,0.0190863443529045,0.0190863443529045,12.8986132304536,0.120032583624037,0.121421966834491,97.8,0.562335110261,0.00536802032996551,0.00379956504359414,0.655987804764693,3.62772549678432
3,"n150_emstro_imblow_corI0.5_corC0.5_bin",150,"strong","low",0.5,0.5,"binary","lor","maic","comparator",500,500,100,-0.0716266384202181,0.0716266384202181,-19.8623454855505,0.205893667158401,0.217802188012342,97.6,0.973392784899976,0.00920784471805803,0.00651745015239184,0.684455988358638,2.5533711619188
3,"n150_emstro_imblow_corI0.5_corC0.5_bin",150,"strong","low",0.5,0.5,"binary","lor","maic","index",500,500,100,0.0683125660082601,0.0683125660082601,30.9560464236253,0.205893667158401,0.216734917459591,97.4,0.973392784899976,0.00920784471805803,0.00651745015239184,0.711674082709214,4.17256275396347
3,"n150_emstro_imblow_corI0.5_corC0.5_bin",150,"strong","low",0.5,0.5,"binary","p_A","maic","comparator",500,500,100,-0.019451704316405,0.019451704316405,-4.08229841408784,0.0392513978638695,0.0437716768083208,95.2,0.176502661029939,0.00175537587671004,0.00124248128910472,0.955991631762538,0.36839795840295
3,"n150_emstro_imblow_corI0.5_corC0.5_bin",150,"strong","low",0.5,0.5,"binary","p_A","maic","index",500,500,100,-0.000745755585131431,0.000745755585131431,-0.210594573346465,0.032625731759671,0.0326016203201782,95.4,0.132032845769043,0.00145906708060596,0.00103274949328759,0.936845771725528,0.412027231777196
3,"n150_emstro_imblow_corI0.5_corC0.5_bin",150,"strong","low",0.5,0.5,"binary","p_B","maic","comparator",500,500,100,-0.0011437859970533,0.0011437859970533,-0.29461015964317,0.037253698825114,0.0372339985283216,95.6,0.155413580343377,0.00166603605972518,0.00117924523097694,0.917213170424412,0.42912848276813
3,"n150_emstro_imblow_corI0.5_corC0.5_bin",150,"strong","low",0.5,0.5,"binary","p_B","maic","index",500,500,100,-0.00616603918865342,0.00616603918865342,-2.01892596431824,0.0300414265543238,0.0306382501797345,99.4,0.201856916841292,0.0013434934383307,0.000950944741413123,0.345369367489359,0.439895644926869
3,"n150_emstro_imblow_corI0.5_corC0.5_bin",150,"strong","low",0.5,0.5,"binary","rd","maic","comparator",500,500,100,-0.0183079183193517,0.0183079183193517,-20.7450662052749,0.0495838513781252,0.0528092896566606,97.6,0.235186425728237,0.00221745724535469,0.00156954939013213,0.684455988358638,2.51264488730134
3,"n150_emstro_imblow_corI0.5_corC0.5_bin",150,"strong","low",0.5,0.5,"binary","rd","maic","index",500,500,100,0.0212367605613141,0.0212367605613141,43.6008322175982,0.0495838513781252,0.0538947233037856,97.2,0.235186425728237,0.00221745724535469,0.00156954939013213,0.737780455149091,4.55262378766608
4,"n150_emnone_imbhig_corI0.5_corC0.5_bin",150,"none","high",0.5,0.5,"binary","log_rr","spfa","comparator",500,500,100,-0.120168935840026,0.120168935840026,-40.9152787491253,0.156807831207763,0.197433765291427,90,0.640366562499215,0.0070126593996974,0.0049636651651603,1.34164078649987,2.38767957879947
4,"n150_emnone_imbhig_corI0.5_corC0.5_bin",150,"none","high",0.5,0.5,"binary","log_rr","spfa","index",500,500,100,-0.209002264581329,0.209002264581329,-44.9202444584917,0.224834105495776,0.306808117304972,86.4,0.89978553046946,0.0100548868709783,0.00711699925184675,1.53299706457645,2.16106737958844
4,"n150_emnone_imbhig_corI0.5_corC0.5_bin",150,"none","high",0.5,0.5,"binary","lor","spfa","comparator",500,500,100,-0.246945777255293,0.246945777255293,-39.8940779284252,0.325602743880165,0.408396044830099,88.2,1.29355570048156,0.0145613973795301,0.0103067747639289,1.44274737913468,2.35239301624174
4,"n150_emnone_imbhig_corI0.5_corC0.5_bin",150,"none","high",0.5,0.5,"binary","lor","spfa","index",500,500,100,-0.255768175030937,0.255768175030937,-44.6174751182265,0.282040487313337,0.380532655851811,87,1.13132811232489,0.0126132340407958,0.00892783562695395,1.50399468084166,2.20031540635382
4,"n150_emnone_imbhig_corI0.5_corC0.5_bin",150,"none","high",0.5,0.5,"binary","p_A","spfa","comparator",500,500,100,-0.0601131491095182,0.0601131491095182,-9.99075056481268,0.0676569465680026,0.0904538456337314,87.8,0.267287175068,0.0030257106335225,0.00214164322198776,1.46366662871024,0.502870348145481
4,"n150_emnone_imbhig_corI0.5_corC0.5_bin",150,"none","high",0.5,0.5,"binary","p_A","spfa","index",500,500,100,-0.0028018796742229,0.0028018796742229,-1.19443909097826,0.0290612510433707,0.0291670658327201,96.4,0.11627274964655,0.00129965865688327,0.000919917827757168,0.83311463797007,0.554043458393778
4,"n150_emnone_imbhig_corI0.5_corC0.5_bin",150,"none","high",0.5,0.5,"binary","p_B","spfa","comparator",500,500,100,0.0023803402401367,0.0023803402401367,0.53066540165104,0.0364368196260321,0.0364781107031311,97.8,0.1581482268335,0.00162950411135412,0.00115338737175271,0.655987804764693,0.363276408625558
4,"n150_emnone_imbhig_corI0.5_corC0.5_bin",150,"none","high",0.5,0.5,"binary","p_B","spfa","index",500,500,100,0.0355321042803407,0.0355321042803407,24.1213400528409,0.0349044301793452,0.0497836624028556,84.8,0.1388670703423,0.00156097357193822,0.00110488043139525,1.60559023415067,1.05968321057338
4,"n150_emnone_imbhig_corI0.5_corC0.5_bin",150,"none","high",0.5,0.5,"binary","rd","spfa","comparator",500,500,100,-0.0624934893488862,0.0624934893488862,-40.810643117876,0.0783135870841178,0.1001308548707,88,0.310928564946283,0.00350229008563874,0.0024789732832485,1.4532721699668,2.28712962373296
4,"n150_emnone_imbhig_corI0.5_corC0.5_bin",150,"none","high",0.5,0.5,"binary","rd","spfa","index",500,500,100,-0.0383339839544619,0.0383339839544619,-43.9250533855866,0.0451914335651668,0.0592256318004332,86.6,0.183690476303274,0.00202102234904757,0.00143050983374592,1.52344346793703,2.3157915097172
4,"n150_emnone_imbhig_corI0.5_corC0.5_bin",150,"none","high",0.5,0.5,"binary","log_rr","relaxed","comparator",500,500,100,-0.123035174171946,0.123035174171946,-41.8911793801176,0.158309279353553,0.200373047980769,88.8,0.63010908859975,0.00707980620207097,0.00501119267575178,1.4103616557465,2.41054181118109
4,"n150_emnone_imbhig_corI0.5_corC0.5_bin",150,"none","high",0.5,0.5,"binary","log_rr","relaxed","index",500,500,100,-0.193463886684493,0.193463886684493,-41.5806264164934,0.268308150910453,0.330565516605055,85,0.987425484246474,0.0119991052870609,0.00849314611359067,1.59687194226713,2.57893254820794
4,"n150_emnone_imbhig_corI0.5_corC0.5_bin",150,"none","high",0.5,0.5,"binary","lor","relaxed","comparator",500,500,100,-0.252518260321971,0.252518260321971,-40.794312288323,0.327552594252507,0.413329883257404,87.6,1.27456118423377,0.0146485973391002,0.0103684961989868,1.47393351274744,2.36648016533622
4,"n150_emnone_imbhig_corI0.5_corC0.5_bin",150,"none","high",0.5,0.5,"binary","lor","relaxed","index",500,500,100,-0.241490465655404,0.241490465655404,-42.1268003392745,0.3333400509311,0.411352650870396,85.8,1.24563758148426,0.0149074202701036,0.010551694939057,1.56099967969247,2.60052468567616
4,"n150_emnone_imbhig_corI0.5_corC0.5_bin",150,"none","high",0.5,0.5,"binary","p_A","relaxed","comparator",500,500,100,-0.0621083009198648,0.0621083009198648,-10.3223429763131,0.0678930726054872,0.0919657078065015,87.6,0.2678597830275,0.00303627051094396,0.00214911766110105,1.47393351274744,0.504625390143375
4,"n150_emnone_imbhig_corI0.5_corC0.5_bin",150,"none","high",0.5,0.5,"binary","p_A","relaxed","index",500,500,100,-0.00285604625723757,0.00285604625723757,-1.2175302625131,0.029082945316988,0.0291938875985672,96.6,0.11660696218635,0.00130062885429389,0.000920604547989241,0.810481338464989,0.55445705278324
4,"n150_emnone_imbhig_corI0.5_corC0.5_bin",150,"none","high",0.5,0.5,"binary","p_B","relaxed","comparator",500,500,100,0.00167308139975004,0.00167308139975004,0.372991389223521,0.0363948957428484,0.0363969567495791,95.6,0.1468373924065,0.00162762921830054,0.00115206029441899,0.917213170424412,0.362858425994941
4,"n150_emnone_imbhig_corI0.5_corC0.5_bin",150,"none","high",0.5,0.5,"binary","p_B","relaxed","index",500,500,100,0.0357286948597567,0.0357286948597567,24.2547976206749,0.0434485858385967,0.0562187129747095,83.8,0.16057790377525,0.00194307982922674,0.00137534095294498,1.6477621187538,1.31908003367328
4,"n150_emnone_imbhig_corI0.5_corC0.5_bin",150,"none","high",0.5,0.5,"binary","rd","relaxed","comparator",500,500,100,-0.0637813823246725,0.0637813823246725,-41.6516865794661,0.0788223105040267,0.101334078429583,87.4,0.30614254727756,0.00352504088861199,0.00249507664172654,1.48407546977908,2.30198676982066
4,"n150_emnone_imbhig_corI0.5_corC0.5_bin",150,"none","high",0.5,0.5,"binary","rd","relaxed","index",500,500,100,-0.0385847411183629,0.0385847411183629,-44.2123838604011,0.0517146132404999,0.064481273772626,87.6,0.203408173653834,0.00231274781271737,0.00163699747834341,1.47393351274744,2.65006557267014
4,"n150_emnone_imbhig_corI0.5_corC0.5_bin",150,"none","high",0.5,0.5,"binary","log_rr","naive","comparator",500,500,100,-0.962176175622691,0.962176175622691,-327.603021164952,0.152285387820362,0.974129072864997,0,0.686585101774083,0.00681040958292495,0.00482050972113334,0,2.31881729278222
4,"n150_emnone_imbhig_corI0.5_corC0.5_bin",150,"none","high",0.5,0.5,"binary","log_rr","naive","index",500,500,100,-1.13374841611032,1.13374841611032,-243.673225781177,0.152285387820362,1.14390993032563,0,0.686585101774083,0.00681040958292494,0.00482050972113334,0,1.46374138069876
4,"n150_emnone_imbhig_corI0.5_corC0.5_bin",150,"none","high",0.5,0.5,"binary","lor","naive","comparator",500,500,100,-1.62341835962494,1.62341835962494,-262.26315456433,0.223176489805955,1.63865655354568,0,0.999095116334619,0.0099807560437181,0.00706452834402657,0,1.6123906382131
4,"n150_emnone_imbhig_corI0.5_corC0.5_bin",150,"none","high",0.5,0.5,"binary","lor","naive","index",500,500,100,-1.57766139856314,1.57766139856314,-275.215116919307,0.223176489805955,1.59333725828122,0,0.999095116334619,0.0099807560437181,0.00706452834402657,0,1.74109282512501
4,"n150_emnone_imbhig_corI0.5_corC0.5_bin",150,"none","high",0.5,0.5,"binary","p_A","naive","comparator",500,500,100,-0.369874685194885,0.369874685194885,-61.4728353906117,0.0291006867032355,0.371015416141542,0,0.134608186107191,0.00130142227320718,0.000921166141757994,0,0.216295195039876
4,"n150_emnone_imbhig_corI0.5_corC0.5_bin",150,"none","high",0.5,0.5,"binary","p_A","naive","index",500,500,100,-0.0027636907598849,0.0027636907598849,-1.17815918697419,0.0291006867032355,0.0292026412038867,97.8,0.134608186107191,0.00130142227320718,0.000921166141757994,0.655987804764693,0.554795286638987
4,"n150_emnone_imbhig_corI0.5_corC0.5_bin",150,"none","high",0.5,0.5,"binary","p_B","naive","comparator",500,500,100,0.0016290194692367,0.0016290194692367,0.363168364069757,0.036403204803606,0.0364032503736203,98.2,0.158802760669675,0.0016280008107942,0.00115232331314146,0.5945754788082,0.362941267631013
4,"n150_emnone_imbhig_corI0.5_corC0.5_bin",150,"none","high",0.5,0.5,"binary","p_B","naive","index",500,500,100,0.302880985462791,0.302880985462791,205.613919970672,0.036403204803606,0.305056444429952,0,0.158802760669675,0.0016280008107942,0.00115232331314146,0,1.10518535163691
4,"n150_emnone_imbhig_corI0.5_corC0.5_bin",150,"none","high",0.5,0.5,"binary","rd","naive","comparator",500,500,100,-0.371503704664122,0.371503704664122,-242.6061541127,0.0468868096976647,0.37444489415259,0,0.208229735537914,0.00209684187464149,0.00148417602749344,0,1.36931808916727
4,"n150_emnone_imbhig_corI0.5_corC0.5_bin",150,"none","high",0.5,0.5,"binary","rd","naive","index",500,500,100,-0.305644676222676,0.305644676222676,-350.223413669966,0.0468868096976647,0.309212943262474,0,0.208229735537914,0.00209684187464149,0.00148417602749344,0,2.40266942758086
4,"n150_emnone_imbhig_corI0.5_corC0.5_bin",150,"none","high",0.5,0.5,"binary","log_rr","stc","comparator",500,500,100,-0.114931829168349,0.114931829168349,-39.1321417194706,0.155272220382102,0.193055869772265,93.2,0.633373902182288,0.00694398479583416,0.00491505625383318,1.12584190719657,2.36429715853912
4,"n150_emnone_imbhig_corI0.5_corC0.5_bin",150,"none","high",0.5,0.5,"binary","log_rr","stc","index",500,500,100,-0.286504069655983,0.286504069655983,-61.5774803831918,0.155272220382102,0.325800284571673,60.2,0.633373902182288,0.00694398479583416,0.00491505625383318,2.18904545407353,1.49245030990341
4,"n150_emnone_imbhig_corI0.5_corC0.5_bin",150,"none","high",0.5,0.5,"binary","lor","stc","comparator",500,500,100,-0.250783098991701,0.250783098991701,-40.5139970624562,0.323440283676977,0.409019012529631,89.4,1.30108072681541,0.0144646892192707,0.0102383232822718,1.37669168661687,2.33676981780287
4,"n150_emnone_imbhig_corI0.5_corC0.5_bin",150,"none","high",0.5,0.5,"binary","lor","stc","index",500,500,100,-0.205026137929903,0.205026137929903,-35.765781284427,0.323440283676977,0.382674936604535,91.8,1.30108072681541,0.0144646892192707,0.0102383232822718,1.22699633251286,2.52329247474056
4,"n150_emnone_imbhig_corI0.5_corC0.5_bin",150,"none","high",0.5,0.5,"binary","p_A","stc","comparator",500,500,100,-0.0608341293939006,0.0608341293939006,-10.110576830615,0.0681189395081082,0.0912781509397716,89.6,0.275541179092395,0.00304637158590652,0.00215626735297465,1.3651666564929,0.50630417959098
4,"n150_emnone_imbhig_corI0.5_corC0.5_bin",150,"none","high",0.5,0.5,"binary","p_A","stc","index",500,500,100,-0.00276369062540553,0.00276369062540553,-1.17815912964574,0.0291006866039907,0.0292026410924593,96.2,0.117596777975676,0.00130142226876882,0.000921166138616456,0.85505555375075,0.554795284746917
4,"n150_emnone_imbhig_corI0.5_corC0.5_bin",150,"none","high",0.5,0.5,"binary","p_B","stc","comparator",500,500,100,0.0016290194692367,0.0016290194692367,0.363168364069757,0.036403204803606,0.0364032503736203,98.2,0.158802760669675,0.0016280008107942,0.00115232331314146,0.5945754788082,0.362941267631013
4,"n150_emnone_imbhig_corI0.5_corC0.5_bin",150,"none","high",0.5,0.5,"binary","p_B","stc","index",500,500,100,0.046907337655052,0.046907337655052,31.8435360209432,0.0275027114344712,0.0543616102029765,97.2,0.158850609658319,0.00122995864666077,0.000870583118478731,0.737780455149091,0.8349702717565
4,"n150_emnone_imbhig_corI0.5_corC0.5_bin",150,"none","high",0.5,0.5,"binary","rd","stc","comparator",500,500,100,-0.0624631488631373,0.0624631488631373,-40.7908296181207,0.0790301633791505,0.100672340571709,89.4,0.318152131335663,0.0035343363517739,0.00250165610952342,1.37669168661687,2.30805706344114
4,"n150_emnone_imbhig_corI0.5_corC0.5_bin",150,"none","high",0.5,0.5,"binary","rd","stc","index",500,500,100,0.00339587957830862,0.00339587957830862,3.89117374143596,0.0790301633791505,0.0790240924553906,95,0.318152131335663,0.0035343363517739,0.00250165610952342,0.974679434480897,4.0498246443341
4,"n150_emnone_imbhig_corI0.5_corC0.5_bin",150,"none","high",0.5,0.5,"binary","log_rr","maic","comparator",500,500,100,-0.115670601799186,0.115670601799186,-39.3836800052314,0.155248296282578,0.193477434219682,93.6,0.657703041752669,0.00694291487757744,0.00491429894969537,1.09456840809517,2.3639328713512
4,"n150_emnone_imbhig_corI0.5_corC0.5_bin",150,"none","high",0.5,0.5,"binary","log_rr","maic","index",500,500,100,-0.287242842286819,0.287242842286819,-61.7362626205178,0.155248296282578,0.326438784271502,63.6,0.657703041752669,0.00694291487757745,0.00491429894969537,2.1517620686312,1.4922203555068
4,"n150_emnone_imbhig_corI0.5_corC0.5_bin",150,"none","high",0.5,0.5,"binary","lor","maic","comparator",500,500,100,-0.252438503680596,0.252438503680596,-40.7814276069096,0.323155603186933,0.40981200924798,90.6,1.35806909989934,0.0144519579207186,0.0102293118788186,1.30509769749241,2.3347130771604
4,"n150_emnone_imbhig_corI0.5_corC0.5_bin",150,"none","high",0.5,0.5,"binary","lor","maic","index",500,500,100,-0.206681542618798,0.206681542618798,-36.0545583283591,0.323155603186933,0.38332485549812,92.6,1.35806909989934,0.0144519579207186,0.0102293118788186,1.17067501895274,2.52107156357246
4,"n150_emnone_imbhig_corI0.5_corC0.5_bin",150,"none","high",0.5,0.5,"binary","p_A","maic","comparator",500,500,100,-0.0612353526357909,0.0612353526357909,-10.1772597675416,0.068054436433929,0.0914981525394511,89.8,0.291394412764583,0.00304348692073408,0.0021542255438387,1.35348439222623,0.505824750869847
4,"n150_emnone_imbhig_corI0.5_corC0.5_bin",150,"none","high",0.5,0.5,"binary","p_A","maic","index",500,500,100,-0.00276368972885787,0.00276368972885787,-1.17815874744818,0.0291006863431033,0.0292026407481549,97.4,0.119615987335499,0.00130142225710158,0.00092116613035821,0.711674082709214,0.554795279773183
4,"n150_emnone_imbhig_corI0.5_corC0.5_bin",150,"none","high",0.5,0.5,"binary","p_B","maic","comparator",500,500,100,0.0016290194692367,0.0016290194692367,0.363168364069757,0.036403204803606,0.0364032503736203,98.2,0.158802760669675,0.0016280008107942,0.00115232331314146,0.5945754788082,0.362941267631013
4,"n150_emnone_imbhig_corI0.5_corC0.5_bin",150,"none","high",0.5,0.5,"binary","p_B","maic","index",500,500,100,0.0470494667139887,0.0470494667139887,31.9400218168576,0.0275122840239426,0.0544891203704041,98,0.163714102024035,0.00123038674587634,0.000870886133503769,0.626099033699941,0.835260891379638
4,"n150_emnone_imbhig_corI0.5_corC0.5_bin",150,"none","high",0.5,0.5,"binary","rd","maic","comparator",500,500,100,-0.0628643721050276,0.0628643721050276,-41.0528437688103,0.0789724843704159,0.100876703263041,90.6,0.331933729751308,0.00353175686808579,0.00249983031240467,1.30509769749241,2.30637256175431
4,"n150_emnone_imbhig_corI0.5_corC0.5_bin",150,"none","high",0.5,0.5,"binary","rd","maic","index",500,500,100,0.00299465633641838,0.00299465633641838,3.43143148400446,0.0789724843704159,0.0789502878248937,95.8,0.331933729751308,0.00353175686808579,0.00249983031240467,0.897061870775924,4.04686893905593
5,"n150_emweak_imbhig_corI0.5_corC0.5_bin",150,"weak","high",0.5,0.5,"binary","log_rr","spfa","comparator",500,500,100,-0.126518689586546,0.126518689586546,-44.681633244424,0.150008814214266,0.196123985957819,91.8,0.640897902030357,0.00670859811614469,0.00474844604282425,1.22699633251286,2.36922403788227
5,"n150_emweak_imbhig_corI0.5_corC0.5_bin",150,"weak","high",0.5,0.5,"binary","log_rr","spfa","index",500,500,100,-0.140240336874684,0.140240336874684,-37.5847891622864,0.214567599360411,0.256153329614558,93.2,0.901565905350741,0.00959575475877638,0.00679201867862208,1.12584190719657,2.57168819969314
5,"n150_emweak_imbhig_corI0.5_corC0.5_bin",150,"weak","high",0.5,0.5,"binary","lor","spfa","comparator",500,500,100,-0.26138378010415,0.26138378010415,-43.5787427033836,0.308739804961105,0.404290869467294,90.6,1.29405687854038,0.0138072638250611,0.00977298775947841,1.30509769749241,2.30199133791057
5,"n150_emweak_imbhig_corI0.5_corC0.5_bin",150,"weak","high",0.5,0.5,"binary","lor","spfa","index",500,500,100,-0.1753824984435,0.1753824984435,-37.7745064677526,0.270930078380288,0.322514064680428,93.8,1.13571716541245,0.0121163614481534,0.0085761417774383,1.07848041243223,2.60966503471466
5,"n150_emweak_imbhig_corI0.5_corC0.5_bin",150,"weak","high",0.5,0.5,"binary","p_A","spfa","comparator",500,500,100,-0.0631201922498849,0.0631201922498849,-10.4905183926186,0.066934870094432,0.0919536565371481,88.6,0.2678920615695,0.00299341839192536,0.00211878629060342,1.42129518397833,0.497503407039336
5,"n150_emweak_imbhig_corI0.5_corC0.5_bin",150,"weak","high",0.5,0.5,"binary","p_A","spfa","index",500,500,100,-0.00376739091119757,0.00376739091119757,-1.60603576831994,0.0299644443128271,0.0301706052542593,93.2,0.1161534138615,0.00134005068782977,0.000948507911138068,1.12584190719657,0.571262549267079
5,"n150_emweak_imbhig_corI0.5_corC0.5_bin",150,"weak","high",0.5,0.5,"binary","p_B","spfa","comparator",500,500,100,0.0027312275371637,0.0027312275371637,0.602503497828416,0.0376017490347711,0.0376632891722527,96.6,0.1582835452545,0.00168160133829271,0.00119026256785416,0.810481338464989,0.370957993974552
5,"n150_emweak_imbhig_corI0.5_corC0.5_bin",150,"weak","high",0.5,0.5,"binary","p_B","spfa","index",500,500,100,0.0245424004193833,0.0245424004193833,15.1942795116104,0.034374839733712,0.0422089536218359,94.2,0.14124771608455,0.00153728956720482,0.00108811653875963,1.04533248299285,0.951740945272195
5,"n150_emweak_imbhig_corI0.5_corC0.5_bin",150,"weak","high",0.5,0.5,"binary","rd","spfa","comparator",500,500,100,-0.0658514197869191,0.0658514197869191,-44.3817857607888,0.0742892552382134,0.099218270217303,90.6,0.31139590099343,0.00332231649420955,0.00235158528455796,1.30509769749241,2.23913682275432
5,"n150_emweak_imbhig_corI0.5_corC0.5_bin",150,"weak","high",0.5,0.5,"binary","rd","spfa","index",500,500,100,-0.0283097913311756,0.0283097913311756,-38.7523613851272,0.0442256333732488,0.0524732228778183,93,0.185290691372866,0.00197783045141135,0.00139993796286291,1.14105214604767,2.70738839135129
5,"n150_emweak_imbhig_corI0.5_corC0.5_bin",150,"weak","high",0.5,0.5,"binary","log_rr","relaxed","comparator",500,500,100,-0.129045711537932,0.129045711537932,-45.5740821656181,0.151055648842701,0.198557218694073,90.2,0.631246363275204,0.00675541398395233,0.00478158301397439,1.32963152790538,2.38575763811348
5,"n150_emweak_imbhig_corI0.5_corC0.5_bin",150,"weak","high",0.5,0.5,"binary","log_rr","relaxed","index",500,500,100,-0.196339495352705,0.196339495352705,-52.6195151945136,0.276415628644756,0.3388244176486,85.2,1.00207450686646,0.0123616827138603,0.00874978383695636,1.58805541465026,3.3129643642163
5,"n150_emweak_imbhig_corI0.5_corC0.5_bin",150,"weak","high",0.5,0.5,"binary","lor","relaxed","comparator",500,500,100,-0.266542312003193,0.266542312003193,-44.4387896973708,0.309555943371826,0.408262215249802,89.4,1.27546047510829,0.0138437626443696,0.00979882216945683,1.37669168661687,2.30807653820489
5,"n150_emweak_imbhig_corI0.5_corC0.5_bin",150,"weak","high",0.5,0.5,"binary","lor","relaxed","index",500,500,100,-0.251213814055314,0.251213814055314,-54.1073250069951,0.348897436851817,0.429644437844949,85.6,1.28052723535505,0.015603167719522,0.0110441553854572,1.57012101444443,3.36066577434688
5,"n150_emweak_imbhig_corI0.5_corC0.5_bin",150,"weak","high",0.5,0.5,"binary","p_A","relaxed","comparator",500,500,100,-0.0651428013084442,0.0651428013084442,-10.8266741737336,0.0668421950048215,0.093287340177046,87.8,0.2679360843495,0.00298927383592156,0.00211585271190116,1.46366662871024,0.496814585610925
5,"n150_emweak_imbhig_corI0.5_corC0.5_bin",150,"weak","high",0.5,0.5,"binary","p_A","relaxed","index",500,500,100,-0.00374756029249223,0.00374756029249223,-1.5975819912367,0.0299281112744574,0.0301321202193483,93.8,0.116519466058,0.00133842582495729,0.000947357808904583,1.07848041243223,0.570569871508567
5,"n150_emweak_imbhig_corI0.5_corC0.5_bin",150,"weak","high",0.5,0.5,"binary","p_B","relaxed","comparator",500,500,100,0.00189104296526371,0.00189104296526371,0.417160410698845,0.0375134721974545,0.037523620808939,95,0.1479343610625,0.00167765347811113,0.00118746821339556,0.974679434480897,0.370087103674871
5,"n150_emweak_imbhig_corI0.5_corC0.5_bin",150,"weak","high",0.5,0.5,"binary","p_B","relaxed","index",500,500,100,0.0391316244232786,0.0391316244232786,24.2265152988485,0.047725957763596,0.0616805928989677,82.6,0.176119900951,0.00213436971701369,0.00151073879538069,1.69542914921267,1.32139519799416
5,"n150_emweak_imbhig_corI0.5_corC0.5_bin",150,"weak","high",0.5,0.5,"binary","rd","relaxed","comparator",500,500,100,-0.0670338442731948,0.0670338442731948,-45.1787026746231,0.0745302307854544,0.100185737849128,89.2,0.306889499561825,0.00333309324830047,0.00235921323222028,1.38806339912844,2.24640001605839
5,"n150_emweak_imbhig_corI0.5_corC0.5_bin",150,"weak","high",0.5,0.5,"binary","rd","relaxed","index",500,500,100,-0.0428791847147944,0.0428791847147944,-58.6959346513252,0.056615342557562,0.0709754246249343,87.4,0.215754415823891,0.00253191509056291,0.00179212735424069,1.48407546977908,3.46585700467176
5,"n150_emweak_imbhig_corI0.5_corC0.5_bin",150,"weak","high",0.5,0.5,"binary","log_rr","naive","comparator",500,500,100,-0.967074260269018,0.967074260269018,-341.534184069337,0.153432776007155,0.979146137404741,0,0.686291350736491,0.00686172234256994,0.00485682965955629,0,2.4233017440957
5,"n150_emweak_imbhig_corI0.5_corC0.5_bin",150,"weak","high",0.5,0.5,"binary","log_rr","naive","index",500,500,100,-1.05704890740177,1.05704890740177,-283.291962956577,0.153432776007155,1.06810436108043,0,0.686291350736491,0.00686172234256994,0.00485682965955629,0,1.83896012575962
5,"n150_emweak_imbhig_corI0.5_corC0.5_bin",150,"weak","high",0.5,0.5,"binary","lor","naive","comparator",500,500,100,-1.63018337560173,1.63018337560173,-271.789404286579,0.225144308262829,1.64562645145012,0,0.999768278853239,0.0100687595604571,0.00712681854886208,0,1.67869590856998
5,"n150_emweak_imbhig_corI0.5_corC0.5_bin",150,"weak","high",0.5,0.5,"binary","lor","naive","index",500,500,100,-1.49467485471904,1.49467485471904,-321.928387768751,0.225144308262829,1.51150306018659,0,0.999768278853239,0.0100687595604571,0.00712681854886208,0,2.16864525545153
5,"n150_emweak_imbhig_corI0.5_corC0.5_bin",150,"weak","high",0.5,0.5,"binary","p_A","naive","comparator",500,500,100,-0.370808018528218,0.370808018528218,-61.6279545395049,0.0299577197796032,0.372013785563476,0,0.134391352709452,0.00133974995756166,0.000948295049758261,0,0.22266522122857
5,"n150_emweak_imbhig_corI0.5_corC0.5_bin",150,"weak","high",0.5,0.5,"binary","p_A","naive","index",500,500,100,-0.00369702409321824,0.00369702409321824,-1.57603844942166,0.0299577197796032,0.0301552322423536,96.4,0.134391352709452,0.00133974995756166,0.000948295049758261,0.83311463797007,0.57113434819143
5,"n150_emweak_imbhig_corI0.5_corC0.5_bin",150,"weak","high",0.5,0.5,"binary","p_B","naive","comparator",500,500,100,0.00190019125071037,0.00190019125071037,0.419178504726436,0.0375433993651882,0.0375539418571673,95.8,0.158929072024655,0.00167899186173966,0.0011884155413372,0.897061870775924,0.370382348507699
5,"n150_emweak_imbhig_corI0.5_corC0.5_bin",150,"weak","high",0.5,0.5,"binary","p_B","naive","index",500,500,100,0.293689383476878,0.293689383476878,181.824047602771,0.0375433993651882,0.296074554444064,0,0.158929072024655,0.00167899186173966,0.0011884155413372,0,1.03946929432556
5,"n150_emweak_imbhig_corI0.5_corC0.5_bin",150,"weak","high",0.5,0.5,"binary","rd","naive","comparator",500,500,100,-0.372708209778929,0.372708209778929,-251.193610877641,0.0474565746253621,0.375711367753008,0,0.208187948237777,0.00212232253683203,0.00150221162113796,0,1.43037863799686
5,"n150_emweak_imbhig_corI0.5_corC0.5_bin",150,"weak","high",0.5,0.5,"binary","rd","naive","index",500,500,100,-0.297386407570096,0.297386407570096,-407.082673353726,0.0474565746253621,0.301141657081297,0,0.208187948237777,0.00212232253683203,0.00150221162113796,0,2.90517895243347
5,"n150_emweak_imbhig_corI0.5_corC0.5_bin",150,"weak","high",0.5,0.5,"binary","log_rr","stc","comparator",500,500,100,-0.121046758801936,0.121046758801936,-42.7491535036376,0.148084456579633,0.191147759820455,94.4,0.63466255224625,0.00662253822646351,0.00468753156627824,1.02824121683582,2.33883092805513
5,"n150_emweak_imbhig_corI0.5_corC0.5_bin",150,"weak","high",0.5,0.5,"binary","log_rr","stc","index",500,500,100,-0.211021405934693,0.211021405934693,-56.5543068958243,0.148084456579633,0.257711431703327,80.2,0.63466255224625,0.00662253822646351,0.00468753156627824,1.78211110764733,1.77485813645208
5,"n150_emweak_imbhig_corI0.5_corC0.5_bin",150,"weak","high",0.5,0.5,"binary","lor","stc","comparator",500,500,100,-0.264914193158059,0.264914193158059,-44.1673444982296,0.305555887965973,0.404174716683167,92.2,1.30259104890921,0.0136648747283445,0.00967220262804861,1.19929979571415,2.27825177072278
5,"n150_emweak_imbhig_corI0.5_corC0.5_bin",150,"weak","high",0.5,0.5,"binary","lor","stc","index",500,500,100,-0.129405672275363,0.129405672275363,-27.8718540773003,0.305555887965973,0.331547130716542,96,1.30259104890921,0.0136648747283445,0.00967220262804861,0.876356092008266,2.94318933410092
5,"n150_emweak_imbhig_corI0.5_corC0.5_bin",150,"weak","high",0.5,0.5,"binary","p_A","stc","comparator",500,500,100,-0.0639209685933657,0.0639209685933657,-10.623606690677,0.0671700531923857,0.0926751457494955,90,0.276397710576517,0.00300393609980902,0.0021262308814874,1.34164078649987,0.499251440498502
5,"n150_emweak_imbhig_corI0.5_corC0.5_bin",150,"weak","high",0.5,0.5,"binary","p_A","stc","index",500,500,100,-0.00369702395117189,0.00369702395117189,-1.57603838886742,0.0299577196729317,0.0301552321191778,93.6,0.117576902255988,0.00133974995279116,0.000948295046381633,1.09456840809517,0.571134346157771
5,"n150_emweak_imbhig_corI0.5_corC0.5_bin",150,"weak","high",0.5,0.5,"binary","p_B","stc","comparator",500,500,100,0.00190019125071037,0.00190019125071037,0.419178504726436,0.0375433993651882,0.0375539418571673,95.8,0.158929072024655,0.00167899186173966,0.0011884155413372,0.897061870775924,0.370382348507699
5,"n150_emweak_imbhig_corI0.5_corC0.5_bin",150,"weak","high",0.5,0.5,"binary","p_B","stc","index",500,500,100,0.0350482194089902,0.0350482194089902,21.6984660418082,0.027641562188577,0.0446195644537824,99.6,0.161112079690576,0.00123616824115892,0.00087497836230044,0.282276460230038,0.765315757977373
5,"n150_emweak_imbhig_corI0.5_corC0.5_bin",150,"weak","high",0.5,0.5,"binary","rd","stc","comparator",500,500,100,-0.0658211598440761,0.0658211598440761,-44.361391511056,0.074731389321925,0.0995290714922257,92.6,0.318939400522317,0.00334208933153653,0.00236558079442979,1.17067501895274,2.2524630932124
5,"n150_emweak_imbhig_corI0.5_corC0.5_bin",150,"weak","high",0.5,0.5,"binary","rd","stc","index",500,500,100,0.00950064236475629,0.00950064236475629,13.005123280596,0.074731389321925,0.0752587084278502,95.8,0.318939400522317,0.00334208933153653,0.00236558079442979,0.897061870775924,4.57487842428768
5,"n150_emweak_imbhig_corI0.5_corC0.5_bin",150,"weak","high",0.5,0.5,"binary","log_rr","maic","comparator",500,500,100,-0.121784490387753,0.121784490387753,-43.0096924979792,0.14806135330863,0.191597970015083,95.4,0.65911686572076,0.00662150501677422,0.00468680024501327,0.936845771725528,2.33846603732987
5,"n150_emweak_imbhig_corI0.5_corC0.5_bin",150,"weak","high",0.5,0.5,"binary","log_rr","maic","index",500,500,100,-0.211759137520509,0.211759137520509,-56.7520209539135,0.14806135330863,0.258302637110669,83.8,0.65911686572076,0.00662150501677422,0.00468680024501327,1.6477621187538,1.77458123346398
5,"n150_emweak_imbhig_corI0.5_corC0.5_bin",150,"weak","high",0.5,0.5,"binary","lor","maic","comparator",500,500,100,-0.266553550757179,0.266553550757179,-44.4406634585048,0.305293413482489,0.405053645336538,93.4,1.35896136134701,0.0136531365125959,0.00966389414345073,1.11035129576184,2.27629473772057
5,"n150_emweak_imbhig_corI0.5_corC0.5_bin",150,"weak","high",0.5,0.5,"binary","lor","maic","index",500,500,100,-0.131045029874483,0.131045029874483,-28.2249447492915,0.305293413482489,0.331949484159807,96.6,1.35896136134701,0.0136531365125959,0.00966389414345073,0.810481338464989,2.94066111543229
5,"n150_emweak_imbhig_corI0.5_corC0.5_bin",150,"weak","high",0.5,0.5,"binary","p_A","maic","comparator",500,500,100,-0.0643193959644741,0.0643193959644741,-10.6898249564292,0.0671066814427945,0.0929047080513736,90.4,0.29211187544773,0.00300110202901024,0.00212422488380554,1.31745208641529,0.498780420516134
5,"n150_emweak_imbhig_corI0.5_corC0.5_bin",150,"weak","high",0.5,0.5,"binary","p_A","maic","index",500,500,100,-0.0036970228760296,0.0036970228760296,-1.57603793053511,0.0299577194087545,0.0301552317254436,93.8,0.119602951140925,0.0013397499409768,0.000948295038019249,1.07848041243223,0.571134341121318
5,"n150_emweak_imbhig_corI0.5_corC0.5_bin",150,"weak","high",0.5,0.5,"binary","p_B","maic","comparator",500,500,100,0.00190019125071037,0.00190019125071037,0.419178504726436,0.0375433993651882,0.0375539418571673,95.8,0.158929072024655,0.00167899186173966,0.0011884155413372,0.897061870775924,0.370382348507699
5,"n150_emweak_imbhig_corI0.5_corC0.5_bin",150,"weak","high",0.5,0.5,"binary","p_B","maic","index",500,500,100,0.0351918343960196,0.0351918343960196,21.7873785449738,0.0276508151428845,0.0447381677213842,99.8,0.166055270407228,0.00123658204585541,0.000875271259451156,0.199799899899875,0.765571945803915
5,"n150_emweak_imbhig_corI0.5_corC0.5_bin",150,"weak","high",0.5,0.5,"binary","rd","maic","comparator",500,500,100,-0.0662195872151844,0.0662195872151844,-44.629919027744,0.0746768834458048,0.0997522800655974,93.4,0.332613774883857,0.00333965175465296,0.00236385544106886,1.11035129576184,2.25082024306016
5,"n150_emweak_imbhig_corI0.5_corC0.5_bin",150,"weak","high",0.5,0.5,"binary","rd","maic","index",500,500,100,0.00910221499364797,0.00910221499364797,12.4597288871759,0.0746768834458048,0.0751553987756471,96.4,0.332613774883857,0.00333965175465296,0.00236385544106886,0.83311463797007,4.57154170381558
6,"n150_emstro_imbhig_corI0.5_corC0.5_bin",150,"strong","high",0.5,0.5,"binary","log_rr","spfa","comparator",500,500,100,-0.108049927783118,0.108049927783118,-45.0778665991658,0.161146382196078,0.193884004177321,88.8,0.627606265189425,0.00720668529837184,0.00510099959700662,1.4103616557465,3.00659153751821
6,"n150_emstro_imbhig_corI0.5_corC0.5_bin",150,"strong","high",0.5,0.5,"binary","log_rr","spfa","index",500,500,100,0.159629030331237,0.159629030331237,381.813834747622,0.233603236038164,0.28274150432545,89,0.89613227771239,0.0104470543109053,0.0073945812288867,1.39928553197694,24.9881231501966
6,"n150_emstro_imbhig_corI0.5_corC0.5_bin",150,"strong","high",0.5,0.5,"binary","lor","spfa","comparator",500,500,100,-0.222592358992921,0.222592358992921,-42.9044085096393,0.338771195957222,0.405072523933554,89.2,1.29130790716091,0.015150308459585,0.0107236148308473,1.38806339912844,2.92020366798732
6,"n150_emstro_imbhig_corI0.5_corC0.5_bin",150,"strong","high",0.5,0.5,"binary","lor","spfa","index",500,500,100,0.195608230691295,0.195608230691295,360.377806985134,0.296474240762361,0.354941912710976,89,1.14055678100377,0.0132587311184456,0.0093847281089532,1.39928553197694,24.4271543532938
6,"n150_emstro_imbhig_corI0.5_corC0.5_bin",150,"strong","high",0.5,0.5,"binary","p_A","spfa","comparator",500,500,100,-0.0563767105508982,0.0563767105508982,-9.36975788362889,0.0693700543961172,0.089335958776778,88.6,0.265849812782,0.00310232314465152,0.00219587070275248,1.42129518397833,0.515603277632165
6,"n150_emstro_imbhig_corI0.5_corC0.5_bin",150,"strong","high",0.5,0.5,"binary","p_A","spfa","index",500,500,100,-0.000196359128664901,0.000196359128664901,-0.083707741380021,0.0296644170838644,0.0296353883482404,95.4,0.11682612570885,0.00132663306224854,0.000939010715152818,0.936845771725528,0.565542626084875
6,"n150_emstro_imbhig_corI0.5_corC0.5_bin",150,"strong","high",0.5,0.5,"binary","p_B","spfa","comparator",500,500,100,1.22300536350244e-05,1.22300536350244e-05,0.00258318630707357,0.0412073784462437,0.0411661522601923,94.8,0.1584203075665,0.00184284998760721,0.00130439677257058,0.992935043192656,0.389239900007042
6,"n150_emstro_imbhig_corI0.5_corC0.5_bin",150,"strong","high",0.5,0.5,"binary","p_B","spfa","index",500,500,100,-0.0293683172851126,0.0293683172851126,-13.0542104315108,0.0388872323687998,0.0487000048026842,83.6,0.14763243667285,0.00173908990066933,0.00123095383178127,1.65592270351004,0.773025069916451
6,"n150_emstro_imbhig_corI0.5_corC0.5_bin",150,"strong","high",0.5,0.5,"binary","rd","spfa","comparator",500,500,100,-0.056388940597914,0.056388940597914,-43.9715362143616,0.0813833037587321,0.0989429546161815,88.6,0.310469806924935,0.00363957198876078,0.00257614346669747,1.42129518397833,2.83810211384768
6,"n150_emstro_imbhig_corI0.5_corC0.5_bin",150,"strong","high",0.5,0.5,"binary","rd","spfa","index",500,500,100,0.0291719581569893,0.0291719581569893,303.715372792695,0.0489976778807214,0.0569822256106294,89,0.19091643495488,0.00219124276961862,0.00155099439228927,1.39928553197694,22.8134879075496
6,"n150_emstro_imbhig_corI0.5_corC0.5_bin",150,"strong","high",0.5,0.5,"binary","log_rr","relaxed","comparator",500,500,100,-0.110668847520632,0.110668847520632,-46.170466261042,0.162865237286733,0.196773039710667,88,0.622525227787766,0.00728355483489538,0.00515540900418821,1.4532721699668,3.03866110742947
6,"n150_emstro_imbhig_corI0.5_corC0.5_bin",150,"strong","high",0.5,0.5,"binary","log_rr","relaxed","index",500,500,100,-0.170382504804982,0.170382504804982,-407.534878828147,0.25122770837351,0.303346878466412,89.4,0.983606920354182,0.0112352446750932,0.00795247415241918,1.37669168661687,26.8733816450785
6,"n150_emstro_imbhig_corI0.5_corC0.5_bin",150,"strong","high",0.5,0.5,"binary","lor","relaxed","comparator",500,500,100,-0.228117847048971,0.228117847048971,-43.9694396627501,0.341131616072088,0.410092416495653,87.4,1.27881422685125,0.015255869656231,0.0107983326240153,1.48407546977908,2.94055046122028
6,"n150_emstro_imbhig_corI0.5_corC0.5_bin",150,"strong","high",0.5,0.5,"binary","lor","relaxed","index",500,500,100,-0.241925588171298,0.241925588171298,-445.710349767204,0.338543661981556,0.41582517679642,89.4,1.34065013993026,0.0151401328308494,0.0107164123686985,1.37669168661687,27.893345018063
6,"n150_emstro_imbhig_corI0.5_corC0.5_bin",150,"strong","high",0.5,0.5,"binary","p_A","relaxed","comparator",500,500,100,-0.0585016650103782,0.0585016650103782,-9.72292337704819,0.0695857100854724,0.0908566536638332,89,0.2664376319845,0.00311196756027418,0.00220269716431806,1.39928553197694,0.517206170713907
6,"n150_emstro_imbhig_corI0.5_corC0.5_bin",150,"strong","high",0.5,0.5,"binary","p_A","relaxed","index",500,500,100,-0.000190772680324899,0.000190772680324899,-0.0813262428672844,0.0297035345387114,0.0296744293690678,95.6,0.11693874915355,0.00132838244801143,0.000940248956549809,0.917213170424412,0.56628838785317
6,"n150_emstro_imbhig_corI0.5_corC0.5_bin",150,"strong","high",0.5,0.5,"binary","p_B","relaxed","comparator",500,500,100,-0.000822272172078312,0.000822272172078312,-0.173677260868047,0.0411959002291512,0.0411628974055979,94,0.1517770462215,0.00184233666613363,0.00130403343595721,1.06207344378814,0.389131478160232
6,"n150_emstro_imbhig_corI0.5_corC0.5_bin",150,"strong","high",0.5,0.5,"binary","p_B","relaxed","index",500,500,100,0.0495492449095467,0.0495492449095467,22.0246282240889,0.057234555793635,0.075659569515344,85,0.2254978475287,0.00255960714833144,0.00181172820673656,1.59687194226713,1.1377448020577
6,"n150_emstro_imbhig_corI0.5_corC0.5_bin",150,"strong","high",0.5,0.5,"binary","rd","relaxed","comparator",500,500,100,-0.0576793928343145,0.0576793928343145,-44.9778180604846,0.0820056994261055,0.10019180219271,87.4,0.307459713771014,0.00366740636918375,0.00259584505729594,1.48407546977908,2.85980708744348
6,"n150_emstro_imbhig_corI0.5_corC0.5_bin",150,"strong","high",0.5,0.5,"binary","rd","relaxed","index",500,500,100,-0.0497400175900506,0.0497400175900506,-517.853752010062,0.0633971444664697,0.0805309187859418,89.4,0.256609933072836,0.00283520649212802,0.00200680154259587,1.37669168661687,29.5179292410517
6,"n150_emstro_imbhig_corI0.5_corC0.5_bin",150,"strong","high",0.5,0.5,"binary","log_rr","naive","comparator",500,500,100,-0.945161244903977,0.945161244903977,-394.316344181212,0.155253812106605,0.957802337410867,0,0.675039391760736,0.00694316155272696,0.00491447355005409,0,2.89665080460317
6,"n150_emstro_imbhig_corI0.5_corC0.5_bin",150,"strong","high",0.5,0.5,"binary","log_rr","naive","index",500,500,100,-0.747273136271248,0.747273136271248,-1787.38930614036,0.155253812106605,0.763198977249022,0.2,0.675039391760736,0.00694316155272696,0.00491447355005409,0.199799899899875,16.6072244642344
6,"n150_emstro_imbhig_corI0.5_corC0.5_bin",150,"strong","high",0.5,0.5,"binary","lor","naive","comparator",500,500,100,-1.59936846423024,1.59936846423024,-308.276340918562,0.235668106760898,1.61660380489636,0,0.995653813040482,0.0105393981369209,0.0074599435695176,0,2.0314562690203
6,"n150_emstro_imbhig_corI0.5_corC0.5_bin",150,"strong","high",0.5,0.5,"binary","lor","naive","index",500,500,100,-1.13483712689606,1.13483712689606,-2090.76128152061,0.235668106760898,1.15900115712318,0.2,0.995653813040482,0.0105393981369209,0.0074599435695176,0.199799899899875,19.4172053706726
6,"n150_emstro_imbhig_corI0.5_corC0.5_bin",150,"strong","high",0.5,0.5,"binary","p_A","naive","comparator",500,500,100,-0.367248018528218,0.367248018528218,-61.0362857858694,0.0296903367927075,0.368443835855031,0,0.135128475331815,0.00132779222686714,0.000939831189199839,0,0.220677857291397
6,"n150_emstro_imbhig_corI0.5_corC0.5_bin",150,"strong","high",0.5,0.5,"binary","p_A","naive","index",500,500,100,-0.00013702409321823,0.00013702409321823,-0.058413262657718,0.0296903367927075,0.0296609481013131,98,0.135128475331815,0.00132779222686714,0.000939831189199839,0.626099033699941,0.566036777045773
6,"n150_emstro_imbhig_corI0.5_corC0.5_bin",150,"strong","high",0.5,0.5,"binary","p_B","naive","comparator",500,500,100,-0.000781709919051643,0.000781709919051643,-0.165109853092951,0.0411469930732104,0.0411132577070515,94,0.159245067406533,0.00184014947162823,0.00130248530698686,1.06207344378814,0.388669507095684
6,"n150_emstro_imbhig_corI0.5_corC0.5_bin",150,"strong","high",0.5,0.5,"binary","p_B","naive","index",500,500,100,0.247694674379626,0.247694674379626,110.100227082309,0.0411469930732104,0.251082338297455,0,0.159245067406533,0.00184014947162823,0.00130248530698686,0,0.817946026490441
6,"n150_emstro_imbhig_corI0.5_corC0.5_bin",150,"strong","high",0.5,0.5,"binary","rd","naive","comparator",500,500,100,-0.366466308609167,0.366466308609167,-285.766790251553,0.0507679804832866,0.369959171277447,0,0.208901889247049,0.00227041310882023,0.00160703234200431,0,1.7704456082607
6,"n150_emstro_imbhig_corI0.5_corC0.5_bin",150,"strong","high",0.5,0.5,"binary","rd","naive","index",500,500,100,-0.247831698472844,0.247831698472844,-2580.2277751277,0.0507679804832866,0.252967950212278,0.2,0.208901889247049,0.00227041310882023,0.00160703234200431,0.199799899899875,23.6377469084483
6,"n150_emstro_imbhig_corI0.5_corC0.5_bin",150,"strong","high",0.5,0.5,"binary","log_rr","stc","comparator",500,500,100,-0.102842855937641,0.102842855937641,-42.9055033700685,0.15967565169361,0.189794557703064,92.8,0.620981047921195,0.00714091223076981,0.00505444443642432,1.15599307956406,2.97915135659432
6,"n150_emstro_imbhig_corI0.5_corC0.5_bin",150,"strong","high",0.5,0.5,"binary","log_rr","stc","index",500,500,100,0.0950452526950872,0.0950452526950872,227.337047219829,0.15967565169361,0.185685005253963,87.6,0.620981047921195,0.00714091223076981,0.00505444443642432,1.47393351274744,17.0802207892187
6,"n150_emstro_imbhig_corI0.5_corC0.5_bin",150,"strong","high",0.5,0.5,"binary","lor","stc","comparator",500,500,100,-0.226455315865802,0.226455315865802,-43.6489887839985,0.336674927351122,0.405469255033412,89.8,1.29875455020531,0.0150565604775382,0.0106572586075848,1.35348439222623,2.90213385760889
6,"n150_emstro_imbhig_corI0.5_corC0.5_bin",150,"strong","high",0.5,0.5,"binary","lor","stc","index",500,500,100,0.238076021468382,0.238076021468382,438.618120563266,0.336674927351122,0.412072200823694,88.2,1.29875455020531,0.0150565604775382,0.0106572586075848,1.44274737913468,27.7393759273738
6,"n150_emstro_imbhig_corI0.5_corC0.5_bin",150,"strong","high",0.5,0.5,"binary","p_A","stc","comparator",500,500,100,-0.0572252286258493,0.0572252286258493,-9.51078081392202,0.0697988551264087,0.090204563121187,89.2,0.274555817557974,0.00312149969628619,0.00220944415269659,1.38806339912844,0.518790403026747
6,"n150_emstro_imbhig_corI0.5_corC0.5_bin",150,"strong","high",0.5,0.5,"binary","p_A","stc","index",500,500,100,-0.000137023959444451,0.000137023959444451,-0.0584132056300619,0.0296903366970398,0.0296609480051243,95.6,0.118036474138221,0.00132779222258875,0.000939831186171533,0.917213170424412,0.5660367752219
6,"n150_emstro_imbhig_corI0.5_corC0.5_bin",150,"strong","high",0.5,0.5,"binary","p_B","stc","comparator",500,500,100,-0.000781709919051643,0.000781709919051643,-0.165109853092951,0.0411469930732104,0.0411132577070515,94,0.159245067406533,0.00184014947162823,0.00130248530698686,1.06207344378814,0.388669507095684
6,"n150_emstro_imbhig_corI0.5_corC0.5_bin",150,"strong","high",0.5,0.5,"binary","p_B","stc","index",500,500,100,-0.0200560416766213,0.0200560416766213,-8.91490601684847,0.0297177784439502,0.035827710932556,94.4,0.165188925941229,0.00132901945481901,0.000940699839491721,1.02824121683582,0.590748848915968
6,"n150_emstro_imbhig_corI0.5_corC0.5_bin",150,"strong","high",0.5,0.5,"binary","rd","stc","comparator",500,500,100,-0.0564435187067977,0.0564435187067977,-44.0140956819778,0.0821347182493391,0.0995916187338028,89.6,0.317541400536263,0.0036731762663663,0.00259992907678401,1.3651666564929,2.86430639599982
6,"n150_emstro_imbhig_corI0.5_corC0.5_bin",150,"strong","high",0.5,0.5,"binary","rd","stc","index",500,500,100,0.0621910914295246,0.0621910914295246,647.484492342081,0.0821347182493391,0.102958008776442,86.4,0.317541400536263,0.0036731762663663,0.00259992907678401,1.53299706457645,38.2422082559252
6,"n150_emstro_imbhig_corI0.5_corC0.5_bin",150,"strong","high",0.5,0.5,"binary","log_rr","maic","comparator",500,500,100,-0.103578780826134,0.103578780826134,-43.2125273971189,0.159651044632424,0.190173717893793,94.2,0.645506890438727,0.00713981176953906,0.00505366551351286,1.04533248299285,2.97869224990563
6,"n150_emstro_imbhig_corI0.5_corC0.5_bin",150,"strong","high",0.5,0.5,"binary","log_rr","maic","index",500,500,100,0.0943093278065946,0.0943093278065946,225.576801585445,0.159651044632424,0.185288230741867,89.2,0.645506890438727,0.00713981176953906,0.00505366551351286,1.38806339912844,17.0775886155994
6,"n150_emstro_imbhig_corI0.5_corC0.5_bin",150,"strong","high",0.5,0.5,"binary","lor","maic","comparator",500,500,100,-0.22812099631233,0.22812099631233,-43.9700466794611,0.336383634681319,0.406161089643731,91.2,1.35625257208188,0.0150435334733177,0.0106480378992386,1.26693330526907,2.89962291827
6,"n150_emstro_imbhig_corI0.5_corC0.5_bin",150,"strong","high",0.5,0.5,"binary","lor","maic","index",500,500,100,0.236410341021855,0.236410341021855,435.549362851302,0.336383634681319,0.41087405749709,90,1.35625257208188,0.0150435334733177,0.0106480378992386,1.34164078649987,27.7153756938663
6,"n150_emstro_imbhig_corI0.5_corC0.5_bin",150,"strong","high",0.5,0.5,"binary","p_A","maic","comparator",500,500,100,-0.057627727077281,0.057627727077281,-9.57767568951156,0.0697324940695781,0.0904093491614611,90.4,0.290496097435476,0.00311853193960355,0.00220734353014747,1.31745208641529,0.51829716457239
6,"n150_emstro_imbhig_corI0.5_corC0.5_bin",150,"strong","high",0.5,0.5,"binary","p_A","maic","index",500,500,100,-0.000137022919452114,0.000137022919452114,-0.0584127622821502,0.0296903363388148,0.0296609476424571,96,0.120048198310496,0.00132779220656844,0.000939831174832119,0.876356092008266,0.566036768392455
6,"n150_emstro_imbhig_corI0.5_corC0.5_bin",150,"strong","high",0.5,0.5,"binary","p_B","maic","comparator",500,500,100,-0.000781709919051643,0.000781709919051643,-0.165109853092951,0.0411469930732104,0.0411132577070515,94,0.159245067406533,0.00184014947162823,0.00130248530698686,1.06207344378814,0.388669507095684
6,"n150_emstro_imbhig_corI0.5_corC0.5_bin",150,"strong","high",0.5,0.5,"binary","p_B","maic","index",500,500,100,-0.0199066782126467,0.0199066782126467,-8.84851399068727,0.0297285397070549,0.035753242348486,94.8,0.170320960994507,0.00132950071313553,0.000941040481323157,0.992935043192656,0.590962768129477
6,"n150_emstro_imbhig_corI0.5_corC0.5_bin",150,"strong","high",0.5,0.5,"binary","rd","maic","comparator",500,500,100,-0.0568460171582293,0.0568460171582293,-44.327959979581,0.082076920821606,0.099772828748346,91,0.33137051569915,0.00367059148681958,0.00259809953117735,1.27984374046209,2.8622908105634
6,"n150_emstro_imbhig_corI0.5_corC0.5_bin",150,"strong","high",0.5,0.5,"binary","rd","maic","index",500,500,100,0.0617885929780929,0.0617885929780929,643.293996573262,0.082076920821606,0.102669264689611,88.2,0.33137051569915,0.00367059148681958,0.00259809953117735,1.44274737913468,38.2152975741193
7,"n150_emnone_imblow_corI0.5_corC0.25_bin",150,"none","low",0.5,0.25,"binary","log_rr","spfa","comparator",500,500,100,-0.0269464244142777,0.0269464244142777,-7.78356954031546,0.13830000130427,0.140764861981795,96.6,0.577214416984763,0.00618496408409315,0.00437781004640058,0.810481338464989,1.78654864603798
7,"n150_emnone_imblow_corI0.5_corC0.25_bin",150,"none","low",0.5,0.25,"binary","log_rr","spfa","index",500,500,100,-0.0279944056890716,0.0279944056890716,-7.38446636089981,0.151498721556384,0.153914410169537,96.4,0.630233275267191,0.00677522879808773,0.0047956082356588,0.83311463797007,1.78719454531623
7,"n150_emnone_imblow_corI0.5_corC0.25_bin",150,"none","low",0.5,0.25,"binary","lor","spfa","comparator",500,500,100,-0.0563818445869893,0.0563818445869893,-9.75044245526176,0.223819660736643,0.230594801438005,96.2,0.924832221477509,0.0100095195221615,0.00708488756409427,0.85505555375075,1.73100480873902
7,"n150_emnone_imblow_corI0.5_corC0.25_bin",150,"none","low",0.5,0.25,"binary","lor","spfa","index",500,500,100,-0.0391208199598715,0.0391208199598715,-7.26266665227806,0.213782647139676,0.217122206906488,96.4,0.884735834643878,0.00956065062828333,0.00676717145023835,0.83311463797007,1.77490703322014
7,"n150_emnone_imblow_corI0.5_corC0.25_bin",150,"none","low",0.5,0.25,"binary","p_A","spfa","comparator",500,500,100,-0.0196750369244532,0.0196750369244532,-4.17184288851349,0.0382386510830537,0.0429694906387872,92.8,0.1511159967285,0.00171008446379208,0.0012104233499167,1.15599307956406,0.362601795179435
7,"n150_emnone_imblow_corI0.5_corC0.25_bin",150,"none","low",0.5,0.25,"binary","p_A","spfa","index",500,500,100,-0.000846381122102346,0.000846381122102346,-0.239010306930833,0.0322531017896997,0.0322319470542887,95.6,0.12824640351,0.00144240256173977,0.0010209540976929,0.917213170424412,0.407321323687978
7,"n150_emnone_imblow_corI0.5_corC0.25_bin",150,"none","low",0.5,0.25,"binary","p_B","spfa","comparator",500,500,100,-0.00350167894419979,0.00350167894419979,-1.04963867934591,0.0352865339729486,0.035424722388364,96.6,0.14913884941,0.00157806177307738,0.00111697571563696,0.810481338464989,0.473028710459841
7,"n150_emnone_imblow_corI0.5_corC0.25_bin",150,"none","low",0.5,0.25,"binary","p_B","spfa","index",500,500,100,0.0080027730916538,0.0080027730916538,3.30165414154539,0.0299999509690359,0.0310200167824707,95.4,0.1255143574345,0.0013416385937685,0.000949631854701328,0.936845771725528,0.553511460195293
7,"n150_emnone_imblow_corI0.5_corC0.25_bin",150,"none","low",0.5,0.25,"binary","rd","spfa","comparator",500,500,100,-0.0161733579807596,0.0161733579807596,-11.7192327364226,0.0517508814304792,0.0541698710516063,95.6,0.2124873537995,0.00231436977548166,0.00163814552783697,0.917213170424412,1.67699484975709
7,"n150_emnone_imblow_corI0.5_corC0.25_bin",150,"none","low",0.5,0.25,"binary","rd","spfa","index",500,500,100,-0.00884915421195667,0.00884915421195667,-7.91995986377562,0.0436509175835315,0.0444960597237495,96.6,0.179586178735039,0.00195212837994035,0.00138174565241951,0.810481338464989,1.74714758583083
7,"n150_emnone_imblow_corI0.5_corC0.25_bin",150,"none","low",0.5,0.25,"binary","log_rr","relaxed","comparator",500,500,100,-0.0262858619785638,0.0262858619785638,-7.59276375565726,0.139046892665257,0.141372970624161,94.4,0.547492492855094,0.00621836608119265,0.00440145247932078,1.02824121683582,1.79619693047128
7,"n150_emnone_imblow_corI0.5_corC0.25_bin",150,"none","low",0.5,0.25,"binary","log_rr","relaxed","index",500,500,100,-0.0450304538131335,0.0450304538131335,-11.8782972245397,0.154914806552123,0.161177981948901,94.4,0.6065183356815,0.00692800076343554,0.00490374251673378,1.02824121683582,1.82749329112743
7,"n150_emnone_imblow_corI0.5_corC0.25_bin",150,"none","low",0.5,0.25,"binary","lor","relaxed","comparator",500,500,100,-0.0550711853546157,0.0550711853546157,-9.52378248134055,0.224727057154166,0.231158130233613,94.8,0.882797325682352,0.0100500995236039,0.00711361069580242,0.992935043192656,1.73802254595208
7,"n150_emnone_imblow_corI0.5_corC0.25_bin",150,"none","low",0.5,0.25,"binary","lor","relaxed","index",500,500,100,-0.0618866038604489,0.0618866038604489,-11.4890683411305,0.218522037860361,0.226905991560303,95,0.859266581182692,0.00977260262475102,0.00691719424210505,0.974679434480897,1.81425530603775
7,"n150_emnone_imblow_corI0.5_corC0.25_bin",150,"none","low",0.5,0.25,"binary","p_A","relaxed","comparator",500,500,100,-0.0204343878531532,0.0204343878531532,-4.33285365479296,0.0383379364768522,0.0434099295725027,92.4,0.1514827508365,0.00171452464158621,0.00121356617414181,1.18510759005248,0.363543278757091
7,"n150_emnone_imblow_corI0.5_corC0.25_bin",150,"none","low",0.5,0.25,"binary","p_A","relaxed","index",500,500,100,-0.000819070584435675,0.000819070584435675,-0.23129806026122,0.0322973821354881,0.032275463244428,95.6,0.1286368345515,0.00144438283900477,0.001022355767547,0.917213170424412,0.407880535920571
7,"n150_emnone_imblow_corI0.5_corC0.25_bin",150,"none","low",0.5,0.25,"binary","p_B","relaxed","comparator",500,500,100,-0.00465359765021979,0.00465359765021979,-1.39492973788326,0.0352852337302505,0.0355557814574472,94.2,0.135548021471,0.00157800362445617,0.00111693455717353,1.04533248299285,0.473011280237671
7,"n150_emnone_imblow_corI0.5_corC0.25_bin",150,"none","low",0.5,0.25,"binary","p_B","relaxed","index",500,500,100,0.0122755839224585,0.0122755839224585,5.0644610353556,0.032020489725628,0.0342629697980463,92.4,0.1206228851195,0.00143199983398676,0.00101359089146439,1.18510759005248,0.590791233042149
7,"n150_emnone_imblow_corI0.5_corC0.25_bin",150,"none","low",0.5,0.25,"binary","rd","relaxed","comparator",500,500,100,-0.0157807902019787,0.0157807902019787,-11.4347776980919,0.0519371704475355,0.0542319838669676,94.2,0.203641399101908,0.00232270087359365,0.00164404240363387,1.04533248299285,1.68303157248595
7,"n150_emnone_imblow_corI0.5_corC0.25_bin",150,"none","low",0.5,0.25,"binary","rd","relaxed","index",500,500,100,-0.0130946545045513,0.0130946545045513,-11.7196667186483,0.044600484764936,0.0464402283734514,94.8,0.176679720214207,0.00199459431527681,0.00141180367633333,0.992935043192656,1.78515443884601
7,"n150_emnone_imblow_corI0.5_corC0.25_bin",150,"none","low",0.5,0.25,"binary","log_rr","naive","comparator",500,500,100,-0.273201270277394,0.273201270277394,-78.9151485560323,0.140500090762096,0.307147731611892,60.6,0.633539241566379,0.00628335507577872,0.00444745266130019,2.1852414054287,1.8149692303111
7,"n150_emnone_imblow_corI0.5_corC0.25_bin",150,"none","low",0.5,0.25,"binary","log_rr","naive","index",500,500,100,-0.306103599605555,0.306103599605555,-80.7451231272245,0.140500090762096,0.336749474601857,51.2,0.633539241566379,0.00628335507577872,0.00444745266130019,2.23542389716134,1.65744630216566
7,"n150_emnone_imblow_corI0.5_corC0.25_bin",150,"none","low",0.5,0.25,"binary","lor","naive","comparator",500,500,100,-0.468405551779364,0.468405551779364,-81.0041142109731,0.212325728157425,0.51419433227685,51,0.958661141445214,0.00949549523064286,0.00672105348568926,2.23562071917398,1.64211157880352
7,"n150_emnone_imblow_corI0.5_corC0.25_bin",150,"none","low",0.5,0.25,"binary","lor","naive","index",500,500,100,-0.428812880531809,0.428812880531809,-79.6078663663034,0.212325728157425,0.47840624673795,58.2,0.958661141445214,0.00949549523064286,0.00672105348568926,2.20579237463547,1.76281112280352
7,"n150_emnone_imblow_corI0.5_corC0.25_bin",150,"none","low",0.5,0.25,"binary","p_A","naive","comparator",500,500,100,-0.118308335389747,0.118308335389747,-25.085787108951,0.0322730391141411,0.122622706617691,8.8,0.152605492919305,0.00144329418599458,0.00102158520267059,1.26693330526907,0.306032288985993
7,"n150_emnone_imblow_corI0.5_corC0.25_bin",150,"none","low",0.5,0.25,"binary","p_A","naive","index",500,500,100,-0.000812422577162343,0.000812422577162343,-0.229420723660268,0.0322730391141411,0.0322509842640413,98.2,0.152605492919305,0.00144329418599458,0.00102158520267059,0.5945754788082,0.407573110242808
7,"n150_emnone_imblow_corI0.5_corC0.25_bin",150,"none","low",0.5,0.25,"binary","p_B","naive","comparator",500,500,100,-0.00467469894515312,0.00467469894515312,-1.4012549138058,0.0352643103947842,0.0355378285024882,96.2,0.149894082125319,0.0015770679044478,0.00111627224056221,0.85505555375075,0.472730795381841
7,"n150_emnone_imblow_corI0.5_corC0.25_bin",150,"none","low",0.5,0.25,"binary","p_B","naive","index",500,500,100,0.0865465554163711,0.0865465554163711,35.7059721491989,0.0352643103947842,0.0934419108263709,37.6,0.149894082125319,0.0015770679044478,0.00111627224056221,2.16621328589777,0.650641061365186
7,"n150_emnone_imblow_corI0.5_corC0.25_bin",150,"none","low",0.5,0.25,"binary","rd","naive","comparator",500,500,100,-0.113633636444593,0.113633636444593,-82.3390562284256,0.0473467310063227,0.123084657219059,43.8,0.213939874162758,0.00211741018085069,0.00149873458213269,2.21881049213312,1.53427771384149
7,"n150_emnone_imblow_corI0.5_corC0.25_bin",150,"none","low",0.5,0.25,"binary","rd","naive","index",500,500,100,-0.0873589779935335,0.0873589779935335,-78.1859579884368,0.0473467310063227,0.0993419375046902,65.6,0.213939874162758,0.00211741018085069,0.00149873458213269,2.12444816364156,1.89507417836934
7,"n150_emnone_imblow_corI0.5_corC0.25_bin",150,"none","low",0.5,0.25,"binary","log_rr","stc","comparator",500,500,100,-0.027357352243374,0.027357352243374,-7.90226749016767,0.137552093460394,0.140111248585809,96.6,0.574831556424,0.00615151662849688,0.00435413543727674,0.810481338464989,1.77688723075788
7,"n150_emnone_imblow_corI0.5_corC0.25_bin",150,"none","low",0.5,0.25,"binary","log_rr","stc","index",500,500,100,-0.0602596815715346,0.0602596815715346,-15.8955184269993,0.137552093460394,0.150046547716397,95.6,0.574831556424,0.00615151662849688,0.00435413543727674,0.917213170424412,1.62266947604407
7,"n150_emnone_imblow_corI0.5_corC0.25_bin",150,"none","low",0.5,0.25,"binary","lor","stc","comparator",500,500,100,-0.056642769397021,0.056642769397021,-9.79556571016766,0.222951987251985,0.229818573590852,96.6,0.92591282270881,0.00997071598428208,0.00705742183985486,0.810481338464989,1.7242942857697
7,"n150_emnone_imblow_corI0.5_corC0.25_bin",150,"none","low",0.5,0.25,"binary","lor","stc","index",500,500,100,-0.0170500981494656,0.0170500981494656,-3.16530122260246,0.222951987251985,0.22338057052769,97,0.92591282270881,0.00997071598428208,0.00705742183985486,0.762889244910426,1.85103447608359
7,"n150_emnone_imblow_corI0.5_corC0.25_bin",150,"none","low",0.5,0.25,"binary","p_A","stc","comparator",500,500,100,-0.0200900020178909,0.0200900020178909,-4.25983099144243,0.0383267362558344,0.0432389756548314,93,0.153394992591973,0.00171402375247503,0.00121321163734043,1.14105214604767,0.363437071552274
7,"n150_emnone_imblow_corI0.5_corC0.25_bin",150,"none","low",0.5,0.25,"binary","p_A","stc","index",500,500,100,-0.000812422517288743,0.000812422517288743,-0.22942070675251,0.0322730390548206,0.0322509842032907,96,0.129630966003833,0.00144329418334169,0.00102158520079283,0.876356092008266,0.407573109493656
7,"n150_emnone_imblow_corI0.5_corC0.25_bin",150,"none","low",0.5,0.25,"binary","p_B","stc","comparator",500,500,100,-0.00467469894515312,0.00467469894515312,-1.4012549138058,0.0352643103947842,0.0355378285024882,96.2,0.149894082125319,0.0015770679044478,0.00111627224056221,0.85505555375075,0.472730795381841
7,"n150_emnone_imblow_corI0.5_corC0.25_bin",150,"none","low",0.5,0.25,"binary","p_B","stc","index",500,500,100,0.0150199181247646,0.0150199181247646,6.1966738672149,0.0291105822262371,0.0327311638355565,99.8,0.175387133931772,0.00130186481444927,0.000921479379065314,0.199799899899875,0.537102240327344
7,"n150_emnone_imblow_corI0.5_corC0.25_bin",150,"none","low",0.5,0.25,"binary","rd","stc","comparator",500,500,100,-0.0154153030727378,0.0154153030727378,-11.1699453277927,0.0519155313107827,0.0541060395457167,96.2,0.214536807922548,0.00232173314197858,0.00164335742872875,0.85505555375075,1.68233035310795
7,"n150_emnone_imblow_corI0.5_corC0.25_bin",150,"none","low",0.5,0.25,"binary","rd","stc","index",500,500,100,0.0108593553783221,0.0108593553783221,9.71908237587038,0.0519155313107827,0.0529882774369104,94.8,0.214536807922548,0.00232173314197858,0.00164335742872875,0.992935043192656,2.0779424630235
7,"n150_emnone_imblow_corI0.5_corC0.25_bin",150,"none","low",0.5,0.25,"binary","log_rr","maic","comparator",500,500,100,-0.0278253185405049,0.0278253185405049,-8.03744120228037,0.137550725480395,0.140202032895045,97.2,0.604193053008237,0.00615145545057153,0.00435409213462655,0.737780455149091,1.7768695592988
7,"n150_emnone_imblow_corI0.5_corC0.25_bin",150,"none","low",0.5,0.25,"binary","log_rr","maic","index",500,500,100,-0.0607276478686655,0.0607276478686655,-16.0189602824035,0.137550725480395,0.15023384735699,96.6,0.604193053008237,0.00615145545057153,0.00435409213462655,0.810481338464989,1.62265333830795
7,"n150_emnone_imblow_corI0.5_corC0.25_bin",150,"none","low",0.5,0.25,"binary","lor","maic","comparator",500,500,100,-0.0574998518625051,0.0574998518625051,-9.94378599845963,0.222909203068581,0.22998993184758,97.2,0.986565092458131,0.00996880261743305,0.00705606753019352,0.737780455149091,1.72396339603926
7,"n150_emnone_imblow_corI0.5_corC0.25_bin",150,"none","low",0.5,0.25,"binary","lor","maic","index",500,500,100,-0.0179071806149497,0.0179071806149497,-3.32441609408799,0.222909203068581,0.223405019873371,97.8,0.986565092458131,0.00996880261743305,0.00705606753019352,0.655987804764693,1.85067926508284
7,"n150_emnone_imblow_corI0.5_corC0.25_bin",150,"none","low",0.5,0.25,"binary","p_A","maic","comparator",500,500,100,-0.0203012242459034,0.0203012242459034,-4.30461799505585,0.0383092960508125,0.0433221267421561,96.4,0.174921733699838,0.00171324380279562,0.00121265957729679,0.83311463797007,0.363271693081275
7,"n150_emnone_imblow_corI0.5_corC0.25_bin",150,"none","low",0.5,0.25,"binary","p_A","maic","index",500,500,100,-0.000812422244677229,0.000812422244677229,-0.229420629769505,0.0322730388834376,0.0322509840252663,96,0.131488840205916,0.00144329417567721,0.0010215851953678,0.876356092008266,0.407573107329277
7,"n150_emnone_imblow_corI0.5_corC0.25_bin",150,"none","low",0.5,0.25,"binary","p_B","maic","comparator",500,500,100,-0.00467469894515312,0.00467469894515312,-1.4012549138058,0.0352643103947842,0.0355378285024882,96.2,0.149894082125319,0.0015770679044478,0.00111627224056221,0.85505555375075,0.472730795381841
7,"n150_emnone_imblow_corI0.5_corC0.25_bin",150,"none","low",0.5,0.25,"binary","p_B","maic","index",500,500,100,0.0151398980125801,0.0151398980125801,6.24617322062296,0.0291196130434368,0.032794396958981,99.8,0.182574917210076,0.00130226868487228,0.00092176524458875,0.199799899899875,0.53726886262683
7,"n150_emnone_imblow_corI0.5_corC0.25_bin",150,"none","low",0.5,0.25,"binary","rd","maic","comparator",500,500,100,-0.0156265253007503,0.0156265253007503,-11.3229971833275,0.0519021162451942,0.0541537653756706,96.8,0.230382951822311,0.00232113320200701,0.00164293278224753,0.787095928079926,1.68189563595378
7,"n150_emnone_imblow_corI0.5_corC0.25_bin",150,"none","low",0.5,0.25,"binary","rd","maic","index",500,500,100,0.0106481331503097,0.0106481331503097,9.53003927320464,0.0519021162451942,0.052932265689038,96.6,0.230382951822311,0.00232113320200701,0.00164293278224753,0.810481338464989,2.07740551899679
8,"n150_emweak_imblow_corI0.5_corC0.25_bin",150,"weak","low",0.5,0.25,"binary","log_rr","spfa","comparator",500,500,100,-0.0416746428020348,0.0416746428020348,-13.1211334111795,0.130659135827811,0.137019859905041,96,0.568107134242979,0.00584325419184728,0.0041359426759698,0.876356092008266,1.83973065278242
8,"n150_emweak_imblow_corI0.5_corC0.25_bin",150,"weak","low",0.5,0.25,"binary","log_rr","spfa","index",500,500,100,-0.0273492073502735,0.0273492073502735,-8.2398778632725,0.14413373499487,0.146563855159219,96.4,0.622452819696854,0.0064458565859894,0.00456247365968969,0.83311463797007,1.94203328500459
8,"n150_emweak_imblow_corI0.5_corC0.25_bin",150,"weak","low",0.5,0.25,"binary","lor","spfa","comparator",500,500,100,-0.0792975423267519,0.0792975423267519,-14.8206895799292,0.215789167496941,0.22969530926527,95.6,0.920575630268574,0.00965038494662497,0.00683068674232441,0.917213170424412,1.8036543810072
8,"n150_emweak_imblow_corI0.5_corC0.25_bin",150,"weak","low",0.5,0.25,"binary","lor","spfa","index",500,500,100,-0.0390501903948109,0.0390501903948109,-8.20568845252526,0.207158172114868,0.210602935941777,96,0.881906099561307,0.00926439509886893,0.00655747735738054,0.876356092008266,1.94674441056047
8,"n150_emweak_imblow_corI0.5_corC0.25_bin",150,"weak","low",0.5,0.25,"binary","p_A","spfa","comparator",500,500,100,-0.0219385363846065,0.0219385363846065,-4.65178933853812,0.0391371763327303,0.0448325162449682,91.8,0.15164069175,0.00175026773454762,0.00123886566971339,1.22699633251286,0.371122149828953
8,"n150_emweak_imblow_corI0.5_corC0.25_bin",150,"weak","low",0.5,0.25,"binary","p_A","spfa","index",500,500,100,-0.00249870363612901,0.00249870363612901,-0.705611109941753,0.0334495484440212,0.0335093728140039,94,0.128449207028,0.00149590928275007,0.0010588269547708,1.06207344378814,0.422431133533178
8,"n150_emweak_imblow_corI0.5_corC0.25_bin",150,"weak","low",0.5,0.25,"binary","p_B","spfa","comparator",500,500,100,-0.000766829062590418,0.000766829062590418,-0.223382550511116,0.0344042782069107,0.0343784100422324,97.6,0.1504303620565,0.00153860609574934,0.00108904839734607,0.684455988358638,0.448206478689522
8,"n150_emweak_imblow_corI0.5_corC0.25_bin",150,"weak","low",0.5,0.25,"binary","p_B","spfa","index",500,500,100,0.00647166604453752,0.00647166604453752,2.54691614768095,0.0286237339736629,0.0293182873253854,97,0.127820002701,0.00128009229869961,0.000906068466909913,0.762889244910426,0.503778736981019
8,"n150_emweak_imblow_corI0.5_corC0.25_bin",150,"weak","low",0.5,0.25,"binary","rd","spfa","comparator",500,500,100,-0.0211717073279321,0.0211717073279321,-16.497302818353,0.0506158836749078,0.0548186550000183,95.2,0.213571470347535,0.00226361113276632,0.0016022178016611,0.955991631762538,1.76383877510781
8,"n150_emweak_imblow_corI0.5_corC0.25_bin",150,"weak","low",0.5,0.25,"binary","rd","spfa","index",500,500,100,-0.00897036967487762,0.00897036967487762,-8.96848903400753,0.0433984765824355,0.0442733378710123,95.4,0.181387857939221,0.00194083887516517,0.00137375477215704,0.936845771725528,1.94043197767452
8,"n150_emweak_imblow_corI0.5_corC0.25_bin",150,"weak","low",0.5,0.25,"binary","log_rr","relaxed","comparator",500,500,100,-0.0411909744743716,0.0411909744743716,-12.9688519223092,0.131089791206722,0.137283868936059,95.6,0.543563736438525,0.00586251368588968,0.00414957483379013,0.917213170424412,1.84579444538558
8,"n150_emweak_imblow_corI0.5_corC0.25_bin",150,"weak","low",0.5,0.25,"binary","log_rr","relaxed","index",500,500,100,-0.0701238063360329,0.0701238063360329,-21.1271790116764,0.149936626375887,0.16538856719912,93.6,0.605019366091929,0.00670536977786944,0.00474616097672808,1.09456840809517,2.02022045063658
8,"n150_emweak_imblow_corI0.5_corC0.25_bin",150,"weak","low",0.5,0.25,"binary","lor","relaxed","comparator",500,500,100,-0.0783418008229862,0.0783418008229862,-14.6420617469555,0.216136560300642,0.229693318207962,95,0.884944057145955,0.00966592082510434,0.00684168326937969,0.974679434480897,1.80655803256485
8,"n150_emweak_imblow_corI0.5_corC0.25_bin",150,"weak","low",0.5,0.25,"binary","lor","relaxed","index",500,500,100,-0.0975691362216626,0.0975691362216626,-20.5023823526184,0.217034711798211,0.237759530484318,94.2,0.86853743552733,0.00970608738115752,0.00687011375826016,1.04533248299285,2.03955802359798
8,"n150_emweak_imblow_corI0.5_corC0.25_bin",150,"weak","low",0.5,0.25,"binary","p_A","relaxed","comparator",500,500,100,-0.0227562165588665,0.0227562165588665,-4.82516808406034,0.0390962589117383,0.0452029403694707,91.2,0.151792528506,0.00174843785185157,0.00123757045138366,1.26693330526907,0.370734146332867
8,"n150_emweak_imblow_corI0.5_corC0.25_bin",150,"weak","low",0.5,0.25,"binary","p_A","relaxed","index",500,500,100,-0.00247497003778234,0.00247497003778234,-0.698908958301933,0.0334674524789029,0.0335254487123541,94,0.1286268074855,0.00149670997553141,0.00105939369709211,1.06207344378814,0.422657241869514
8,"n150_emweak_imblow_corI0.5_corC0.25_bin",150,"weak","low",0.5,0.25,"binary","p_B","relaxed","comparator",500,500,100,-0.00187513963339708,0.00187513963339708,-0.546240999862117,0.0343754231216652,0.034392186961702,96.8,0.1387235943955,0.00153731565710723,0.00108813500558261,0.787095928079926,0.44783056508737
8,"n150_emweak_imblow_corI0.5_corC0.25_bin",150,"weak","low",0.5,0.25,"binary","p_B","relaxed","index",500,500,100,0.0178778961419142,0.0178778961419142,7.03582386004562,0.0316347022786334,0.0363093934119303,93.8,0.12800033262,0.00141474689485983,0.00100137900321203,1.07848041243223,0.556771886343139
8,"n150_emweak_imblow_corI0.5_corC0.25_bin",150,"weak","low",0.5,0.25,"binary","rd","relaxed","comparator",500,500,100,-0.0208810769253322,0.0208810769253322,-16.2708393742081,0.0506677141079041,0.0547549284720208,94.8,0.205827067959705,0.00226592906019598,0.00160385846534975,0.992935043192656,1.76564493793284
8,"n150_emweak_imblow_corI0.5_corC0.25_bin",150,"weak","low",0.5,0.25,"binary","rd","relaxed","index",500,500,100,-0.0203528661756037,0.0203528661756037,-20.3485991907033,0.0458665715425273,0.05013755141466,94.2,0.181833492037242,0.00205121543727897,0.00145188095299481,1.04533248299285,2.05078539930678
8,"n150_emweak_imblow_corI0.5_corC0.25_bin",150,"weak","low",0.5,0.25,"binary","log_rr","naive","comparator",500,500,100,-0.287383220734636,0.287383220734636,-90.4817252377141,0.137191549900065,0.318391259115363,59.6,0.625372709400742,0.00613539263030198,0.00434272263029419,2.19446576642243,1.93170954372832
8,"n150_emweak_imblow_corI0.5_corC0.25_bin",150,"weak","low",0.5,0.25,"binary","log_rr","naive","index",500,500,100,-0.301681340259539,0.301681340259539,-90.8917529319947,0.137191549900065,0.331354054422223,56.2,0.625372709400742,0.00613539263030198,0.00434272263029419,2.21881049213312,1.84849547079853
8,"n150_emweak_imblow_corI0.5_corC0.25_bin",150,"weak","low",0.5,0.25,"binary","lor","naive","comparator",500,500,100,-0.489049466561382,0.489049466561382,-91.403215288439,0.210235984215036,0.532240689411022,47.6,0.954591585048134,0.00940203904042786,0.00665490379704777,2.23349054173059,1.75723859716075
8,"n150_emweak_imblow_corI0.5_corC0.25_bin",150,"weak","low",0.5,0.25,"binary","lor","naive","index",500,500,100,-0.429894928126559,0.429894928126559,-90.3346132723602,0.210235984215036,0.478456288441991,61.2,0.954591585048134,0.00940203904042786,0.00665490379704777,2.17924757657316,1.97566778559119
8,"n150_emweak_imblow_corI0.5_corC0.25_bin",150,"weak","low",0.5,0.25,"binary","p_A","naive","comparator",500,500,100,-0.11992166872308,0.11992166872308,-25.4278740498453,0.0334716462428189,0.124496253073448,8.6,0.152414796422545,0.00149689752635537,0.00105952644836927,1.25382614424808,0.317398199766409
8,"n150_emweak_imblow_corI0.5_corC0.25_bin",150,"weak","low",0.5,0.25,"binary","p_A","naive","index",500,500,100,-0.00242575591049568,0.00242575591049568,-0.685011337760848,0.0334716462428189,0.033526030062286,97.2,0.152414796422545,0.00149689752635537,0.00105952644836927,0.737780455149091,0.422710204511081
8,"n150_emweak_imblow_corI0.5_corC0.25_bin",150,"weak","low",0.5,0.25,"binary","p_B","naive","comparator",500,500,100,-0.00192064606472375,0.00192064606472375,-0.559497334539979,0.0343494971387522,0.0343688384890109,97.6,0.15132087468325,0.00153615621190369,0.00108731433293338,0.684455988358638,0.44749281076978
8,"n150_emweak_imblow_corI0.5_corC0.25_bin",150,"weak","low",0.5,0.25,"binary","p_B","naive","index",500,500,100,0.0872618801843875,0.0872618801843875,34.3418047515304,0.0343494971387522,0.0937665394002156,40.2,0.15132087468325,0.00153615621190369,0.00108731433293338,2.19269696948758,0.604552372531686
8,"n150_emweak_imblow_corI0.5_corC0.25_bin",150,"weak","low",0.5,0.25,"binary","rd","naive","comparator",500,500,100,-0.118001022658356,0.118001022658356,-91.9481161116338,0.0474678341558553,0.127172836082659,42.4,0.214802886690491,0.00212282607834358,0.00150256803534798,2.2100859711785,1.65413700948563
8,"n150_emweak_imblow_corI0.5_corC0.25_bin",150,"weak","low",0.5,0.25,"binary","rd","naive","index",500,500,100,-0.0896876360948832,0.0896876360948832,-89.6688330533035,0.0474678341558553,0.101452259497643,65.8,0.214802886690491,0.00212282607834358,0.00150256803534798,2.12149004239945,2.1223810271776
8,"n150_emweak_imblow_corI0.5_corC0.25_bin",150,"weak","low",0.5,0.25,"binary","log_rr","stc","comparator",500,500,100,-0.0417973872941156,0.0417973872941156,-13.1597791378802,0.129965168620682,0.13639715814161,96,0.565965912585758,0.00581221903486136,0.00411397552786719,0.876356092008266,1.8299593288341
8,"n150_emweak_imblow_corI0.5_corC0.25_bin",150,"weak","low",0.5,0.25,"binary","log_rr","stc","index",500,500,100,-0.0560955068190183,0.0560955068190183,-16.9006771913797,0.129965168620682,0.141435034732472,95.4,0.565965912585758,0.00581221903486136,0.00411397552786719,0.936845771725528,1.75112844582555
8,"n150_emweak_imblow_corI0.5_corC0.25_bin",150,"weak","low",0.5,0.25,"binary","lor","stc","comparator",500,500,100,-0.0791616006310664,0.0791616006310664,-14.7952821131451,0.214860379133218,0.228777646571294,95.4,0.92241939342433,0.00960884826826504,0.00680128646039135,0.936845771725528,1.7958911868641
8,"n150_emweak_imblow_corI0.5_corC0.25_bin",150,"weak","low",0.5,0.25,"binary","lor","stc","index",500,500,100,-0.0200070621962428,0.0200070621962428,-4.20412083968943,0.214860379133218,0.215575822146065,97,0.92241939342433,0.00960884826826504,0.00680128646039135,0.762889244910426,2.01912498965555
8,"n150_emweak_imblow_corI0.5_corC0.25_bin",150,"weak","low",0.5,0.25,"binary","p_A","stc","comparator",500,500,100,-0.0223448631407029,0.0223448631407029,-4.7379457912219,0.0391487396494062,0.04504277386309,92.4,0.153721663284947,0.00175078486179027,0.001239231700107,1.18510759005248,0.371231800124299
8,"n150_emweak_imblow_corI0.5_corC0.25_bin",150,"weak","low",0.5,0.25,"binary","p_A","stc","index",500,500,100,-0.00242575586320549,0.00242575586320549,-0.685011324406529,0.0334716462011678,0.033526030017364,94.4,0.129757248019753,0.00149689752449268,0.00105952644705083,1.02824121683582,0.422710203985074
8,"n150_emweak_imblow_corI0.5_corC0.25_bin",150,"weak","low",0.5,0.25,"binary","p_B","stc","comparator",500,500,100,-0.00192064606472375,0.00192064606472375,-0.559497334539979,0.0343494971387522,0.0343688384890109,97.6,0.15132087468325,0.00153615621190369,0.00108731433293338,0.684455988358638,0.44749281076978
8,"n150_emweak_imblow_corI0.5_corC0.25_bin",150,"weak","low",0.5,0.25,"binary","p_B","stc","index",500,500,100,0.0130026425905023,0.0130026425905023,5.11717386966016,0.0275331252906298,0.030424095000991,99.8,0.180351962070681,0.00123131879565734,0.000871545852273276,0.199799899899875,0.484583985332459
8,"n150_emweak_imblow_corI0.5_corC0.25_bin",150,"weak","low",0.5,0.25,"binary","rd","stc","comparator",500,500,100,-0.0204242170759792,0.0204242170759792,-15.9148475232164,0.0507379361324907,0.0546473981981344,95.6,0.215764386705098,0.00226906948460584,0.00160608130469765,0.917213170424412,1.7680920023885
8,"n150_emweak_imblow_corI0.5_corC0.25_bin",150,"weak","low",0.5,0.25,"binary","rd","stc","index",500,500,100,0.00788916948749376,0.00788916948749376,7.8875155205886,0.0507379361324907,0.0512974510269384,96,0.215764386705098,0.00226906948460584,0.00160608130469765,0.876356092008266,2.26859377346299
8,"n150_emweak_imblow_corI0.5_corC0.25_bin",150,"weak","low",0.5,0.25,"binary","log_rr","maic","comparator",500,500,100,-0.0422648892098768,0.0422648892098768,-13.3069706815684,0.129970695781823,0.13654639452732,96.6,0.595764351785143,0.00581246621702204,0.004114150487096,0.810481338464989,1.83003715337894
8,"n150_emweak_imblow_corI0.5_corC0.25_bin",150,"weak","low",0.5,0.25,"binary","log_rr","maic","index",500,500,100,-0.0565630087347795,0.0565630087347795,-17.0415280261911,0.129970695781823,0.141626166210972,96.2,0.595764351785143,0.00581246621702204,0.004114150487096,0.85505555375075,1.75120291784911
8,"n150_emweak_imblow_corI0.5_corC0.25_bin",150,"weak","low",0.5,0.25,"binary","lor","maic","comparator",500,500,100,-0.0800140652530575,0.0800140652530575,-14.9546075243709,0.214828757678657,0.22904441266668,96.4,0.982695271603524,0.00960743411382615,0.00680028550073733,0.83311463797007,1.79562688177542
8,"n150_emweak_imblow_corI0.5_corC0.25_bin",150,"weak","low",0.5,0.25,"binary","lor","maic","index",500,500,100,-0.0208595268182339,0.0208595268182339,-4.38325080126288,0.214828757678657,0.215625165958393,97.2,0.982695271603524,0.00960743411382615,0.00680028550073733,0.737780455149091,2.01882783077791
8,"n150_emweak_imblow_corI0.5_corC0.25_bin",150,"weak","low",0.5,0.25,"binary","p_A","maic","comparator",500,500,100,-0.0225547057280987,0.0225547057280987,-4.78244025948113,0.0391322974824434,0.0451330121233124,95,0.17494310714295,0.00175004954572975,0.00123871123240609,0.974679434480897,0.371075885648016
8,"n150_emweak_imblow_corI0.5_corC0.25_bin",150,"weak","low",0.5,0.25,"binary","p_A","maic","index",500,500,100,-0.00242575556654485,0.00242575556654485,-0.685011240632271,0.0334716459685624,0.0335260297641357,94.4,0.131618360050028,0.00149689751409024,0.00105952643968783,1.02824121683582,0.422710201047522
8,"n150_emweak_imblow_corI0.5_corC0.25_bin",150,"weak","low",0.5,0.25,"binary","p_B","maic","comparator",500,500,100,-0.00192064606472375,0.00192064606472375,-0.559497334539979,0.0343494971387522,0.0343688384890109,97.6,0.15132087468325,0.00153615621190369,0.00108731433293338,0.684455988358638,0.44749281076978
8,"n150_emweak_imblow_corI0.5_corC0.25_bin",150,"weak","low",0.5,0.25,"binary","p_B","maic","index",500,500,100,0.0131271825772887,0.0131271825772887,5.16618642704421,0.0275425857554024,0.0304860585260046,100,0.187893831045692,0.00123174188050394,0.000871845318052988,0,0.48475048984926
8,"n150_emweak_imblow_corI0.5_corC0.25_bin",150,"weak","low",0.5,0.25,"binary","rd","maic","comparator",500,500,100,-0.0206340596633749,0.0206340596633749,-16.0783599246885,0.0507271823746208,0.0547162220533949,96.2,0.231324998944955,0.00226858856193363,0.00160574090044027,0.85505555375075,1.76771726043534
8,"n150_emweak_imblow_corI0.5_corC0.25_bin",150,"weak","low",0.5,0.25,"binary","rd","maic","index",500,500,100,0.00767932690009802,0.00767932690009802,7.6777169267584,0.0507271823746208,0.0512549763363839,97,0.231324998944955,0.00226858856193363,0.00160574090044027,0.762889244910426,2.26811295161637
9,"n150_emstro_imblow_corI0.5_corC0.25_bin",150,"strong","low",0.5,0.25,"binary","log_rr","spfa","comparator",500,500,100,-0.0377301064822526,0.0377301064822526,-18.3876780900503,0.122125912385284,0.127704619862197,96.2,0.537420034610859,0.00546163683815355,0.00386582820769376,0.85505555375075,2.66171578582653
9,"n150_emstro_imblow_corI0.5_corC0.25_bin",150,"strong","low",0.5,0.25,"binary","log_rr","spfa","index",500,500,100,0.0389589528250907,0.0389589528250907,26.3285862951467,0.135941694630592,0.141283346702953,96.6,0.596707144736017,0.00607949740341044,0.00430315915304442,0.810481338464989,4.10854400361926
9,"n150_emstro_imblow_corI0.5_corC0.25_bin",150,"strong","low",0.5,0.25,"binary","lor","spfa","comparator",500,500,100,-0.0719882373837535,0.0719882373837535,-20.0854689407138,0.207745104447419,0.219667973739107,96,0.907462000189761,0.00929064351074447,0.00657605637573027,0.876356092008266,2.59218642456186
9,"n150_emstro_imblow_corI0.5_corC0.25_bin",150,"strong","low",0.5,0.25,"binary","lor","spfa","index",500,500,100,0.0533945274041404,0.0533945274041404,24.1958919957749,0.198852905449406,0.205704566323577,96.8,0.871439079599154,0.00889297228216423,0.00629457873479773,0.787095928079926,4.02987735488375
9,"n150_emstro_imblow_corI0.5_corC0.25_bin",150,"strong","low",0.5,0.25,"binary","p_A","spfa","comparator",500,500,100,-0.0203894242458332,0.0203894242458332,-4.32331969019813,0.0378265820145788,0.0429385284723221,93.8,0.151368977395,0.00169165617482138,0.00119737953147297,1.07848041243223,0.358694309435693
9,"n150_emstro_imblow_corI0.5_corC0.25_bin",150,"strong","low",0.5,0.25,"binary","p_A","spfa","index",500,500,100,-0.00161534246008901,0.00161534246008901,-0.456157973166131,0.0313336176761595,0.0313439202517131,96,0.1283042886925,0.00140128198209763,0.000991848336653129,0.876356092008266,0.39570924716029
9,"n150_emstro_imblow_corI0.5_corC0.25_bin",150,"strong","low",0.5,0.25,"binary","p_B","spfa","comparator",500,500,100,-0.00153662261299708,0.00153662261299708,-0.400030871516023,0.0358478301480738,0.0358449159788006,97.2,0.154033120392,0.00160316370113919,0.00113474323560295,0.737780455149091,0.417353595557676
9,"n150_emstro_imblow_corI0.5_corC0.25_bin",150,"strong","low",0.5,0.25,"binary","p_B","spfa","index",500,500,100,-0.0117029991562469,0.0117029991562469,-3.83187458497182,0.0316843955696595,0.0337469007468915,94.8,0.1352583413745,0.00141696924639504,0.00100295201685369,0.992935043192656,0.46395358749125
9,"n150_emstro_imblow_corI0.5_corC0.25_bin",150,"strong","low",0.5,0.25,"binary","rd","spfa","comparator",500,500,100,-0.018852801631026,0.018852801631026,-21.5487691801743,0.0495711372571237,0.0529887835584615,95.8,0.216025294681256,0.00221688865257802,0.00156914693166411,0.897061870775924,2.53390571902769
9,"n150_emstro_imblow_corI0.5_corC0.25_bin",150,"strong","low",0.5,0.25,"binary","rd","spfa","index",500,500,100,0.0100876567019023,0.0100876567019023,20.7107965482075,0.0425915123009035,0.0437283622374917,97,0.186607447233435,0.00190475033538677,0.00134821076416383,0.762889244910426,3.91061054485392
9,"n150_emstro_imblow_corI0.5_corC0.25_bin",150,"strong","low",0.5,0.25,"binary","log_rr","relaxed","comparator",500,500,100,-0.0369021211340228,0.0369021211340228,-17.9841613903641,0.122653265106964,0.12796680170539,95.8,0.527025250040112,0.00548522076882951,0.00388252126641537,0.897061870775924,2.67320935862022
9,"n150_emstro_imblow_corI0.5_corC0.25_bin",150,"strong","low",0.5,0.25,"binary","log_rr","relaxed","index",500,500,100,-0.0803768300648265,0.0803768300648265,-54.3189216607801,0.138754500369707,0.160233394026874,92.6,0.58764001098388,0.0062052899002137,0.00439219696292976,1.17067501895274,4.19355497971598
9,"n150_emstro_imblow_corI0.5_corC0.25_bin",150,"strong","low",0.5,0.25,"binary","lor","relaxed","comparator",500,500,100,-0.0705908243700943,0.0705908243700943,-19.695576137344,0.208334836269874,0.219771840054266,95.6,0.88983322784587,0.00931701711961456,0.00659472401038449,0.917213170424412,2.59954493646695
9,"n150_emstro_imblow_corI0.5_corC0.25_bin",150,"strong","low",0.5,0.25,"binary","lor","relaxed","index",500,500,100,-0.120874063322346,0.120874063322346,-54.7744483081825,0.209467725226883,0.241659913183705,92.8,0.886463353310325,0.00936768145399115,0.00663058498370824,1.15599307956406,4.24499325550763
9,"n150_emstro_imblow_corI0.5_corC0.25_bin",150,"strong","low",0.5,0.25,"binary","p_A","relaxed","comparator",500,500,100,-0.0212724191670465,0.0212724191670465,-4.51054760223722,0.037773205094404,0.0433183241859173,93.4,0.1514831179655,0.00168926908638257,0.00119568991458806,1.11035129576184,0.358188157504902
9,"n150_emstro_imblow_corI0.5_corC0.25_bin",150,"strong","low",0.5,0.25,"binary","p_A","relaxed","index",500,500,100,-0.00156237538090901,0.00156237538090901,-0.441200553250389,0.03132470398739,0.0313323414791917,96.2,0.1286541555115,0.00140088334981725,0.000991566178765365,0.85505555375075,0.39559667704123
9,"n150_emstro_imblow_corI0.5_corC0.25_bin",150,"strong","low",0.5,0.25,"binary","p_B","relaxed","comparator",500,500,100,-0.00276865792433042,0.00276865792433042,-0.720768152851428,0.0357609000122778,0.0358322445912995,96.8,0.1474920438815,0.00159927606728052,0.00113199151023611,0.787095928079926,0.41634152301139
9,"n150_emstro_imblow_corI0.5_corC0.25_bin",150,"strong","low",0.5,0.25,"binary","p_B","relaxed","index",500,500,100,0.0255165600097464,0.0255165600097464,8.35480345609221,0.0362545950420255,0.0443041951181705,92,0.148089337229,0.00162135478021392,0.00114761915333592,1.21326007104825,0.530874871695428
9,"n150_emstro_imblow_corI0.5_corC0.25_bin",150,"strong","low",0.5,0.25,"binary","rd","relaxed","comparator",500,500,100,-0.0185037612331918,0.0185037612331918,-21.1498156922689,0.0496957648145633,0.0529822506335692,95.4,0.211860144885965,0.00222246216638412,0.00157309194806232,0.936845771725528,2.54027625030896
9,"n150_emstro_imblow_corI0.5_corC0.25_bin",150,"strong","low",0.5,0.25,"binary","rd","relaxed","index",500,500,100,-0.0270789353911998,0.0270789353911998,-55.5953020807532,0.0463608791822663,0.0536498014743425,92.8,0.19655679824994,0.00207332154696405,0.00146752798792506,1.15599307956406,4.25670123469702
9,"n150_emstro_imblow_corI0.5_corC0.25_bin",150,"strong","low",0.5,0.25,"binary","log_rr","naive","comparator",500,500,100,-0.28330756795357,0.28330756795357,-138.069272676335,0.124053662009019,0.309227603062047,56.4,0.598325349858157,0.005547848422199,0.00392685005577869,2.21767445762447,2.70373079725531
9,"n150_emstro_imblow_corI0.5_corC0.25_bin",150,"strong","low",0.5,0.25,"binary","log_rr","naive","index",500,500,100,-0.226087295463888,0.226087295463888,-152.790525340396,0.124053662009019,0.257825517755531,73.4,0.598325349858157,0.005547848422199,0.00392685005577869,1.97607692157972,3.74925390299989
9,"n150_emstro_imblow_corI0.5_corC0.25_bin",150,"strong","low",0.5,0.25,"binary","lor","naive","comparator",500,500,100,-0.482558546942411,0.482558546942411,-134.638866833475,0.195783119253937,0.520689080884555,46.2,0.942590043360561,0.00875568726997503,0.00619740635070453,2.22960086114085,2.44292805473489
9,"n150_emstro_imblow_corI0.5_corC0.25_bin",150,"strong","low",0.5,0.25,"binary","lor","naive","index",500,500,100,-0.344825007459883,0.344825007459883,-156.258497706913,0.195783119253937,0.396432407220878,74.4,0.942590043360561,0.00875568726997503,0.00619740635070453,1.95173768729304,3.96766623533536
9,"n150_emstro_imblow_corI0.5_corC0.25_bin",150,"strong","low",0.5,0.25,"binary","p_A","naive","comparator",500,500,100,-0.11904166872308,0.11904166872308,-25.2412811729938,0.0313327534447967,0.123088166969579,8.6,0.152554090051359,0.00140124333249612,0.000991820979887354,1.25382614424808,0.297115937021976
9,"n150_emstro_imblow_corI0.5_corC0.25_bin",150,"strong","low",0.5,0.25,"binary","p_A","naive","index",500,500,100,-0.00154575591049568,0.00154575591049568,-0.436507366433259,0.0313327534447967,0.0313395487665408,98.8,0.152554090051359,0.00140124333249612,0.000991820979887354,0.486949689393063,0.395698332865443
9,"n150_emstro_imblow_corI0.5_corC0.25_bin",150,"strong","low",0.5,0.25,"binary","p_B","naive","comparator",500,500,100,-0.00273934020216374,0.00273934020216374,-0.713135833861716,0.0357760519934343,0.0358450837519964,97.2,0.155013923220454,0.00159995368447772,0.00113247113781893,0.737780455149091,0.416517927937138
9,"n150_emstro_imblow_corI0.5_corC0.25_bin",150,"strong","low",0.5,0.25,"binary","p_B","naive","index",500,500,100,0.0759748141455864,0.0759748141455864,24.8761839196606,0.0357760519934343,0.0839615294578466,52.4,0.155013923220454,0.00159995368447772,0.00113247113781893,2.23349054173059,0.52386758119261
9,"n150_emstro_imblow_corI0.5_corC0.25_bin",150,"strong","low",0.5,0.25,"binary","rd","naive","comparator",500,500,100,-0.116302328520916,0.116302328520916,-132.933665853123,0.0452304601168072,0.12477152941565,42.6,0.217509552895211,0.00202276766949548,0.00143174519765218,2.21144296783797,2.31202526118687
9,"n150_emstro_imblow_corI0.5_corC0.25_bin",150,"strong","low",0.5,0.25,"binary","rd","naive","index",500,500,100,-0.0775205700560821,0.0775205700560821,-159.156165021934,0.0452304601168072,0.0897281545288505,77.6,0.217509552895211,0.00202276766949548,0.00143174519765218,1.86453211289052,4.15290992796301
9,"n150_emstro_imblow_corI0.5_corC0.25_bin",150,"strong","low",0.5,0.25,"binary","log_rr","stc","comparator",500,500,100,-0.0373280863337573,0.0373280863337573,-18.1917545222299,0.121633678808405,0.127116278840146,96.6,0.535709294421164,0.00543962348337937,0.00385024682607616,0.810481338464989,2.65098762948114
9,"n150_emstro_imblow_corI0.5_corC0.25_bin",150,"strong","low",0.5,0.25,"binary","log_rr","stc","index",500,500,100,0.019892186155924,0.019892186155924,13.4432037266687,0.121633678808405,0.12312944971406,97.2,0.535709294421164,0.00543962348337937,0.00385024682607616,0.737780455149091,3.6761151393942
9,"n150_emstro_imblow_corI0.5_corC0.25_bin",150,"strong","low",0.5,0.25,"binary","lor","stc","comparator",500,500,100,-0.0710113271999902,0.0710113271999902,-19.8129008119896,0.207142880322543,0.21878063239987,96.4,0.909275425460568,0.0092637112291262,0.00655699330415251,0.83311463797007,2.58467203713405
9,"n150_emstro_imblow_corI0.5_corC0.25_bin",150,"strong","low",0.5,0.25,"binary","lor","stc","index",500,500,100,0.0667222122825382,0.0667222122825382,30.2353728105527,0.207142880322543,0.217426332661108,96.8,0.909275425460568,0.0092637112291262,0.00655699330415251,0.787095928079926,4.19787883285214
9,"n150_emstro_imblow_corI0.5_corC0.25_bin",150,"strong","low",0.5,0.25,"binary","p_A","stc","comparator",500,500,100,-0.020909446478558,0.020909446478558,-4.43358383159679,0.0378185942989367,0.0431809047454746,93.6,0.153431667759055,0.00169129895331817,0.00119712668475239,1.09456840809517,0.358618565131196
9,"n150_emstro_imblow_corI0.5_corC0.25_bin",150,"strong","low",0.5,0.25,"binary","p_A","stc","index",500,500,100,-0.00154575587548252,0.00154575587548252,-0.436507356545861,0.0313327534266033,0.0313395487466607,96.4,0.12959059351175,0.00140124333168249,0.00099182097931145,0.83311463797007,0.39569833263568
9,"n150_emstro_imblow_corI0.5_corC0.25_bin",150,"strong","low",0.5,0.25,"binary","p_B","stc","comparator",500,500,100,-0.00273934020216374,0.00273934020216374,-0.713135833861716,0.0357760519934343,0.0358450837519964,97.2,0.155013923220454,0.00159995368447772,0.00113247113781893,0.737780455149091,0.416517927937138
9,"n150_emstro_imblow_corI0.5_corC0.25_bin",150,"strong","low",0.5,0.25,"binary","p_B","stc","index",500,500,100,-0.00699901190348676,0.00699901190348676,-2.29166348513068,0.0299261465351691,0.030704547962422,99,0.193838391792264,0.00133833795914516,0.000947295616169123,0.44497190922574,0.438207603306025
9,"n150_emstro_imblow_corI0.5_corC0.25_bin",150,"strong","low",0.5,0.25,"binary","rd","stc","comparator",500,500,100,-0.0181701062763943,0.0181701062763943,-20.7684477772733,0.0497628070671063,0.0529295480366035,96.4,0.218165160123166,0.00222546038706513,0.00157521413348494,0.83311463797007,2.54370321923756
9,"n150_emstro_imblow_corI0.5_corC0.25_bin",150,"strong","low",0.5,0.25,"binary","rd","stc","index",500,500,100,0.0206116521884397,0.0206116521884397,42.3174328401452,0.0497628070671063,0.0538165820096452,95.8,0.218165160123166,0.00222546038706514,0.00157521413348494,0.897061870775924,4.56905490190892
9,"n150_emstro_imblow_corI0.5_corC0.25_bin",150,"strong","low",0.5,0.25,"binary","log_rr","maic","comparator",500,500,100,-0.0377962567433905,0.0377962567433905,-18.4199162632436,0.121630442022901,0.127251457837013,97.6,0.567156702229689,0.00543947872993106,0.00385014436742133,0.684455988358638,2.65091708423073
9,"n150_emstro_imblow_corI0.5_corC0.25_bin",150,"strong","low",0.5,0.25,"binary","log_rr","maic","index",500,500,100,0.0194240157462908,0.0194240157462908,13.1268126499833,0.121630442022901,0.123051488757938,98.2,0.567156702229689,0.00543947872993106,0.00385014436742133,0.5945754788082,3.67601731454576
9,"n150_emstro_imblow_corI0.5_corC0.25_bin",150,"strong","low",0.5,0.25,"binary","lor","maic","comparator",500,500,100,-0.071867767107126,0.071867767107126,-20.0518564772417,0.207097108363023,0.219016916736368,97.4,0.970956575798925,0.00926166424486719,0.00655554441809075,0.711674082709214,2.58410090717934
9,"n150_emstro_imblow_corI0.5_corC0.25_bin",150,"strong","low",0.5,0.25,"binary","lor","maic","index",500,500,100,0.0658657723754024,0.0658657723754024,29.8472744697418,0.207097108363023,0.217121472540947,97.8,0.970956575798925,0.00926166424486719,0.00655554441809075,0.655987804764693,4.19695123572831
9,"n150_emstro_imblow_corI0.5_corC0.25_bin",150,"strong","low",0.5,0.25,"binary","p_A","maic","comparator",500,500,100,-0.0211204835057224,0.0211204835057224,-4.47833156571132,0.0378000536174186,0.0432673224141298,96,0.174943716675382,0.0016904697888337,0.00119653978973395,0.876356092008266,0.358442751282854
9,"n150_emstro_imblow_corI0.5_corC0.25_bin",150,"strong","low",0.5,0.25,"binary","p_A","maic","index",500,500,100,-0.00154575560997924,0.00154575560997924,-0.436507281570157,0.0313327531602284,0.0313395484677808,96.4,0.131448409961673,0.00140124331976984,0.0009918209708795,0.83311463797007,0.395698329271657
9,"n150_emstro_imblow_corI0.5_corC0.25_bin",150,"strong","low",0.5,0.25,"binary","p_B","maic","comparator",500,500,100,-0.00273934020216374,0.00273934020216374,-0.713135833861716,0.0357760519934343,0.0358450837519964,97.2,0.155013923220454,0.00159995368447772,0.00113247113781893,0.737780455149091,0.416517927937138
9,"n150_emstro_imblow_corI0.5_corC0.25_bin",150,"strong","low",0.5,0.25,"binary","p_B","maic","index",500,500,100,-0.00685985741627433,0.00685985741627433,-2.24610058831978,0.0299343119525435,0.030681078041354,99.2,0.202569470420141,0.00133870312771143,0.000947554087939749,0.39839678713564,0.438327169250588
9,"n150_emstro_imblow_corI0.5_corC0.25_bin",150,"strong","low",0.5,0.25,"binary","rd","maic","comparator",500,500,100,-0.0183811433035587,0.0183811433035587,-21.0096632886778,0.0497491062704793,0.0529895278022741,97.4,0.233752260179239,0.00222484766881306,0.00157478044234574,0.711674082709214,2.54300288172566
9,"n150_emstro_imblow_corI0.5_corC0.25_bin",150,"strong","low",0.5,0.25,"binary","rd","maic","index",500,500,100,0.0204006151612753,0.0204006151612753,41.8841563059708,0.0497491062704793,0.0537234467111007,97.6,0.233752260179239,0.00222484766881306,0.00157478044234574,0.684455988358638,4.56779694047792
10,"n150_emnone_imbhig_corI0.5_corC0.25_bin",150,"none","high",0.5,0.25,"binary","log_rr","spfa","comparator",500,500,100,-0.112550567274474,0.112550567274474,-37.2734880126501,0.15648387875856,0.192628814294505,90.6,0.637894178550152,0.00699817180573951,0.0049534106295616,1.30509769749241,2.31759180987138
10,"n150_emnone_imbhig_corI0.5_corC0.25_bin",150,"none","high",0.5,0.25,"binary","log_rr","spfa","index",500,500,100,-0.188105156043753,0.188105156043753,-40.428890138174,0.223155619410614,0.291688846793686,87.2,0.89600314333027,0.00997982269126408,0.00706386770320562,1.49409504383088,2.14493405534149
10,"n150_emnone_imbhig_corI0.5_corC0.25_bin",150,"none","high",0.5,0.25,"binary","lor","spfa","comparator",500,500,100,-0.235017114252125,0.235017114252125,-37.2947535767495,0.319844311569279,0.396646980156582,89.4,1.2723503566414,0.0143038724577106,0.0101244947741648,1.37669168661687,2.26987468636552
10,"n150_emnone_imbhig_corI0.5_corC0.25_bin",150,"none","high",0.5,0.25,"binary","lor","spfa","index",500,500,100,-0.229311168046852,0.229311168046852,-40.0021829667602,0.280004904165614,0.361703680732022,88.4,1.12599070999747,0.0125221999949525,0.00886340036831083,1.43208938268531,2.1844349737127
10,"n150_emnone_imbhig_corI0.5_corC0.25_bin",150,"none","high",0.5,0.25,"binary","p_A","spfa","comparator",500,500,100,-0.0607337941072687,0.0607337941072687,-10.148116091058,0.0652771192975403,0.0891132641408777,87.8,0.261957771198,0.00291928152249327,0.00206631110604362,1.46366662871024,0.487787865523727
10,"n150_emnone_imbhig_corI0.5_corC0.25_bin",150,"none","high",0.5,0.25,"binary","p_A","spfa","index",500,500,100,0.000237072782568432,0.000237072782568432,0.101063939865748,0.0272638966498625,0.0272376508516713,97.4,0.1173113912035,0.00121927852481243,0.000863023568562396,0.711674082709214,0.519777471611158
10,"n150_emnone_imbhig_corI0.5_corC0.25_bin",150,"none","high",0.5,0.25,"binary","p_B","spfa","comparator",500,500,100,-0.00121088353564354,0.00121088353564354,-0.273650607878471,0.0387889439357246,0.0387690501075584,95.8,0.1572022418195,0.00173469430831417,0.00122784256579642,0.897061870775924,0.392027918441561
10,"n150_emnone_imbhig_corI0.5_corC0.25_bin",150,"none","high",0.5,0.25,"binary","p_B","spfa","index",500,500,100,0.0342292232949807,0.0342292232949807,23.2368656899297,0.0343549147562107,0.0484720473566811,88.2,0.13723165096145,0.00153639849512195,0.00108748582461749,1.44274737913468,1.04300016303888
10,"n150_emnone_imbhig_corI0.5_corC0.25_bin",150,"none","high",0.5,0.25,"binary","rd","spfa","comparator",500,500,100,-0.059522910574949,0.059522910574949,-38.1603497140566,0.077043351584229,0.0972973974502803,89,0.306234318059732,0.00344548342713504,0.00243876468107738,1.39928553197694,2.20891168196326
10,"n150_emnone_imbhig_corI0.5_corC0.25_bin",150,"none","high",0.5,0.25,"binary","rd","spfa","index",500,500,100,-0.0339921505169383,0.0339921505169383,-38.9499569864983,0.0448787757811558,0.0562631549359811,89.6,0.182670420333797,0.00200703986787271,0.00142061282452668,1.3651666564929,2.29976966255416
10,"n150_emnone_imbhig_corI0.5_corC0.25_bin",150,"none","high",0.5,0.25,"binary","log_rr","relaxed","comparator",500,500,100,-0.114600529073908,0.114600529073908,-37.9523759863667,0.157378374651164,0.194555128861323,88.4,0.629387221809606,0.00703817487816864,0.00498172540228882,1.43208938268531,2.33083966882726
10,"n150_emnone_imbhig_corI0.5_corC0.25_bin",150,"none","high",0.5,0.25,"binary","log_rr","relaxed","index",500,500,100,-0.25692347987631,0.25692347987631,-55.2198108775957,0.281902684948282,0.381208420742828,79,0.989467968431359,0.0126070713316813,0.00892347356930778,1.8215378118502,2.70960090915377
10,"n150_emnone_imbhig_corI0.5_corC0.25_bin",150,"none","high",0.5,0.25,"binary","lor","relaxed","comparator",500,500,100,-0.239145958088279,0.239145958088279,-37.9499578324747,0.320675565392711,0.399772362568269,87.8,1.25695875074694,0.0143410472588256,0.0101508076541721,1.46366662871024,2.27577393779348
10,"n150_emnone_imbhig_corI0.5_corC0.25_bin",150,"none","high",0.5,0.25,"binary","lor","relaxed","index",500,500,100,-0.320690389289898,0.320690389289898,-55.9428297248697,0.356270968502744,0.479079816705728,80.8,1.2621551212477,0.0159329220796364,0.0112775604515054,1.76145394489893,2.77941833210028
10,"n150_emnone_imbhig_corI0.5_corC0.25_bin",150,"none","high",0.5,0.25,"binary","p_A","relaxed","comparator",500,500,100,-0.0624885451541754,0.0624885451541754,-10.4413205186204,0.0651918310694087,0.0902568178255325,87.8,0.2629778683015,0.00291546731697761,0.00206361135435575,1.46366662871024,0.487150543239866
10,"n150_emnone_imbhig_corI0.5_corC0.25_bin",150,"none","high",0.5,0.25,"binary","p_A","relaxed","index",500,500,100,0.000252505509519097,0.000252505509519097,0.107642899169338,0.0272543184382091,0.0272282213303877,97,0.1174421466365,0.00121885017416523,0.000862720375570296,0.762889244910426,0.519594866068756
10,"n150_emnone_imbhig_corI0.5_corC0.25_bin",150,"none","high",0.5,0.25,"binary","p_B","relaxed","comparator",500,500,100,-0.00202073786734354,0.00202073786734354,-0.456671619923974,0.0387495788742721,0.038763516155479,93.2,0.1475218571085,0.00173293384924724,0.00122659648654929,1.12584190719657,0.391630067880688
10,"n150_emnone_imbhig_corI0.5_corC0.25_bin",150,"none","high",0.5,0.25,"binary","p_B","relaxed","index",500,500,100,0.0510736188990134,0.0510736188990134,34.6718595519244,0.0495515342379886,0.0711263550569656,75.8,0.1712027199264,0.00221601197891101,0.00156852640893598,1.91539029965174,1.5043628737197
10,"n150_emnone_imbhig_corI0.5_corC0.25_bin",150,"none","high",0.5,0.25,"binary","rd","relaxed","comparator",500,500,100,-0.0604678072838266,0.0604678072838266,-38.7661263554563,0.0772684122482422,0.0980552009534199,87.6,0.302467551782466,0.00345554844601094,0.00244588885191378,1.47393351274744,2.2153644013695
10,"n150_emnone_imbhig_corI0.5_corC0.25_bin",150,"none","high",0.5,0.25,"binary","rd","relaxed","index",500,500,100,-0.0508211133872113,0.0508211133872113,-58.2334494974497,0.0579574521714215,0.0770398188964252,83.4,0.211710428948917,0.00259193605715983,0.00183461109173537,1.66399519230075,2.96997384404447
10,"n150_emnone_imbhig_corI0.5_corC0.25_bin",150,"none","high",0.5,0.25,"binary","log_rr","naive","comparator",500,500,100,-0.9338237156933,0.9338237156933,-309.25536774897,0.148616402434759,0.945552427628287,0,0.685597464766864,0.00664632756831172,0.00470437001809855,0,2.20107118910806
10,"n150_emnone_imbhig_corI0.5_corC0.25_bin",150,"none","high",0.5,0.25,"binary","log_rr","naive","index",500,500,100,-1.09713904535926,1.09713904535926,-235.804880972073,0.148616402434759,1.10713899138922,0,0.685597464766864,0.00664632756831172,0.00470437001809855,0,1.42847571397294
10,"n150_emnone_imbhig_corI0.5_corC0.25_bin",150,"none","high",0.5,0.25,"binary","lor","naive","comparator",500,500,100,-1.57683254137774,1.57683254137774,-250.226802629335,0.22296369332079,1.59248681202387,0,0.997012637783026,0.00997123949559403,0.00705779238898816,0,1.58233123160548
10,"n150_emnone_imbhig_corI0.5_corC0.25_bin",150,"none","high",0.5,0.25,"binary","lor","naive","index",500,500,100,-1.51991784946899,1.51991784946899,-265.142044440159,0.22296369332079,1.53615222294427,0,0.997012637783026,0.00997123949559403,0.00705779238898816,0,1.73943271104285
10,"n150_emnone_imbhig_corI0.5_corC0.25_bin",150,"none","high",0.5,0.25,"binary","p_A","naive","comparator",500,500,100,-0.363606917615489,0.363606917615489,-60.7557170717268,0.0272392600470195,0.364623756591874,0,0.135286873751305,0.00121817674243859,0.000862243710526111,0,0.203547286702678
10,"n150_emnone_imbhig_corI0.5_corC0.25_bin",150,"none","high",0.5,0.25,"binary","p_A","naive","index",500,500,100,0.000289642573448435,0.000289642573448435,0.123474400175413,0.0272392600470195,0.0272135485770174,98.2,0.135286873751305,0.00121817674243859,0.000862243710526111,0.5945754788082,0.51930778265586
10,"n150_emnone_imbhig_corI0.5_corC0.25_bin",150,"none","high",0.5,0.25,"binary","p_B","naive","comparator",500,500,100,-0.00199921036359021,0.00199921036359021,-0.451806565346223,0.0387401945272696,0.0387530374131442,96,0.158401938057338,0.0017325141684908,0.00122629943023549,0.876356092008266,0.391535223173716
10,"n150_emnone_imbhig_corI0.5_corC0.25_bin",150,"none","high",0.5,0.25,"binary","p_B","naive","index",500,500,100,0.293187652129457,0.293187652129457,199.033499409759,0.0387401945272696,0.295730959535606,0,0.158401938057338,0.0017325141684908,0.00122629943023549,0,1.17613533594332
10,"n150_emnone_imbhig_corI0.5_corC0.25_bin",150,"none","high",0.5,0.25,"binary","rd","naive","comparator",500,500,100,-0.361607707251899,0.361607707251899,-231.827987488202,0.0480201026708716,0.364775893315299,0,0.208356918889671,0.00214752427717176,0.00152004978972649,0,1.37678545361306
10,"n150_emnone_imbhig_corI0.5_corC0.25_bin",150,"none","high",0.5,0.25,"binary","rd","naive","index",500,500,100,-0.292898009556009,0.292898009556009,-335.617626426805,0.0480201026708716,0.296800543129341,0,0.208356918889671,0.00214752427717176,0.00152004978972649,0,2.46074393503348
10,"n150_emnone_imbhig_corI0.5_corC0.25_bin",150,"none","high",0.5,0.25,"binary","log_rr","stc","comparator",500,500,100,-0.107589791535169,0.107589791535169,-35.6306227696746,0.154389911935765,0.188053544662948,93.6,0.632466488082383,0.00690452676257152,0.00488712726797655,1.09456840809517,2.28657928387092
10,"n150_emnone_imbhig_corI0.5_corC0.25_bin",150,"none","high",0.5,0.25,"binary","log_rr","stc","index",500,500,100,-0.270905121201128,0.270905121201128,-58.2248440885989,0.154389911935765,0.311734112844128,65,0.632466488082383,0.00690452676257152,0.00488712726797655,2.13307290077015,1.4839697104058
10,"n150_emnone_imbhig_corI0.5_corC0.25_bin",150,"none","high",0.5,0.25,"binary","lor","stc","comparator",500,500,100,-0.238656306212506,0.238656306212506,-37.8722552102489,0.316669759836042,0.396277692806478,90.8,1.28216556120318,0.0141619021882385,0.0100240060949203,1.292563344676,2.24734549213199
10,"n150_emnone_imbhig_corI0.5_corC0.25_bin",150,"none","high",0.5,0.25,"binary","lor","stc","index",500,500,100,-0.181741614303757,0.181741614303757,-31.70391294055,0.316669759836042,0.364841323989982,94.2,1.28216556120318,0.0141619021882385,0.0100240060949203,1.04533248299285,2.4704727960547
10,"n150_emnone_imbhig_corI0.5_corC0.25_bin",150,"none","high",0.5,0.25,"binary","p_A","stc","comparator",500,500,100,-0.0614850714656019,0.0614850714656019,-10.273648341447,0.0653922497274568,0.0897106908060539,90.2,0.270696623728468,0.00292443031184471,0.00206995549612303,1.32963152790538,0.488648185759518
10,"n150_emnone_imbhig_corI0.5_corC0.25_bin",150,"none","high",0.5,0.25,"binary","p_A","stc","index",500,500,100,0.000289642676870216,0.000289642676870216,0.123474444264037,0.0272392599506049,0.0272135484818055,97,0.118399829505145,0.0012181767381268,0.000862243707474162,0.762889244910426,0.519307780817747
10,"n150_emnone_imbhig_corI0.5_corC0.25_bin",150,"none","high",0.5,0.25,"binary","p_B","stc","comparator",500,500,100,-0.00199921036359021,0.00199921036359021,-0.451806565346223,0.0387401945272696,0.0387530374131442,96,0.158401938057338,0.0017325141684908,0.00122629943023549,0.876356092008266,0.391535223173716
10,"n150_emnone_imbhig_corI0.5_corC0.25_bin",150,"none","high",0.5,0.25,"binary","p_B","stc","index",500,500,100,0.0465326393654451,0.0465326393654451,31.5891681740655,0.0266422589693677,0.0536066867972592,96.4,0.157912261552615,0.00119147804259319,0.000843345971619327,0.83311463797007,0.808847311831882
10,"n150_emnone_imbhig_corI0.5_corC0.25_bin",150,"none","high",0.5,0.25,"binary","rd","stc","comparator",500,500,100,-0.0594858611020117,0.0594858611020117,-38.1365971651582,0.0774119910438128,0.0975663814830726,91,0.313765354920359,0.00346196948495141,0.00245043375927294,1.27984374046209,2.21948095227619
10,"n150_emnone_imbhig_corI0.5_corC0.25_bin",150,"none","high",0.5,0.25,"binary","rd","stc","index",500,500,100,0.00922383659387785,0.00922383659387785,10.5691470859723,0.0774119910438128,0.0778826699989361,94.6,0.313765354920359,0.00346196948495141,0.00245043375927294,1.01078187557949,3.96690296073602
10,"n150_emnone_imbhig_corI0.5_corC0.25_bin",150,"none","high",0.5,0.25,"binary","log_rr","maic","comparator",500,500,100,-0.108011485445915,0.108011485445915,-35.7702755791435,0.15437654032722,0.188284181383429,95.2,0.65774933407024,0.00690392876605804,0.00488670399710403,0.955991631762538,2.28638124474578
10,"n150_emnone_imbhig_corI0.5_corC0.25_bin",150,"none","high",0.5,0.25,"binary","log_rr","maic","index",500,500,100,-0.271326815111874,0.271326815111874,-58.3154775254916,0.15437654032722,0.312094044431719,68.6,0.65774933407024,0.00690392876605804,0.00488670399710403,2.07559148196364,1.48384118476697
10,"n150_emnone_imbhig_corI0.5_corC0.25_bin",150,"none","high",0.5,0.25,"binary","lor","maic","comparator",500,500,100,-0.239591285737271,0.239591285737271,-38.0206266643295,0.316518348862743,0.396720911520558,92.8,1.34163266471828,0.0141551308836617,0.0100192132643072,1.15599307956406,2.24627095704383
10,"n150_emnone_imbhig_corI0.5_corC0.25_bin",150,"none","high",0.5,0.25,"binary","lor","maic","index",500,500,100,-0.182676593828522,0.182676593828522,-31.8670154284854,0.316518348862743,0.365176991839922,94.6,1.34163266471828,0.0141551308836617,0.0100192132643072,1.01078187557949,2.46929157593834
10,"n150_emnone_imbhig_corI0.5_corC0.25_bin",150,"none","high",0.5,0.25,"binary","p_A","maic","comparator",500,500,100,-0.061712525339261,0.061712525339261,-10.311654007801,0.0653561984999235,0.0898405565473947,91.4,0.287356190718758,0.00292281805193598,0.0020688143144557,1.25382614424808,0.488378790425943
10,"n150_emnone_imbhig_corI0.5_corC0.25_bin",150,"none","high",0.5,0.25,"binary","p_A","maic","index",500,500,100,0.000289643552539198,0.000289643552539198,0.123474817561031,0.0272392596724323,0.027213548213247,97.4,0.120414926989718,0.00121817672568655,0.000862243698668761,0.711674082709214,0.519307775514475
10,"n150_emnone_imbhig_corI0.5_corC0.25_bin",150,"none","high",0.5,0.25,"binary","p_B","maic","comparator",500,500,100,-0.00199921036359021,0.00199921036359021,-0.451806565346223,0.0387401945272696,0.0387530374131442,96,0.158401938057338,0.0017325141684908,0.00122629943023549,0.876356092008266,0.391535223173716
10,"n150_emnone_imbhig_corI0.5_corC0.25_bin",150,"none","high",0.5,0.25,"binary","p_B","maic","index",500,500,100,0.046613701064929,0.046613701064929,31.6441977552883,0.0266480177081999,0.0536799193465447,97.6,0.162846748723998,0.00119173558122306,0.000843528261311854,0.684455988358638,0.809022144620248
10,"n150_emnone_imbhig_corI0.5_corC0.25_bin",150,"none","high",0.5,0.25,"binary","rd","maic","comparator",500,500,100,-0.0597133149756708,0.0597133149756708,-38.2824186526965,0.0773807979538399,0.097680562557618,93,0.328195769565951,0.00346057448755925,0.00244944635926301,1.14105214604767,2.21858661448557
10,"n150_emnone_imbhig_corI0.5_corC0.25_bin",150,"none","high",0.5,0.25,"binary","rd","maic","index",500,500,100,0.00899638272021871,0.00899638272021871,10.3085187214615,0.0773807979538399,0.0778251066060157,96.4,0.328195769565951,0.00346057448755925,0.00244944635926301,0.83311463797007,3.96530450086825
11,"n150_emweak_imbhig_corI0.5_corC0.25_bin",150,"weak","high",0.5,0.25,"binary","log_rr","spfa","comparator",500,500,100,-0.121048412940244,0.121048412940244,-41.7948299620198,0.157671318892424,0.198653574312233,89.2,0.644911898247384,0.00705127574291015,0.00499099839021601,1.38806339912844,2.43461986433253
11,"n150_emweak_imbhig_corI0.5_corC0.25_bin",150,"weak","high",0.5,0.25,"binary","log_rr","spfa","index",500,500,100,-0.12575844780393,0.12575844780393,-33.7036037663735,0.222952751234204,0.255780571229304,92.6,0.901097189237357,0.00997075015060562,0.00705744602328946,1.17067501895274,2.67218797780852
11,"n150_emweak_imbhig_corI0.5_corC0.25_bin",150,"weak","high",0.5,0.25,"binary","lor","spfa","comparator",500,500,100,-0.253845947663296,0.253845947663296,-41.7558264824783,0.316719381097488,0.405645546228634,87,1.27712585575755,0.0141641213185129,0.0100255768285054,1.50399468084166,2.32989573990396
11,"n150_emweak_imbhig_corI0.5_corC0.25_bin",150,"weak","high",0.5,0.25,"binary","lor","spfa","index",500,500,100,-0.15751768432332,0.15751768432332,-33.9267192454414,0.279798184007674,0.32084617903448,93,1.13245723128724,0.0125129551884431,0.0088568567560499,1.14105214604767,2.69508480544776
11,"n150_emweak_imbhig_corI0.5_corC0.25_bin",150,"weak","high",0.5,0.25,"binary","p_A","spfa","comparator",500,500,100,-0.0669603482931154,0.0669603482931154,-11.1885219417715,0.0654363028985834,0.0935790262884607,85.4,0.2639149601455,0.00292640042954998,0.00207134997488887,1.5791390059143,0.488977376179449
11,"n150_emweak_imbhig_corI0.5_corC0.25_bin",150,"weak","high",0.5,0.25,"binary","p_A","spfa","index",500,500,100,-0.0032520478458649,0.0032520478458649,-1.38634542681067,0.0299851585138615,0.0301311686934144,93.6,0.1167502641715,0.00134097705506202,0.000949163607714614,1.09456840809517,0.57165745888614
11,"n150_emweak_imbhig_corI0.5_corC0.25_bin",150,"weak","high",0.5,0.25,"binary","p_B","spfa","comparator",500,500,100,-0.00308743021304406,0.00308743021304406,-0.689183458330958,0.0370017737575498,0.0370934660553972,97.2,0.1576969432365,0.00165476962819898,0.00117127068230506,0.737780455149091,0.369381581577122
11,"n150_emweak_imbhig_corI0.5_corC0.25_bin",150,"weak","high",0.5,0.25,"binary","p_B","spfa","index",500,500,100,0.0223740565512719,0.0223740565512719,13.8518508067414,0.0345097133986474,0.0410991105107956,93.2,0.139214034558,0.00154332130086822,0.00109238589002341,1.12584190719657,0.955475211100121
11,"n150_emweak_imbhig_corI0.5_corC0.25_bin",150,"weak","high",0.5,0.25,"binary","rd","spfa","comparator",500,500,100,-0.0638729180746431,0.0638729180746431,-42.4433567861189,0.076512509993749,0.0996102681481309,86.6,0.307534202829898,0.0034217434695031,0.00242196118414366,1.52344346793703,2.27373796727078
11,"n150_emweak_imbhig_corI0.5_corC0.25_bin",150,"weak","high",0.5,0.25,"binary","rd","spfa","index",500,500,100,-0.0256261043979765,0.0256261043979765,-35.0787487942302,0.0449108934115848,0.0516686713294301,92.2,0.183997388561027,0.00200847621197102,0.00142162949035338,1.19929979571415,2.74933838576267
11,"n150_emweak_imbhig_corI0.5_corC0.25_bin",150,"weak","high",0.5,0.25,"binary","log_rr","relaxed","comparator",500,500,100,-0.123413423115336,0.123413423115336,-42.6114057082482,0.158781086301584,0.200977320873331,88.2,0.637640981043356,0.00710090605023206,0.00502612746373135,1.44274737913468,2.45175590275797
11,"n150_emweak_imbhig_corI0.5_corC0.25_bin",150,"weak","high",0.5,0.25,"binary","log_rr","relaxed","index",500,500,100,-0.280302823572094,0.280302823572094,-75.1219139965749,0.273470578496496,0.391415709816418,78,0.997692047239117,0.0122299760672872,0.00865655990344503,1.85256578830551,3.27766662710986
11,"n150_emweak_imbhig_corI0.5_corC0.25_bin",150,"weak","high",0.5,0.25,"binary","lor","relaxed","comparator",500,500,100,-0.258432069544291,0.258432069544291,-42.5102104356323,0.317850333986965,0.409406780250327,86.2,1.26461027790796,0.0142146990693173,0.0100613765166823,1.542439626047,2.33821541491119
11,"n150_emweak_imbhig_corI0.5_corC0.25_bin",150,"weak","high",0.5,0.25,"binary","lor","relaxed","index",500,500,100,-0.357432994049232,0.357432994049232,-76.9851898868379,0.350938512561498,0.500669421030162,78.4,1.2905962289433,0.0156944474002035,0.0111087645081112,1.84034779321736,3.380325916715
11,"n150_emweak_imbhig_corI0.5_corC0.25_bin",150,"weak","high",0.5,0.25,"binary","p_A","relaxed","comparator",500,500,100,-0.0687599322300287,0.0687599322300287,-11.4892175754931,0.0655251060156535,0.0949361928855589,84.6,0.264511643493,0.00293037182567763,0.00207416098844197,1.6142118820031,0.489640963718139
11,"n150_emweak_imbhig_corI0.5_corC0.25_bin",150,"weak","high",0.5,0.25,"binary","p_A","relaxed","index",500,500,100,-0.00327917911456557,0.00327917911456557,-1.39791146521769,0.0299826817000494,0.0301316493937525,93.8,0.116757120456,0.00134086628858099,0.000949085205543336,1.07848041243223,0.571610239222807
11,"n150_emweak_imbhig_corI0.5_corC0.25_bin",150,"weak","high",0.5,0.25,"binary","p_B","relaxed","comparator",500,500,100,-0.00383855529713073,0.00383855529713073,-0.856851372217047,0.0369053345063394,0.0370676977213838,96,0.1484436052875,0.00165045673377087,0.00116821795114935,0.876356092008266,0.368418847104671
11,"n150_emweak_imbhig_corI0.5_corC0.25_bin",150,"weak","high",0.5,0.25,"binary","p_B","relaxed","index",500,500,100,0.0567082104149006,0.0567082104149006,35.1082365589107,0.0510607256364527,0.0762745333356862,75.6,0.18629141533865,0.00228350507007149,0.001616299027908,1.92074985357282,1.41372537763026
11,"n150_emweak_imbhig_corI0.5_corC0.25_bin",150,"weak","high",0.5,0.25,"binary","rd","relaxed","comparator",500,500,100,-0.0649213769364047,0.0649213769364047,-43.1400544615454,0.0768036540989663,0.100507655746746,85.8,0.304532685797005,0.00343476382971338,0.00243117718976007,1.56099967969247,2.28238995641652
11,"n150_emweak_imbhig_corI0.5_corC0.25_bin",150,"weak","high",0.5,0.25,"binary","rd","relaxed","index",500,500,100,-0.0599873895294344,0.0599873895294344,-82.1148051004905,0.0593922777356485,0.0843734239667637,80.8,0.22372166040554,0.00265610340710915,0.00188002970135697,1.76145394489893,3.63585439060483
11,"n150_emweak_imbhig_corI0.5_corC0.25_bin",150,"weak","high",0.5,0.25,"binary","log_rr","naive","comparator",500,500,100,-0.946911961948943,0.946911961948943,-326.943769665081,0.158305281423214,0.96002744996392,0,0.689821275633143,0.00707962740919084,0.0050110661234782,0,2.44440894824168
11,"n150_emweak_imbhig_corI0.5_corC0.25_bin",150,"weak","high",0.5,0.25,"binary","log_rr","naive","index",500,500,100,-1.03041720187817,1.03041720187817,-276.154593926787,0.158305281423214,1.04248263819052,0,0.689821275633143,0.00707962740919084,0.0050110661234782,0,1.89735927231657
11,"n150_emweak_imbhig_corI0.5_corC0.25_bin",150,"weak","high",0.5,0.25,"binary","lor","naive","comparator",500,500,100,-1.59081804708987,1.59081804708987,-261.678088427031,0.231144465686871,1.60748964769184,0,1.00028459058878,0.0103370947579742,0.00731675021338295,0,1.70037748886751
11,"n150_emweak_imbhig_corI0.5_corC0.25_bin",150,"weak","high",0.5,0.25,"binary","lor","naive","index",500,500,100,-1.44717663598973,1.44717663598973,-311.698052435862,0.231144465686871,1.46548323915499,0,1.00028459058878,0.0103370947579742,0.00731675021338295,0,2.22644024494077
11,"n150_emweak_imbhig_corI0.5_corC0.25_bin",150,"weak","high",0.5,0.25,"binary","p_A","naive","comparator",500,500,100,-0.367140250948822,0.367140250948822,-61.3461079304263,0.0299855231157702,0.368360281789578,0,0.134484214795507,0.00134099336055507,0.000949175148986367,0,0.224068930655233
11,"n150_emweak_imbhig_corI0.5_corC0.25_bin",150,"weak","high",0.5,0.25,"binary","p_A","naive","index",500,500,100,-0.0032436907598849,0.0032436907598849,-1.38278280766146,0.0299855231157702,0.0301306299814507,96,0.134484214795507,0.00134099336055507,0.000949175148986367,0.876356092008266,0.571664409904941
11,"n150_emweak_imbhig_corI0.5_corC0.25_bin",150,"weak","high",0.5,0.25,"binary","p_B","naive","comparator",500,500,100,-0.0038371286091374,0.0038371286091374,-0.856532903556264,0.0369049257836157,0.037067143887317,97.4,0.15858350476036,0.00165043845513499,0.0011682050132576,0.711674082709214,0.368414766904434
11,"n150_emweak_imbhig_corI0.5_corC0.25_bin",150,"weak","high",0.5,0.25,"binary","p_B","naive","index",500,500,100,0.282622716810211,0.282622716810211,174.972638460968,0.0369049257836157,0.285017279576493,0,0.15858350476036,0.00165043845513499,0.0011682050132576,0,1.0217917879062
11,"n150_emweak_imbhig_corI0.5_corC0.25_bin",150,"weak","high",0.5,0.25,"binary","rd","naive","comparator",500,500,100,-0.363303122339685,0.363303122339685,-241.413802716111,0.0484191949217844,0.366509056234309,0,0.207985989113835,0.00216537222521845,0.00153268283418787,0,1.43888315580472
11,"n150_emweak_imbhig_corI0.5_corC0.25_bin",150,"weak","high",0.5,0.25,"binary","rd","naive","index",500,500,100,-0.285866407570096,0.285866407570096,-391.313316457582,0.0484191949217844,0.289929875275095,0,0.207985989113835,0.00216537222521845,0.00153268283418787,0,2.96410828406829
11,"n150_emweak_imbhig_corI0.5_corC0.25_bin",150,"weak","high",0.5,0.25,"binary","log_rr","stc","comparator",500,500,100,-0.115975277251159,0.115975277251159,-40.0432097767621,0.15574332186006,0.194056010658989,93.2,0.63797071057888,0.00696505309441447,0.00492996871054779,1.12584190719657,2.40484945392219
11,"n150_emweak_imbhig_corI0.5_corC0.25_bin",150,"weak","high",0.5,0.25,"binary","log_rr","stc","index",500,500,100,-0.199480517180388,0.199480517180388,-53.4613175302644,0.15574332186006,0.252982108209164,81,0.63797071057888,0.00696505309441447,0.00492996871054779,1.75442298206561,1.86665304641716
11,"n150_emweak_imbhig_corI0.5_corC0.25_bin",150,"weak","high",0.5,0.25,"binary","lor","stc","comparator",500,500,100,-0.257290686968785,0.257290686968785,-42.3224612388786,0.313674069959421,0.405454235298445,89.2,1.28528233032852,0.0140279308641658,0.00992917918881691,1.38806339912844,2.30749339299775
11,"n150_emweak_imbhig_corI0.5_corC0.25_bin",150,"weak","high",0.5,0.25,"binary","lor","stc","index",500,500,100,-0.113649275868651,0.113649275868651,-24.4781853631693,0.313674069959421,0.333332862505404,95.4,1.28528233032852,0.0140279308641658,0.00992917918881691,0.936845771725528,3.0213856562679
11,"n150_emweak_imbhig_corI0.5_corC0.25_bin",150,"weak","high",0.5,0.25,"binary","p_A","stc","comparator",500,500,100,-0.067747845519269,0.067747845519269,-11.3201062333486,0.0657122861806208,0.0943357775103188,87.6,0.272022120449605,0.00293874277713576,0.0020800860730331,1.47393351274744,0.491039680667053
11,"n150_emweak_imbhig_corI0.5_corC0.25_bin",150,"weak","high",0.5,0.25,"binary","p_A","stc","index",500,500,100,-0.00324369059763906,0.00324369059763906,-1.38278273849618,0.0299855230213771,0.0301306298702337,93.8,0.117763093151379,0.00134099335633368,0.000949175145998408,1.07848041243223,0.571664408105368
11,"n150_emweak_imbhig_corI0.5_corC0.25_bin",150,"weak","high",0.5,0.25,"binary","p_B","stc","comparator",500,500,100,-0.0038371286091374,0.0038371286091374,-0.856532903556264,0.0369049257836157,0.037067143887317,97.4,0.15858350476036,0.00165043845513499,0.0011682050132576,0.711674082709214,0.368414766904434
11,"n150_emweak_imbhig_corI0.5_corC0.25_bin",150,"weak","high",0.5,0.25,"binary","p_B","stc","index",500,500,100,0.0332006133946273,0.0332006133946273,20.5546071800079,0.0276773457963062,0.0432062973323005,99.2,0.160146486537244,0.00123776853274617,0.000876111072610894,0.39839678713564,0.766306503677112
11,"n150_emweak_imbhig_corI0.5_corC0.25_bin",150,"weak","high",0.5,0.25,"binary","rd","stc","comparator",500,500,100,-0.0639107169101316,0.0639107169101316,-42.4684739955574,0.0769653754767831,0.0999820054820097,89,0.314965203816337,0.00344199622959765,0.00243629639052542,1.39928553197694,2.28719586380201
11,"n150_emweak_imbhig_corI0.5_corC0.25_bin",150,"weak","high",0.5,0.25,"binary","rd","stc","index",500,500,100,0.0135259978594569,0.0135259978594569,18.5153027449872,0.0769653754767831,0.0780690354899539,95,0.314965203816337,0.00344199622959765,0.00243629639052542,0.974679434480897,4.71163775865508
11,"n150_emweak_imbhig_corI0.5_corC0.25_bin",150,"weak","high",0.5,0.25,"binary","log_rr","maic","comparator",500,500,100,-0.116398183559683,0.116398183559683,-40.1892281905957,0.155730608184687,0.194298881666661,94.4,0.663514825527365,0.0069644845215669,0.00492956626618589,1.02824121683582,2.40465314068761
11,"n150_emweak_imbhig_corI0.5_corC0.25_bin",150,"weak","high",0.5,0.25,"binary","log_rr","maic","index",500,500,100,-0.199903423488912,0.199903423488912,-53.5746575634922,0.155730608184687,0.253307909476804,83.4,0.663514825527365,0.0069644845215669,0.00492956626618589,1.66399519230075,1.86650066735793
11,"n150_emweak_imbhig_corI0.5_corC0.25_bin",150,"weak","high",0.5,0.25,"binary","lor","maic","comparator",500,500,100,-0.25821432005857,0.25821432005857,-42.474392216645,0.313531288602335,0.405930905793197,90.8,1.34388746596671,0.0140215454877585,0.00992465952393192,1.292563344676,2.30644304465955
11,"n150_emweak_imbhig_corI0.5_corC0.25_bin",150,"weak","high",0.5,0.25,"binary","lor","maic","index",500,500,100,-0.114572908958435,0.114572908958435,-24.6771207440285,0.313531288602335,0.333514942186963,96.6,1.34388746596671,0.0140215454877585,0.00992465952393192,0.810481338464989,3.02001035118024
11,"n150_emweak_imbhig_corI0.5_corC0.25_bin",150,"weak","high",0.5,0.25,"binary","p_A","maic","comparator",500,500,100,-0.0679732445424704,0.0679732445424704,-11.3577685511386,0.0656767734677837,0.0944731372910987,89,0.288480419225714,0.00293715460033638,0.00207896193775062,1.39928553197694,0.490774309422424
11,"n150_emweak_imbhig_corI0.5_corC0.25_bin",150,"weak","high",0.5,0.25,"binary","p_A","maic","index",500,500,100,-0.00324368989971436,0.00324368989971436,-1.38278244097144,0.0299855228177778,0.0301306295928856,94.4,0.119789587718255,0.00134099334722844,0.000949175139553584,1.02824121683582,0.571664404223812
11,"n150_emweak_imbhig_corI0.5_corC0.25_bin",150,"weak","high",0.5,0.25,"binary","p_B","maic","comparator",500,500,100,-0.0038371286091374,0.0038371286091374,-0.856532903556264,0.0369049257836157,0.037067143887317,97.4,0.15858350476036,0.00165043845513499,0.0011682050132576,0.711674082709214,0.368414766904434
11,"n150_emweak_imbhig_corI0.5_corC0.25_bin",150,"weak","high",0.5,0.25,"binary","p_B","maic","index",500,500,100,0.0332821478627816,0.0332821478627816,20.6050854330637,0.0276826526384824,0.0432723695324017,99.2,0.165158476175012,0.00123800586194321,0.000876279057764721,0.39839678713564,0.766453434950923
11,"n150_emweak_imbhig_corI0.5_corC0.25_bin",150,"weak","high",0.5,0.25,"binary","rd","maic","comparator",500,500,100,-0.0641361159333331,0.0641361159333331,-42.6182509503195,0.0769342730848156,0.100102377481021,90.6,0.329248245533048,0.0034406052883436,0.00243531186151068,1.30509769749241,2.28627158763469
11,"n150_emweak_imbhig_corI0.5_corC0.25_bin",150,"weak","high",0.5,0.25,"binary","rd","maic","index",500,500,100,0.0133005988362554,0.0133005988362554,18.206761283103,0.0769342730848156,0.0779996829464184,96,0.329248245533048,0.0034406052883436,0.00243531186151068,0.876356092008266,4.70973374398003
12,"n150_emstro_imbhig_corI0.5_corC0.25_bin",150,"strong","high",0.5,0.25,"binary","log_rr","spfa","comparator",500,500,100,-0.114263904326012,0.114263904326012,-47.593508863555,0.154016858695228,0.191650698429839,90.6,0.626532783439358,0.00688784331447017,0.00487531847398622,1.30509769749241,2.8689430294864
12,"n150_emstro_imbhig_corI0.5_corC0.25_bin",150,"strong","high",0.5,0.25,"binary","log_rr","spfa","index",500,500,100,0.151576837385424,0.151576837385424,362.55393784548,0.221050543989004,0.267845391865543,89.6,0.890202163430701,0.00988568085645439,0.00699723270506936,1.3651666564929,23.6453839822354
12,"n150_emstro_imbhig_corI0.5_corC0.25_bin",150,"strong","high",0.5,0.25,"binary","lor","spfa","comparator",500,500,100,-0.235100433012927,0.235100433012927,-45.5360470359285,0.31582490721681,0.393469306143866,90,1.26854844373983,0.014124119230487,0.00999726275255352,1.34164078649987,2.7356672609155
12,"n150_emstro_imbhig_corI0.5_corC0.25_bin",150,"strong","high",0.5,0.25,"binary","lor","spfa","index",500,500,100,0.186050220910216,0.186050220910216,342.768657350303,0.281045117502695,0.336813108498912,89.6,1.13191850632082,0.0125687197496089,0.00889632774614546,1.3651666564929,23.1559154947991
12,"n150_emstro_imbhig_corI0.5_corC0.25_bin",150,"strong","high",0.5,0.25,"binary","p_A","spfa","comparator",500,500,100,-0.061087690914062,0.061087690914062,-10.2072493286958,0.0689602214590597,0.0920744649759485,84.4,0.2611480029355,0.00308399485851794,0.00218289766781195,1.62273842624127,0.515310105493975
12,"n150_emstro_imbhig_corI0.5_corC0.25_bin",150,"strong","high",0.5,0.25,"binary","p_A","spfa","index",500,500,100,-0.0011316297606689,0.0011316297606689,-0.48241287271988,0.0289320517937309,0.0289252498635426,96.6,0.1165510284165,0.00129388069078654,0.000915828096971004,0.810481338464989,0.551580316012692
12,"n150_emstro_imbhig_corI0.5_corC0.25_bin",150,"strong","high",0.5,0.25,"binary","p_B","spfa","comparator",500,500,100,-0.00196465583510942,0.00196465583510942,-0.41735747920675,0.0353342896292635,0.03535356943942,97.8,0.158291501502,0.00158019747095398,0.00111848739452356,0.655987804764693,0.335685885202128
12,"n150_emstro_imbhig_corI0.5_corC0.25_bin",150,"strong","high",0.5,0.25,"binary","p_B","spfa","index",500,500,100,-0.029048424992232,0.029048424992232,-12.9120183792342,0.0366761229954626,0.0467574455729959,84.6,0.14656181259495,0.00164020608337995,0.00116096238755135,1.6142118820031,0.729071235359476
12,"n150_emstro_imbhig_corI0.5_corC0.25_bin",150,"strong","high",0.5,0.25,"binary","rd","spfa","comparator",500,500,100,-0.059123035076073,0.059123035076073,-46.285101949755,0.0761904481145695,0.0963789795118088,90,0.305805335263849,0.00340734042440696,0.00241176649349335,1.34164078649987,2.66747298609206
12,"n150_emstro_imbhig_corI0.5_corC0.25_bin",150,"strong","high",0.5,0.25,"binary","rd","spfa","index",500,500,100,0.0279167952309778,0.0279167952309778,290.647608402741,0.046705473821226,0.0543726580025645,89.6,0.189379233429116,0.00208873228771196,0.00147843594062316,1.3651666564929,21.7462297872722
12,"n150_emstro_imbhig_corI0.5_corC0.25_bin",150,"strong","high",0.5,0.25,"binary","log_rr","relaxed","comparator",500,500,100,-0.116251049562412,0.116251049562412,-48.42119994395,0.15585972992248,0.194314120498351,89.8,0.626178229416434,0.00697025902122846,0.00493365354337742,1.35348439222623,2.90327104140962
12,"n150_emstro_imbhig_corI0.5_corC0.25_bin",150,"strong","high",0.5,0.25,"binary","log_rr","relaxed","index",500,500,100,-0.297966228264695,0.297966228264695,-712.700114778345,0.246224640450496,0.386379597810411,76.4,0.940850414570202,0.0110115006756551,0.00779410480455484,1.89896814085966,26.338212357575
12,"n150_emstro_imbhig_corI0.5_corC0.25_bin",150,"strong","high",0.5,0.25,"binary","lor","relaxed","comparator",500,500,100,-0.239238227211847,0.239238227211847,-46.33748661157,0.318373137613106,0.397987011350338,88.4,1.26642473317786,0.014238079558256,0.0100779255763008,1.43208938268531,2.75773996737126
12,"n150_emstro_imbhig_corI0.5_corC0.25_bin",150,"strong","high",0.5,0.25,"binary","lor","relaxed","index",500,500,100,-0.420485722013696,0.420485722013696,-774.679684143783,0.343394087640562,0.542671081636952,76.6,1.32238110884796,0.0153570504607163,0.0108699499101234,1.89337793374698,28.2929820858468
12,"n150_emstro_imbhig_corI0.5_corC0.25_bin",150,"strong","high",0.5,0.25,"binary","p_A","relaxed","comparator",500,500,100,-0.0629911768918487,0.0629911768918487,-10.5253061365113,0.0691656787198854,0.0934997951697062,83.8,0.2624147893875,0.00309318318655149,0.00218940130376326,1.6477621187538,0.516845399327296
12,"n150_emstro_imbhig_corI0.5_corC0.25_bin",150,"strong","high",0.5,0.25,"binary","p_A","relaxed","index",500,500,100,-0.00112327506604557,0.00112327506604557,-0.478851273004125,0.0288781677831947,0.0288711347930648,96.8,0.116827426878,0.00129147092457735,0.000914122428421176,0.787095928079926,0.550553034581997
12,"n150_emstro_imbhig_corI0.5_corC0.25_bin",150,"strong","high",0.5,0.25,"binary","p_B","relaxed","comparator",500,500,100,-0.00290720647736942,0.00290720647736942,-0.617586218026251,0.0353533569911386,0.0354374375532976,97.4,0.1534826426025,0.00158105018930007,0.0011190909613174,0.711674082709214,0.335867030608381
12,"n150_emstro_imbhig_corI0.5_corC0.25_bin",150,"strong","high",0.5,0.25,"binary","p_B","relaxed","index",500,500,100,0.0837995917597107,0.0837995917597107,37.2488996998307,0.0599258207907055,0.102986860174194,68.8,0.235652844733,0.00267996417790975,0.00189691871165768,2.071984555927,1.19124347465012
12,"n150_emstro_imbhig_corI0.5_corC0.25_bin",150,"strong","high",0.5,0.25,"binary","rd","relaxed","comparator",500,500,100,-0.060083970418212,0.060083970418212,-47.0373804858755,0.0768319475382045,0.0974752551543465,88.4,0.305125570835268,0.00343602915078246,0.00243207280292982,1.43208938268531,2.68993226314693
12,"n150_emstro_imbhig_corI0.5_corC0.25_bin",150,"strong","high",0.5,0.25,"binary","rd","relaxed","index",500,500,100,-0.0849228668203692,0.0849228668203692,-884.149772057494,0.0678671623712934,0.108667534866054,76.8,0.264574922833245,0.00303511177004456,0.00214829748696882,1.88772879408034,31.5991850031405
12,"n150_emstro_imbhig_corI0.5_corC0.25_bin",150,"strong","high",0.5,0.25,"binary","log_rr","naive","comparator",500,500,100,-0.940080183393635,0.940080183393635,-391.56472732756,0.149598399192533,0.951885325492676,0,0.677704490837085,0.00669024379839309,0.00473545458231529,0,2.78663834739698
12,"n150_emstro_imbhig_corI0.5_corC0.25_bin",150,"strong","high",0.5,0.25,"binary","log_rr","naive","index",500,500,100,-0.741805303664014,0.741805303664014,-1774.31089470608,0.149598399192533,0.756710004045768,0.2,0.677704490837085,0.00669024379839309,0.00473545458231529,0.199799899899875,16.0022749919636
12,"n150_emstro_imbhig_corI0.5_corC0.25_bin",150,"strong","high",0.5,0.25,"binary","lor","naive","comparator",500,500,100,-1.58268877045402,1.58268877045402,-306.547246089792,0.220119301740672,1.59789215722028,0,0.996258766813787,0.00984403443703862,0.0069677547467763,0,1.9066677564292
12,"n150_emstro_imbhig_corI0.5_corC0.25_bin",150,"strong","high",0.5,0.25,"binary","lor","naive","index",500,500,100,-1.12067220926156,1.12067220926156,-2064.66461915009,0.220119301740672,1.14204281994853,0.2,0.996258766813787,0.00984403443703862,0.0069677547467763,0.199799899899875,18.136105672899
12,"n150_emstro_imbhig_corI0.5_corC0.25_bin",150,"strong","high",0.5,0.25,"binary","p_A","naive","comparator",500,500,100,-0.364993584282155,0.364993584282155,-60.987417635141,0.0288960513875825,0.366133347824747,0,0.134954148959211,0.00129227070367923,0.000914688524026502,0,0.215927776533239
12,"n150_emstro_imbhig_corI0.5_corC0.25_bin",150,"strong","high",0.5,0.25,"binary","p_A","naive","index",500,500,100,-0.00109702409321823,0.00109702409321823,-0.467660504032264,0.0288960513875825,0.0288879781930706,97.4,0.134954148959211,0.00129227070367923,0.000914688524026502,0.711674082709214,0.550893979781113
12,"n150_emstro_imbhig_corI0.5_corC0.25_bin",150,"strong","high",0.5,0.25,"binary","p_B","naive","comparator",500,500,100,-0.00289694206787608,0.00289694206787608,-0.615405720050407,0.0352722805991964,0.035355873408187,97.8,0.159297290650594,0.001577424342825,0.0011165245329745,0.655987804764693,0.335096781632565
12,"n150_emstro_imbhig_corI0.5_corC0.25_bin",150,"strong","high",0.5,0.25,"binary","p_B","naive","index",500,500,100,0.242868007712959,0.242868007712959,107.954774833965,0.0352722805991964,0.245410909866642,0,0.159297290650594,0.001577424342825,0.0011165245329745,0,0.701164765795546
12,"n150_emstro_imbhig_corI0.5_corC0.25_bin",150,"strong","high",0.5,0.25,"binary","rd","naive","comparator",500,500,100,-0.362096642214279,0.362096642214279,-283.471238900158,0.0461794800495218,0.365023639771104,0,0.208828995874421,0.00206520913112652,0.00146178589871141,0,1.61677111228751
12,"n150_emstro_imbhig_corI0.5_corC0.25_bin",150,"strong","high",0.5,0.25,"binary","rd","naive","index",500,500,100,-0.243965031806178,0.243965031806178,-2539.97109774554,0.0461794800495218,0.248288574108995,0.2,0.208828995874421,0.00206520913112652,0.00146178589871141,0.199799899899875,21.5013252720126
12,"n150_emstro_imbhig_corI0.5_corC0.25_bin",150,"strong","high",0.5,0.25,"binary","log_rr","stc","comparator",500,500,100,-0.109092830370788,0.109092830370788,-45.4396392266494,0.1525933831958,0.18745510596476,93.2,0.622090200588965,0.00682418355484965,0.00483025914438802,1.12584190719657,2.84242729512897
12,"n150_emstro_imbhig_corI0.5_corC0.25_bin",150,"strong","high",0.5,0.25,"binary","log_rr","stc","index",500,500,100,0.0891820493588336,0.0891820493588336,213.31295558014,0.1525933831958,0.17661146350617,89,0.622090200588965,0.00682418355484965,0.00483025914438802,1.39928553197694,16.3226431100417
12,"n150_emstro_imbhig_corI0.5_corC0.25_bin",150,"strong","high",0.5,0.25,"binary","lor","stc","comparator",500,500,100,-0.23823052915052,0.23823052915052,-46.1423079565138,0.313929411778847,0.393837983500817,90.2,1.28044937332241,0.0140393500974805,0.00993726189287916,1.32963152790538,2.71924852795821
12,"n150_emstro_imbhig_corI0.5_corC0.25_bin",150,"strong","high",0.5,0.25,"binary","lor","stc","index",500,500,100,0.223786032041948,0.223786032041948,412.291032827032,0.313929411778847,0.385272319750242,89,1.28044937332241,0.0140393500974805,0.00993726189287916,1.39928553197694,25.8653236714324
12,"n150_emstro_imbhig_corI0.5_corC0.25_bin",150,"strong","high",0.5,0.25,"binary","p_A","stc","comparator",500,500,100,-0.062054090411918,0.062054090411918,-10.3687267143711,0.0693470874457078,0.0930059709748719,85.2,0.270159858657717,0.0031012960314045,0.00219514369664048,1.58805541465026,0.518200988791238
12,"n150_emstro_imbhig_corI0.5_corC0.25_bin",150,"strong","high",0.5,0.25,"binary","p_A","stc","index",500,500,100,-0.0010970239802741,0.0010970239802741,-0.467660455884269,0.0288960513126488,0.0288879781139768,96.6,0.11777288381516,0.00129227070032809,0.000914688521654516,0.810481338464989,0.550893978352526
12,"n150_emstro_imbhig_corI0.5_corC0.25_bin",150,"strong","high",0.5,0.25,"binary","p_B","stc","comparator",500,500,100,-0.00289694206787608,0.00289694206787608,-0.615405720050407,0.0352722805991964,0.035355873408187,97.8,0.159297290650594,0.001577424342825,0.0011165245329745,0.655987804764693,0.335096781632565
12,"n150_emstro_imbhig_corI0.5_corC0.25_bin",150,"strong","high",0.5,0.25,"binary","p_B","stc","index",500,500,100,-0.0198472250081272,0.0198472250081272,-8.82208705464288,0.0283064966080862,0.0345480473434661,95.6,0.165813084740037,0.00126590501241096,0.000896026493569219,0.917213170424412,0.562694493453121
12,"n150_emstro_imbhig_corI0.5_corC0.25_bin",150,"strong","high",0.5,0.25,"binary","rd","stc","comparator",500,500,100,-0.0591571483440419,0.0591571483440419,-46.3118078873604,0.0769558397689074,0.0970047682961392,89.6,0.313753190511566,0.00344156977977718,0.00243599454296689,1.3651666564929,2.69426980396425
12,"n150_emstro_imbhig_corI0.5_corC0.25_bin",150,"strong","high",0.5,0.25,"binary","rd","stc","index",500,500,100,0.0589744620640598,0.0589744620640598,613.995489594626,0.0769558397689074,0.0968934675183725,88.2,0.313753190511566,0.00344156977977717,0.00243599454296689,1.44274737913468,35.8309045636234
12,"n150_emstro_imbhig_corI0.5_corC0.25_bin",150,"strong","high",0.5,0.25,"binary","log_rr","maic","comparator",500,500,100,-0.109515536493202,0.109515536493202,-45.6157059180731,0.152576679534452,0.187687870105869,94.8,0.647996631180685,0.00682343654440473,0.004829730399227,0.992935043192656,2.84211614832858
12,"n150_emstro_imbhig_corI0.5_corC0.25_bin",150,"strong","high",0.5,0.25,"binary","log_rr","maic","index",500,500,100,0.0887593432364186,0.0887593432364186,212.301892334089,0.152576679534452,0.176383969972455,90.2,0.647996631180685,0.00682343654440473,0.004829730399227,1.32963152790538,16.3208563490623
12,"n150_emstro_imbhig_corI0.5_corC0.25_bin",150,"strong","high",0.5,0.25,"binary","lor","maic","comparator",500,500,100,-0.239169501649532,0.239169501649532,-46.3241753198891,0.313767963209391,0.394278435355501,90.6,1.34045303613013,0.014032129897957,0.00993215132771159,1.30509769749241,2.71785006458281
12,"n150_emstro_imbhig_corI0.5_corC0.25_bin",150,"strong","high",0.5,0.25,"binary","lor","maic","index",500,500,100,0.222847059542936,0.222847059542936,410.561121724532,0.313767963209391,0.384596211648048,90.8,1.34045303613013,0.014032129897957,0.00993215132771159,1.292563344676,25.8520215743731
12,"n150_emstro_imbhig_corI0.5_corC0.25_bin",150,"strong","high",0.5,0.25,"binary","p_A","maic","comparator",500,500,100,-0.0622821598609005,0.0622821598609005,-10.4068352382846,0.0693078403901385,0.093129141642155,86.8,0.286924079739385,0.0030995408497211,0.00219390135280431,1.51377673386798,0.517907712407871
12,"n150_emstro_imbhig_corI0.5_corC0.25_bin",150,"strong","high",0.5,0.25,"binary","p_A","maic","index",500,500,100,-0.00109702331520038,0.00109702331520038,-0.467660172363871,0.0288960510804182,0.0288879778568897,97,0.119785101704413,0.00129227068994243,0.000914688514303386,0.762889244910426,0.550893973925125
12,"n150_emstro_imbhig_corI0.5_corC0.25_bin",150,"strong","high",0.5,0.25,"binary","p_B","maic","comparator",500,500,100,-0.00289694206787608,0.00289694206787608,-0.615405720050407,0.0352722805991964,0.035355873408187,97.8,0.159297290650594,0.001577424342825,0.0011165245329745,0.655987804764693,0.335096781632565
12,"n150_emstro_imbhig_corI0.5_corC0.25_bin",150,"strong","high",0.5,0.25,"binary","p_B","maic","index",500,500,100,-0.0197614284962597,0.0197614284962597,-8.78395052440402,0.0283111957780306,0.0345026783740335,96.6,0.171112447469287,0.00126611516567963,0.000896175243194661,0.810481338464989,0.562787906533806
12,"n150_emstro_imbhig_corI0.5_corC0.25_bin",150,"strong","high",0.5,0.25,"binary","rd","maic","comparator",500,500,100,-0.0593852177930244,0.0593852177930244,-46.4903545009467,0.076921377315349,0.0971167780758765,90.6,0.328248834203681,0.00344002857200061,0.00243490365306097,1.30509769749241,2.69306325293093
12,"n150_emstro_imbhig_corI0.5_corC0.25_bin",150,"strong","high",0.5,0.25,"binary","rd","maic","index",500,500,100,0.0587463926150773,0.0587463926150773,611.62101074245,0.076921377315349,0.0967274683675682,89.4,0.328248834203681,0.00344002857200061,0.00243490365306097,1.37669168661687,35.81485872632
